"date","difficulty","median_sec","vs_weekday"
"2015-01-01","Average",1475,-17
"2015-01-02","Average",1858,-12
"2015-01-03","Hard",61,1
"2015-01-04","Hard",94,11
"2015-01-05","Easy",548,-18
"2015-01-06","Very Easy",704,-38
"2015-01-07","Average",1848,-3
"2015-01-08","Very Hard",62,55
"2015-01-09","Hard",2705,3
"2015-01-10","Hard",3555,1
"2015-01-11","Average",79,-5
"2015-01-12","Hard",914,4
"2015-01-13","Easy",649,-26
"2015-01-14","Very Easy",738,-39
"2015-01-15","Hard",3320,11
"2015-01-16","Hard",3296,8
"2015-01-17","Hard",63,12
"2015-01-18","Hard",90,1
"2015-01-19","Average",675,-2
"2015-01-20","Average",1152,-8
"2015-01-21","Very Hard",2614,17
"2015-01-22","Hard",3078,0
"2015-01-23","Hard",3331,8
"2015-01-24","Hard",3381,3
"2015-01-25","Average",2682,-17
"2015-01-26","Average",589,-8
"2015-01-27","Average",851,-12
"2015-01-28","Average",1357,-4
"2015-01-29","Very Easy",1342,-31
"2015-01-30","Easy",1429,-26
"2015-01-31","Very Hard",70,31
"2015-02-01","Hard",94,10
"2015-02-02","Hard",1189,9
"2015-02-03","Hard",1140,2
"2015-02-04","Hard",1720,5
"2015-02-05","Easy",1415,-27
"2015-02-06","Very Hard",62,38
"2015-02-07","Hard",64,12
"2015-02-08","Average",65,-7
"2015-02-09","Average",609,-12
"2015-02-10","Average",814,-14
"2015-02-11","Average",999,-16
"2015-02-12","Hard",3076,-1
"2015-02-13","Average",2022,-13
"2015-02-14","Average",2571,-13
"2015-02-15","Average",3399,-9
"2015-02-16","Average",590,-12
"2015-02-17","Easy",644,-27
"2015-02-18","Very Easy",667,-39
"2015-02-19","Average",2174,-10
"2015-02-20","Easy",1608,-20
"2015-02-21","Hard",60,10
"2015-02-22","Average",2923,-13
"2015-02-23","Very Easy",428,-38
"2015-02-24","Hard",1032,-1
"2015-02-25","Average",1068,-16
"2015-02-26","Hard",2720,-1
"2015-02-27","Average",2078,-9
"2015-02-28","Average",3533,-1
"2015-03-01","Average",85,-5
"2015-03-02","Hard",1730,5
"2015-03-03","Easy",732,-23
"2015-03-04","Hard",2083,4
"2015-03-05","Very Easy",1273,-31
"2015-03-06","Average",2200,-5
"2015-03-07","Hard",67,12
"2015-03-08","Hard",96,12
"2015-03-09","Average",537,-14
"2015-03-10","Hard",1037,0
"2015-03-11","Hard",1929,9
"2015-03-12","Easy",1319,-20
"2015-03-13","Average",1783,-13
"2015-03-14","Very Easy",2070,-32
"2015-03-15","Very Hard",98,15
"2015-03-16","Average",541,-14
"2015-03-17","Average",863,-8
"2015-03-18","Very Easy",781,-29
"2015-03-19","Average",1537,-14
"2015-03-20","Hard",2953,1
"2015-03-21","Hard",62,1
"2015-03-22","Average",2972,-11
"2015-03-23","Easy",548,-18
"2015-03-24","Average",913,-5
"2015-03-25","Very Hard",2845,33
"2015-03-26","Easy",1300,-22
"2015-03-27","Average",2954,-10
"2015-03-28","Very Easy",1713,-30
"2015-03-29","Very Hard",111,42
"2015-03-30","Easy",507,-18
"2015-03-31","Easy",662,-21
"2015-04-01","Average",1218,-6
"2015-04-02","Hard",2725,9
"2015-04-03","Average",1859,-9
"2015-04-04","Average",3560,-5
"2015-04-05","Hard",90,5
"2015-04-06","Average",534,-10
"2015-04-07","Easy",617,-22
"2015-04-08","Average",1011,-18
"2015-04-09","Very Hard",3182,31
"2015-04-10","Average",2265,-10
"2015-04-11","Hard",64,4
"2015-04-12","Average",63,-9
"2015-04-13","Hard",791,5
"2015-04-14","Very Hard",2846,35
"2015-04-15","Very Hard",2275,21
"2015-04-16","Average",1432,-18
"2015-04-17","Hard",2271,-1
"2015-04-18","Average",3227,-9
"2015-04-19","Very Hard",106,21
"2015-04-20","Average",842,-2
"2015-04-21","Very Hard",1767,20
"2015-04-22","Average",1236,-13
"2015-04-23","Hard",2614,0
"2015-04-24","Very Hard",64,29
"2015-04-25","Average",2414,-14
"2015-04-26","Easy",2737,-24
"2015-04-27","Hard",843,6
"2015-04-28","Hard",1279,11
"2015-04-29","Average",1251,-3
"2015-04-30","Average",1589,-5
"2015-05-01","Hard",2308,3
"2015-05-02","Hard",60,5
"2015-05-03","Hard",97,4
"2015-05-04","Average",654,-2
"2015-05-05","Hard",1610,10
"2015-05-06","Average",1379,-3
"2015-05-07","Hard",3385,13
"2015-05-08","Average",2114,-4
"2015-05-09","Very Easy",1603,-34
"2015-05-10","Hard",96,6
"2015-05-11","Very Easy",379,-41
"2015-05-12","Hard",1400,1
"2015-05-13","Average",976,-15
"2015-05-14","Very Hard",3434,29
"2015-05-15","Hard",3452,9
"2015-05-16","Hard",62,14
"2015-05-17","Very Easy",1950,-43
"2015-05-18","Easy",479,-20
"2015-05-19","Average",1179,-1
"2015-05-20","Easy",865,-26
"2015-05-21","Average",2929,-5
"2015-05-22","Very Easy",1074,-44
"2015-05-23","Average",2208,-18
"2015-05-24","Very Hard",113,22
"2015-05-25","Average",538,-8
"2015-05-26","Average",1023,-7
"2015-05-27","Easy",794,-26
"2015-05-28","Hard",2266,6
"2015-05-29","Average",2487,-2
"2015-05-30","Very Easy",1769,-30
"2015-05-31","Average",3137,-17
"2015-06-01","Average",542,-8
"2015-06-02","Easy",788,-19
"2015-06-03","Average",952,-13
"2015-06-04","Average",1743,-16
"2015-06-05","Average",1935,-12
"2015-06-06","Hard",3547,11
"2015-06-07","Easy",63,-21
"2015-06-08","Average",633,-9
"2015-06-09","Very Easy",641,-35
"2015-06-10","Average",1183,-7
"2015-06-11","Average",1757,-8
"2015-06-12","Hard",3150,2
"2015-06-13","Average",2579,-6
"2015-06-14","Average",89,-3
"2015-06-15","Hard",793,3
"2015-06-16","Average",1010,-4
"2015-06-17","Hard",1184,7
"2015-06-18","Average",2253,-1
"2015-06-19","Average",2228,-6
"2015-06-20","Easy",1686,-28
"2015-06-21","Hard",82,5
"2015-06-22","Average",495,-15
"2015-06-23","Average",1125,-7
"2015-06-24","Average",1004,-12
"2015-06-25","Average",1858,-6
"2015-06-26","Easy",1452,-26
"2015-06-27","Hard",62,12
"2015-06-28","Easy",2541,-24
"2015-06-29","Average",506,-11
"2015-06-30","Very Easy",626,-33
"2015-07-01","Hard",1119,0
"2015-07-02","Very Hard",65,36
"2015-07-03","Easy",1410,-22
"2015-07-04","Average",1925,-18
"2015-07-05","Average",3238,-15
"2015-07-06","Easy",492,-19
"2015-07-07","Average",1118,-1
"2015-07-08","Average",1024,-10
"2015-07-09","Hard",2915,0
"2015-07-10","Average",2341,-1
"2015-07-11","Hard",3300,5
"2015-07-12","Average",3599,-9
"2015-07-13","Average",526,-4
"2015-07-14","Average",866,-14
"2015-07-15","Hard",1518,3
"2015-07-16","Average",1968,-16
"2015-07-17","Average",1665,-15
"2015-07-18","Average",2330,-9
"2015-07-19","Hard",84,7
"2015-07-20","Average",577,-5
"2015-07-21","Hard",1077,3
"2015-07-22","Easy",795,-22
"2015-07-23","Very Hard",65,38
"2015-07-24","Average",1575,-17
"2015-07-25","Very Hard",3506,14
"2015-07-26","Hard",89,2
"2015-07-27","Easy",470,-17
"2015-07-28","Hard",1136,0
"2015-07-29","Average",988,-7
"2015-07-30","Hard",3361,6
"2015-07-31","Hard",2494,13
"2015-08-01","Average",2880,-3
"2015-08-02","Average",3391,-6
"2015-08-03","Hard",1052,14
"2015-08-04","Average",854,-14
"2015-08-05","Very Hard",1310,16
"2015-08-06","Easy",1530,-27
"2015-08-07","Easy",1341,-19
"2015-08-08","Very Hard",63,21
"2015-08-09","Easy",2837,-19
"2015-08-10","Average",620,1
"2015-08-11","Average",668,-16
"2015-08-12","Average",899,-16
"2015-08-13","Hard",61,14
"2015-08-14","Average",2383,-1
"2015-08-15","Average",3147,-1
"2015-08-16","Average",80,-2
"2015-08-17","Hard",655,1
"2015-08-18","Very Hard",3065,34
"2015-08-19","Average",868,-11
"2015-08-20","Average",2069,-9
"2015-08-21","Average",1507,-11
"2015-08-22","Average",2787,-8
"2015-08-23","Average",2949,-8
"2015-08-24","Hard",696,7
"2015-08-25","Hard",1368,7
"2015-08-26","Average",962,-12
"2015-08-27","Very Easy",1099,-47
"2015-08-28","Hard",1765,1
"2015-08-29","Average",2374,-8
"2015-08-30","Average",3359,-9
"2015-08-31","Average",535,-11
"2015-09-01","Average",748,-8
"2015-09-02","Average",1005,-16
"2015-09-03","Average",2267,-8
"2015-09-04","Average",1725,-3
"2015-09-05","Very Hard",68,25
"2015-09-06","Hard",65,1
"2015-09-07","Easy",487,-20
"2015-09-08","Average",929,-3
"2015-09-09","Average",1093,-6
"2015-09-10","Easy",1599,-24
"2015-09-11","Hard",1806,1
"2015-09-12","Hard",60,3
"2015-09-13","Hard",77,12
"2015-09-14","Average",492,-14
"2015-09-15","Easy",663,-19
"2015-09-16","Hard",1109,4
"2015-09-17","Hard",2894,5
"2015-09-18","Easy",1328,-22
"2015-09-19","Very Hard",65,14
"2015-09-20","Average",83,-5
"2015-09-21","Average",546,-7
"2015-09-22","Easy",691,-27
"2015-09-23","Hard",1210,6
"2015-09-24","Easy",1519,-21
"2015-09-25","Average",2193,-1
"2015-09-26","Hard",3469,2
"2015-09-27","Very Hard",100,23
"2015-09-28","Average",570,-4
"2015-09-29","Easy",693,-21
"2015-09-30","Very Easy",651,-35
"2015-10-01","Average",1837,-14
"2015-10-02","Hard",2100,3
"2015-10-03","Hard",61,9
"2015-10-04","Hard",62,1
"2015-10-05","Average",577,-11
"2015-10-06","Easy",702,-20
"2015-10-07","Easy",905,-22
"2015-10-08","Average",2031,-1
"2015-10-09","Average",2887,-5
"2015-10-10","Average",61,-1
"2015-10-11","Hard",3540,-1
"2015-10-12","Very Easy",366,-47
"2015-10-13","Very Hard",2971,45
"2015-10-14","Average",1005,-9
"2015-10-15","Very Hard",3408,36
"2015-10-16","Average",2375,-1
"2015-10-17","Average",3161,-15
"2015-10-18","Hard",63,2
"2015-10-19","Hard",674,3
"2015-10-20","Very Easy",504,-44
"2015-10-21","Average",1042,-3
"2015-10-22","Average",1605,-10
"2015-10-23","Average",1714,-2
"2015-10-24","Easy",1982,-22
"2015-10-25","Average",90,-3
"2015-10-26","Average",538,-10
"2015-10-27","Very Easy",633,-34
"2015-10-28","Very Hard",1739,24
"2015-10-29","Very Easy",1116,-35
"2015-10-30","Very Hard",3544,28
"2015-10-31","Very Easy",1457,-41
"2015-11-01","Average",2922,-18
"2015-11-02","Average",557,-14
"2015-11-03","Very Hard",1478,24
"2015-11-04","Easy",726,-26
"2015-11-05","Average",2001,-6
"2015-11-06","Average",2044,-11
"2015-11-07","Easy",2229,-25
"2015-11-08","Very Hard",98,15
"2015-11-09","Very Hard",2831,29
"2015-11-10","Easy",792,-17
"2015-11-11","Average",1057,-11
"2015-11-12","Hard",2957,13
"2015-11-13","Easy",1415,-19
"2015-11-14","Easy",2083,-20
"2015-11-15","Average",78,-6
"2015-11-16","Very Easy",428,-30
"2015-11-17","Average",1341,-3
"2015-11-18","Average",959,-13
"2015-11-19","Average",2098,-2
"2015-11-20","Hard",1999,2
"2015-11-21","Very Easy",1494,-33
"2015-11-22","Average",3264,-14
"2015-11-23","Average",628,-1
"2015-11-24","Average",1033,-14
"2015-11-25","Easy",796,-25
"2015-11-26","Average",3173,-6
"2015-11-27","Easy",1256,-28
"2015-11-28","Average",2957,-1
"2015-11-29","Hard",66,0
"2015-11-30","Very Easy",439,-30
"2015-12-01","Average",786,-13
"2015-12-02","Hard",1524,11
"2015-12-03","Average",1851,-3
"2015-12-04","Average",1496,-14
"2015-12-05","Hard",3328,11
"2015-12-06","Easy",2818,-19
"2015-12-07","Average",648,-9
"2015-12-08","Easy",673,-20
"2015-12-09","Easy",787,-17
"2015-12-10","Hard",2621,4
"2015-12-11","Hard",2449,4
"2015-12-12","Average",2060,-16
"2015-12-13","Average",3259,-17
"2015-12-14","Hard",843,12
"2015-12-15","Average",973,1
"2015-12-16","Very Hard",1727,17
"2015-12-17","Hard",3515,11
"2015-12-18","Very Hard",3401,31
"2015-12-19","Average",2868,-1
"2015-12-20","Average",69,-4
"2015-12-21","Very Easy",381,-46
"2015-12-22","Average",924,-7
"2015-12-23","Easy",739,-27
"2015-12-24","Very Easy",1240,-39
"2015-12-25","Easy",1402,-24
"2015-12-26","Very Easy",1329,-34
"2015-12-27","Easy",2438,-20
"2015-12-28","Average",586,-9
"2015-12-29","Average",942,-2
"2015-12-30","Average",798,-13
"2015-12-31","Easy",1472,-19
"2016-01-01","Average",1503,-17
"2016-01-02","Average",1683,-14
"2016-01-03","Hard",73,10
"2016-01-04","Average",577,-6
"2016-01-05","Average",758,-13
"2016-01-06","Average",1143,-12
"2016-01-07","Very Hard",3527,20
"2016-01-08","Very Hard",3206,22
"2016-01-09","Very Hard",65,43
"2016-01-10","Average",3450,-6
"2016-01-11","Easy",510,-17
"2016-01-12","Average",916,-4
"2016-01-13","Very Hard",1655,34
"2016-01-14","Hard",2937,5
"2016-01-15","Easy",1589,-20
"2016-01-16","Hard",3253,10
"2016-01-17","Hard",82,9
"2016-01-18","Average",515,-15
"2016-01-19","Average",834,-2
"2016-01-20","Average",1211,-1
"2016-01-21","Very Easy",932,-51
"2016-01-22","Average",1668,-5
"2016-01-23","Very Easy",1562,-30
"2016-01-24","Hard",71,3
"2016-01-25","Very Easy",390,-47
"2016-01-26","Very Easy",584,-32
"2016-01-27","Average",1169,0
"2016-01-28","Average",2052,-2
"2016-01-29","Average",1837,-3
"2016-01-30","Hard",3211,13
"2016-01-31","Hard",3300,2
"2016-02-01","Hard",712,6
"2016-02-02","Average",788,-12
"2016-02-03","Very Easy",591,-51
"2016-02-04","Average",2101,-4
"2016-02-05","Average",2055,-8
"2016-02-06","Hard",2452,1
"2016-02-07","Hard",92,9
"2016-02-08","Hard",647,5
"2016-02-09","Easy",692,-24
"2016-02-10","Very Easy",573,-48
"2016-02-11","Easy",1541,-22
"2016-02-12","Average",2040,-4
"2016-02-13","Average",1852,-11
"2016-02-14","Average",63,-5
"2016-02-15","Hard",725,7
"2016-02-16","Hard",1160,5
"2016-02-17","Average",1078,-2
"2016-02-18","Average",3044,-6
"2016-02-19","Very Hard",2822,17
"2016-02-20","Hard",2503,4
"2016-02-21","Average",2721,-11
"2016-02-22","Average",597,-3
"2016-02-23","Hard",1188,8
"2016-02-24","Hard",1792,14
"2016-02-25","Easy",1444,-21
"2016-02-26","Very Hard",3381,21
"2016-02-27","Hard",2959,-1
"2016-02-28","Average",3524,-11
"2016-02-29","Easy",442,-24
"2016-03-01","Easy",660,-19
"2016-03-02","Average",916,-11
"2016-03-03","Hard",2920,8
"2016-03-04","Average",2477,-3
"2016-03-05","Hard",2741,1
"2016-03-06","Average",80,-2
"2016-03-07","Very Hard",1423,20
"2016-03-08","Easy",656,-18
"2016-03-09","Very Hard",2060,39
"2016-03-10","Hard",3150,6
"2016-03-11","Hard",3214,9
"2016-03-12","Average",1968,-9
"2016-03-13","Easy",2496,-21
"2016-03-14","Average",670,1
"2016-03-15","Average",740,-13
"2016-03-16","Very Easy",655,-36
"2016-03-17","Very Easy",1199,-28
"2016-03-18","Very Easy",1333,-30
"2016-03-19","Hard",3361,12
"2016-03-20","Easy",2489,-28
"2016-03-21","Average",572,-6
"2016-03-22","Hard",928,2
"2016-03-23","Average",1088,-4
"2016-03-24","Average",1992,-4
"2016-03-25","Easy",1334,-26
"2016-03-26","Average",2507,-6
"2016-03-27","Hard",74,7
"2016-03-28","Average",564,-14
"2016-03-29","Hard",1030,8
"2016-03-30","Very Easy",671,-27
"2016-03-31","Very Easy",919,-38
"2016-04-01","Easy",1610,-19
"2016-04-02","Easy",1532,-27
"2016-04-03","Hard",62,-1
"2016-04-04","Average",582,-6
"2016-04-05","Average",879,-4
"2016-04-06","Hard",1204,14
"2016-04-07","Very Hard",3030,17
"2016-04-08","Hard",3094,12
"2016-04-09","Hard",2678,6
"2016-04-10","Average",64,-3
"2016-04-11","Average",607,-12
"2016-04-12","Hard",1139,15
"2016-04-13","Very Hard",2258,52
"2016-04-14","Average",2049,0
"2016-04-15","Average",1842,-8
"2016-04-16","Hard",2524,2
"2016-04-17","Average",2695,-17
"2016-04-18","Easy",549,-17
"2016-04-19","Hard",1160,10
"2016-04-20","Average",1194,-4
"2016-04-21","Average",1364,-16
"2016-04-22","Very Easy",1054,-46
"2016-04-23","Average",2049,-15
"2016-04-24","Average",2590,-10
"2016-04-25","Hard",832,7
"2016-04-26","Very Easy",595,-32
"2016-04-27","Hard",1589,6
"2016-04-28","Very Hard",2821,25
"2016-04-29","Easy",1317,-28
"2016-04-30","Very Hard",72,48
"2016-05-01","Hard",65,8
"2016-05-02","Average",583,-13
"2016-05-03","Average",984,-2
"2016-05-04","Very Hard",1682,24
"2016-05-05","Very Hard",3448,30
"2016-05-06","Average",1912,-6
"2016-05-07","Easy",1544,-29
"2016-05-08","Very Hard",100,28
"2016-05-09","Average",677,-2
"2016-05-10","Hard",1043,9
"2016-05-11","Very Easy",607,-47
"2016-05-12","Easy",1451,-23
"2016-05-13","Average",1547,-10
"2016-05-14","Hard",2835,0
"2016-05-15","Average",2759,-9
"2016-05-16","Average",568,-14
"2016-05-17","Hard",1408,13
"2016-05-18","Very Easy",783,-28
"2016-05-19","Hard",2808,16
"2016-05-20","Easy",1250,-20
"2016-05-21","Average",2749,-3
"2016-05-22","Average",76,-7
"2016-05-23","Very Easy",334,-55
"2016-05-24","Easy",652,-25
"2016-05-25","Average",957,-12
"2016-05-26","Easy",1309,-26
"2016-05-27","Very Hard",3049,24
"2016-05-28","Average",2312,-7
"2016-05-29","Hard",63,3
"2016-05-30","Easy",489,-17
"2016-05-31","Very Easy",458,-44
"2016-06-01","Easy",801,-25
"2016-06-02","Easy",1427,-21
"2016-06-03","Average",1359,-16
"2016-06-04","Very Hard",65,27
"2016-06-05","Average",2511,-19
"2016-06-06","Average",599,0
"2016-06-07","Very Hard",1318,27
"2016-06-08","Easy",828,-21
"2016-06-09","Very Easy",1192,-27
"2016-06-10","Average",1577,-8
"2016-06-11","Hard",3059,3
"2016-06-12","Easy",2316,-22
"2016-06-13","Average",562,-10
"2016-06-14","Easy",724,-17
"2016-06-15","Very Easy",770,-27
"2016-06-16","Very Hard",3125,36
"2016-06-17","Average",1409,-10
"2016-06-18","Easy",1914,-25
"2016-06-19","Very Hard",76,19
"2016-06-20","Very Easy",433,-30
"2016-06-21","Easy",721,-17
"2016-06-22","Average",975,-10
"2016-06-23","Easy",1394,-18
"2016-06-24","Average",1316,-13
"2016-06-25","Average",2673,-1
"2016-06-26","Average",2696,-11
"2016-06-27","Hard",684,6
"2016-06-28","Very Hard",2792,19
"2016-06-29","Average",952,-1
"2016-06-30","Hard",2053,1
"2016-07-01","Very Hard",2763,29
"2016-07-02","Easy",1559,-27
"2016-07-03","Very Hard",97,19
"2016-07-04","Very Hard",1022,19
"2016-07-05","Hard",975,2
"2016-07-06","Very Hard",1671,37
"2016-07-07","Average",1895,-4
"2016-07-08","Hard",2111,4
"2016-07-09","Very Easy",1420,-36
"2016-07-10","Average",63,-7
"2016-07-11","Very Hard",2057,21
"2016-07-12","Average",912,-2
"2016-07-13","Average",917,-7
"2016-07-14","Easy",1348,-18
"2016-07-15","Hard",1940,7
"2016-07-16","Hard",2615,8
"2016-07-17","Average",67,-2
"2016-07-18","Hard",614,2
"2016-07-19","Easy",633,-23
"2016-07-20","Average",847,-10
"2016-07-21","Hard",1957,2
"2016-07-22","Very Hard",65,46
"2016-07-23","Average",2118,-13
"2016-07-24","Average",3068,-5
"2016-07-25","Average",611,-2
"2016-07-26","Easy",590,-24
"2016-07-27","Average",912,-16
"2016-07-28","Very Hard",3310,18
"2016-07-29","Easy",1455,-20
"2016-07-30","Very Easy",1408,-35
"2016-07-31","Hard",83,11
"2016-08-01","Average",704,0
"2016-08-02","Very Hard",1711,38
"2016-08-03","Average",1034,-5
"2016-08-04","Average",1258,-16
"2016-08-05","Hard",3039,12
"2016-08-06","Average",1864,-14
"2016-08-07","Average",2918,-13
"2016-08-08","Easy",492,-21
"2016-08-09","Very Easy",535,-37
"2016-08-10","Very Hard",1619,21
"2016-08-11","Very Hard",3404,33
"2016-08-12","Average",1923,-5
"2016-08-13","Hard",2240,2
"2016-08-14","Hard",89,8
"2016-08-15","Very Easy",394,-50
"2016-08-16","Very Easy",508,-46
"2016-08-17","Easy",795,-20
"2016-08-18","Easy",1585,-18
"2016-08-19","Very Easy",1295,-31
"2016-08-20","Hard",2686,9
"2016-08-21","Average",2902,-14
"2016-08-22","Average",618,-2
"2016-08-23","Easy",608,-22
"2016-08-24","Easy",767,-19
"2016-08-25","Average",1951,-5
"2016-08-26","Hard",2095,0
"2016-08-27","Hard",2467,3
"2016-08-28","Hard",3162,-1
"2016-08-29","Very Easy",448,-27
"2016-08-30","Hard",891,6
"2016-08-31","Average",1069,-5
"2016-09-01","Average",1470,-13
"2016-09-02","Hard",2133,1
"2016-09-03","Hard",3007,11
"2016-09-04","Average",2890,-3
"2016-09-05","Hard",707,7
"2016-09-06","Very Easy",515,-42
"2016-09-07","Very Easy",550,-52
"2016-09-08","Hard",2350,6
"2016-09-09","Average",2872,1
"2016-09-10","Average",1684,-12
"2016-09-11","Average",67,-3
"2016-09-12","Average",595,-7
"2016-09-13","Hard",1169,17
"2016-09-14","Very Easy",691,-27
"2016-09-15","Very Hard",76,93
"2016-09-16","Hard",1902,2
"2016-09-17","Easy",1397,-26
"2016-09-18","Average",2664,-10
"2016-09-19","Average",595,-7
"2016-09-20","Average",722,-9
"2016-09-21","Very Hard",1525,32
"2016-09-22","Average",1939,-7
"2016-09-23","Average",1966,-9
"2016-09-24","Average",2013,-2
"2016-09-25","Average",2458,-18
"2016-09-26","Average",535,-6
"2016-09-27","Hard",780,2
"2016-09-28","Very Hard",1495,46
"2016-09-29","Average",1895,-9
"2016-09-30","Average",1638,-14
"2016-10-01","Hard",2435,11
"2016-10-02","Average",2648,-16
"2016-10-03","Hard",723,15
"2016-10-04","Average",714,-14
"2016-10-05","Average",925,-4
"2016-10-06","Hard",2794,3
"2016-10-07","Very Easy",1300,-29
"2016-10-08","Average",2000,-7
"2016-10-09","Hard",61,-1
"2016-10-10","Very Easy",433,-34
"2016-10-11","Easy",550,-25
"2016-10-12","Very Easy",742,-27
"2016-10-13","Very Easy",1337,-31
"2016-10-14","Average",1626,-12
"2016-10-15","Hard",2864,13
"2016-10-16","Hard",3221,5
"2016-10-17","Average",517,-7
"2016-10-18","Hard",1045,7
"2016-10-19","Average",873,-10
"2016-10-20","Easy",1582,-22
"2016-10-21","Hard",2074,3
"2016-10-22","Average",2111,-5
"2016-10-23","Hard",74,12
"2016-10-24","Average",483,-16
"2016-10-25","Hard",872,7
"2016-10-26","Very Easy",581,-41
"2016-10-27","Average",2013,-7
"2016-10-28","Easy",1391,-23
"2016-10-29","Average",1816,-18
"2016-10-30","Average",3153,-9
"2016-10-31","Easy",493,-17
"2016-11-01","Very Hard",1626,22
"2016-11-02","Hard",1238,5
"2016-11-03","Hard",2891,3
"2016-11-04","Easy",1317,-19
"2016-11-05","Very Easy",1455,-28
"2016-11-06","Very Hard",95,31
"2016-11-07","Average",523,-10
"2016-11-08","Hard",1642,12
"2016-11-09","Very Easy",544,-45
"2016-11-10","Average",2138,-7
"2016-11-11","Average",1926,-2
"2016-11-12","Hard",2677,9
"2016-11-13","Average",2897,-14
"2016-11-14","Easy",474,-18
"2016-11-15","Hard",1012,4
"2016-11-16","Very Easy",539,-37
"2016-11-17","Easy",1739,-17
"2016-11-18","Average",1780,-1
"2016-11-19","Average",2150,-2
"2016-11-20","Hard",86,6
"2016-11-21","Average",480,-16
"2016-11-22","Very Easy",586,-36
"2016-11-23","Easy",731,-18
"2016-11-24","Very Easy",1238,-31
"2016-11-25","Average",1611,-4
"2016-11-26","Very Easy",1329,-31
"2016-11-27","Very Hard",73,16
"2016-11-28","Average",496,-12
"2016-11-29","Hard",973,9
"2016-11-30","Average",806,-11
"2016-12-01","Very Easy",1132,-37
"2016-12-02","Hard",2163,11
"2016-12-03","Easy",1474,-25
"2016-12-04","Average",3180,-5
"2016-12-05","Hard",583,2
"2016-12-06","Easy",644,-21
"2016-12-07","Average",918,-2
"2016-12-08","Very Easy",1177,-33
"2016-12-09","Very Easy",1290,-28
"2016-12-10","Hard",2466,7
"2016-12-11","Very Easy",1582,-44
"2016-12-12","Hard",681,9
"2016-12-13","Easy",649,-26
"2016-12-14","Average",756,-11
"2016-12-15","Hard",2024,5
"2016-12-16","Hard",2567,17
"2016-12-17","Easy",1496,-18
"2016-12-18","Average",86,-1
"2016-12-19","Hard",662,2
"2016-12-20","Average",883,-1
"2016-12-21","Very Hard",1242,23
"2016-12-22","Average",1867,-2
"2016-12-23","Very Hard",3177,19
"2016-12-24","Hard",2591,12
"2016-12-25","Hard",62,3
"2016-12-26","Very Hard",954,28
"2016-12-27","Very Easy",624,-31
"2016-12-28","Hard",958,4
"2016-12-29","Average",1565,-16
"2016-12-30","Average",1513,-12
"2016-12-31","Very Hard",60,31
"2017-01-01","Average",2830,-7
"2017-01-02","Average",553,-6
"2017-01-03","Average",850,-5
"2017-01-04","Hard",1016,2
"2017-01-05","Easy",1457,-20
"2017-01-06","Very Hard",2737,23
"2017-01-07","Hard",2953,15
"2017-01-08","Average",2502,-14
"2017-01-09","Easy",469,-20
"2017-01-10","Hard",1090,8
"2017-01-11","Hard",1498,13
"2017-01-12","Very Easy",1098,-32
"2017-01-13","Very Easy",1231,-28
"2017-01-14","Very Easy",1407,-29
"2017-01-15","Easy",2446,-21
"2017-01-16","Average",591,-6
"2017-01-17","Average",836,-3
"2017-01-18","Average",837,-15
"2017-01-19","Hard",2034,9
"2017-01-20","Easy",1515,-21
"2017-01-21","Average",2251,-1
"2017-01-22","Average",3384,0
"2017-01-23","Average",520,-14
"2017-01-24","Average",943,1
"2017-01-25","Average",1022,0
"2017-01-26","Very Hard",2178,24
"2017-01-27","Average",1722,-14
"2017-01-28","Easy",1523,-19
"2017-01-29","Very Easy",1975,-29
"2017-01-30","Average",502,-12
"2017-01-31","Hard",1113,14
"2017-02-01","Average",788,-16
"2017-02-02","Very Easy",959,-36
"2017-02-03","Easy",1362,-22
"2017-02-04","Easy",1705,-17
"2017-02-05","Average",2992,-9
"2017-02-06","Average",548,-9
"2017-02-07","Very Easy",630,-30
"2017-02-08","Very Hard",2230,30
"2017-02-09","Easy",1181,-25
"2017-02-10","Very Easy",1199,-31
"2017-02-11","Very Hard",3425,22
"2017-02-12","Very Hard",64,21
"2017-02-13","Average",568,-10
"2017-02-14","Average",674,-16
"2017-02-15","Easy",822,-20
"2017-02-16","Very Easy",945,-37
"2017-02-17","Hard",2246,8
"2017-02-18","Hard",2464,10
"2017-02-19","Hard",76,16
"2017-02-20","Hard",1042,13
"2017-02-21","Average",756,-8
"2017-02-22","Easy",817,-20
"2017-02-23","Average",1448,-11
"2017-02-24","Average",1892,-9
"2017-02-25","Hard",2763,7
"2017-02-26","Average",2943,-5
"2017-02-27","Average",499,-16
"2017-02-28","Average",808,-2
"2017-03-01","Very Easy",615,-38
"2017-03-02","Easy",1094,-24
"2017-03-03","Average",1810,-5
"2017-03-04","Average",1900,-13
"2017-03-05","Hard",3208,2
"2017-03-06","Average",581,-4
"2017-03-07","Hard",1007,2
"2017-03-08","Hard",1101,2
"2017-03-09","Average",1213,-14
"2017-03-10","Average",1529,-8
"2017-03-11","Easy",1549,-26
"2017-03-12","Hard",76,16
"2017-03-13","Easy",448,-23
"2017-03-14","Hard",1249,13
"2017-03-15","Hard",1387,15
"2017-03-16","Average",1397,-4
"2017-03-17","Hard",1986,5
"2017-03-18","Very Hard",3354,18
"2017-03-19","Average",62,-2
"2017-03-20","Hard",638,2
"2017-03-21","Hard",973,7
"2017-03-22","Very Hard",2385,53
"2017-03-23","Average",1398,-3
"2017-03-24","Very Hard",2431,26
"2017-03-25","Hard",2097,2
"2017-03-26","Average",2894,-6
"2017-03-27","Hard",717,16
"2017-03-28","Very Easy",496,-46
"2017-03-29","Very Hard",1422,18
"2017-03-30","Hard",1715,13
"2017-03-31","Average",1692,-4
"2017-04-01","Very Hard",63,33
"2017-04-02","Hard",73,4
"2017-04-03","Hard",740,4
"2017-04-04","Average",939,0
"2017-04-05","Very Easy",767,-30
"2017-04-06","Hard",1735,10
"2017-04-07","Hard",2692,16
"2017-04-08","Average",2055,-10
"2017-04-09","Hard",90,12
"2017-04-10","Easy",476,-21
"2017-04-11","Very Easy",544,-28
"2017-04-12","Very Easy",716,-35
"2017-04-13","Very Hard",1854,18
"2017-04-14","Average",1792,0
"2017-04-15","Easy",1582,-23
"2017-04-16","Average",3143,-2
"2017-04-17","Average",538,-12
"2017-04-18","Hard",900,5
"2017-04-19","Very Hard",1607,22
"2017-04-20","Very Hard",2488,27
"2017-04-21","Hard",1871,5
"2017-04-22","Easy",1760,-19
"2017-04-23","Average",3319,-6
"2017-04-24","Easy",496,-21
"2017-04-25","Hard",1061,6
"2017-04-26","Average",1112,-11
"2017-04-27","Average",1269,-6
"2017-04-28","Hard",2103,3
"2017-04-29","Average",2509,0
"2017-04-30","Very Hard",99,24
"2017-05-01","Very Hard",888,19
"2017-05-02","Very Hard",1152,18
"2017-05-03","Easy",888,-17
"2017-05-04","Hard",1478,2
"2017-05-05","Hard",2313,8
"2017-05-06","Hard",3054,12
"2017-05-07","Easy",2447,-20
"2017-05-08","Hard",722,3
"2017-05-09","Hard",1331,10
"2017-05-10","Average",904,-9
"2017-05-11","Average",1424,-7
"2017-05-12","Average",2087,-3
"2017-05-13","Hard",3169,7
"2017-05-14","Hard",76,3
"2017-05-15","Average",571,-8
"2017-05-16","Very Hard",1311,25
"2017-05-17","Average",1099,-4
"2017-05-18","Very Hard",2735,17
"2017-05-19","Average",1734,-5
"2017-05-20","Easy",1726,-18
"2017-05-21","Hard",84,15
"2017-05-22","Average",538,-13
"2017-05-23","Average",982,0
"2017-05-24","Very Easy",739,-31
"2017-05-25","Easy",1217,-20
"2017-05-26","Very Easy",830,-54
"2017-05-27","Hard",3082,9
"2017-05-28","Easy",2351,-22
"2017-05-29","Hard",655,5
"2017-05-30","Average",820,-11
"2017-05-31","Hard",1283,12
"2017-06-01","Average",1811,0
"2017-06-02","Average",1843,-2
"2017-06-03","Average",2433,-5
"2017-06-04","Easy",2452,-17
"2017-06-05","Hard",785,5
"2017-06-06","Easy",667,-20
"2017-06-07","Very Easy",631,-36
"2017-06-08","Average",1771,0
"2017-06-09","Average",1839,-4
"2017-06-10","Hard",2759,4
"2017-06-11","Average",2682,-15
"2017-06-12","Average",660,-4
"2017-06-13","Easy",653,-26
"2017-06-14","Hard",1338,9
"2017-06-15","Easy",1330,-20
"2017-06-16","Very Easy",1229,-29
"2017-06-17","Hard",3346,5
"2017-06-18","Average",3355,-2
"2017-06-19","Easy",467,-21
"2017-06-20","Average",926,-2
"2017-06-21","Easy",801,-23
"2017-06-22","Average",1573,-7
"2017-06-23","Easy",1241,-24
"2017-06-24","Hard",3220,9
"2017-06-25","Hard",3527,4
"2017-06-26","Average",650,-3
"2017-06-27","Average",789,-16
"2017-06-28","Average",1072,0
"2017-06-29","Hard",1983,2
"2017-06-30","Hard",2252,3
"2017-07-01","Average",2597,-11
"2017-07-02","Very Hard",111,36
"2017-07-03","Very Easy",445,-31
"2017-07-04","Very Easy",640,-32
"2017-07-05","Hard",1232,9
"2017-07-06","Easy",1283,-19
"2017-07-07","Hard",1954,2
"2017-07-08","Average",2921,-6
"2017-07-09","Average",2828,-15
"2017-07-10","Average",760,0
"2017-07-11","Easy",722,-20
"2017-07-12","Very Hard",1516,23
"2017-07-13","Average",1451,-12
"2017-07-14","Easy",1397,-22
"2017-07-15","Average",2197,-8
"2017-07-16","Average",70,-3
"2017-07-17","Very Easy",433,-33
"2017-07-18","Average",819,-6
"2017-07-19","Average",905,-14
"2017-07-20","Very Hard",3012,29
"2017-07-21","Easy",1265,-20
"2017-07-22","Average",2441,0
"2017-07-23","Average",78,-4
"2017-07-24","Hard",888,14
"2017-07-25","Average",843,0
"2017-07-26","Average",1073,-8
"2017-07-27","Hard",2025,5
"2017-07-28","Very Easy",1013,-36
"2017-07-29","Easy",1768,-21
"2017-07-30","Hard",63,5
"2017-07-31","Average",543,-15
"2017-08-01","Average",723,-10
"2017-08-02","Easy",841,-22
"2017-08-03","Average",1741,-1
"2017-08-04","Hard",1813,7
"2017-08-05","Easy",1648,-23
"2017-08-06","Average",3118,-10
"2017-08-07","Average",570,-14
"2017-08-08","Easy",627,-26
"2017-08-09","Average",948,-13
"2017-08-10","Average",1510,-12
"2017-08-11","Average",1336,-15
"2017-08-12","Hard",3389,11
"2017-08-13","Average",86,-2
"2017-08-14","Easy",521,-21
"2017-08-15","Easy",590,-26
"2017-08-16","Very Easy",696,-31
"2017-08-17","Hard",1895,3
"2017-08-18","Hard",1958,8
"2017-08-19","Hard",3213,12
"2017-08-20","Average",66,-2
"2017-08-21","Average",619,-3
"2017-08-22","Easy",632,-19
"2017-08-23","Very Easy",651,-36
"2017-08-24","Average",1964,-2
"2017-08-25","Average",1280,-15
"2017-08-26","Easy",1753,-19
"2017-08-27","Average",2820,-16
"2017-08-28","Average",539,-12
"2017-08-29","Hard",886,9
"2017-08-30","Very Hard",1394,18
"2017-08-31","Hard",1889,7
"2017-09-01","Average",1708,1
"2017-09-02","Average",2901,1
"2017-09-03","Hard",84,8
"2017-09-04","Very Hard",2899,45
"2017-09-05","Hard",807,3
"2017-09-06","Average",1102,0
"2017-09-07","Hard",2721,3
"2017-09-08","Average",1364,-12
"2017-09-09","Easy",1611,-22
"2017-09-10","Average",80,0
"2017-09-11","Easy",515,-24
"2017-09-12","Hard",847,3
"2017-09-13","Average",918,-15
"2017-09-14","Average",1801,-9
"2017-09-15","Average",1545,-3
"2017-09-16","Very Hard",3596,25
"2017-09-17","Average",3208,-11
"2017-09-18","Very Easy",396,-48
"2017-09-19","Average",865,-3
"2017-09-20","Very Easy",687,-31
"2017-09-21","Very Hard",3287,32
"2017-09-22","Very Hard",2360,25
"2017-09-23","Easy",1812,-17
"2017-09-24","Hard",75,9
"2017-09-25","Average",631,-5
"2017-09-26","Average",754,-6
"2017-09-27","Hard",1125,5
"2017-09-28","Very Easy",944,-48
"2017-09-29","Very Easy",1060,-29
"2017-09-30","Easy",1710,-21
"2017-10-01","Hard",76,10
"2017-10-02","Very Easy",490,-30
"2017-10-03","Average",799,-6
"2017-10-04","Average",1033,0
"2017-10-05","Easy",1265,-24
"2017-10-06","Easy",1398,-18
"2017-10-07","Hard",2934,9
"2017-10-08","Very Easy",1881,-37
"2017-10-09","Average",531,-13
"2017-10-10","Easy",611,-26
"2017-10-11","Hard",1310,15
"2017-10-12","Hard",2010,6
"2017-10-13","Very Easy",1106,-30
"2017-10-14","Easy",1675,-23
"2017-10-15","Hard",63,4
"2017-10-16","Easy",518,-18
"2017-10-17","Average",698,-12
"2017-10-18","Very Hard",1878,28
"2017-10-19","Average",1973,-3
"2017-10-20","Average",1249,-11
"2017-10-21","Average",2412,-2
"2017-10-22","Very Easy",2198,-28
"2017-10-23","Average",581,-10
"2017-10-24","Very Hard",1068,18
"2017-10-25","Very Easy",682,-37
"2017-10-26","Hard",2231,10
"2017-10-27","Average",1381,-8
"2017-10-28","Hard",3471,16
"2017-10-29","Easy",2395,-23
"2017-10-30","Average",536,-13
"2017-10-31","Average",684,-16
"2017-11-01","Average",1147,0
"2017-11-02","Easy",1273,-24
"2017-11-03","Hard",2037,14
"2017-11-04","Average",2244,-8
"2017-11-05","Hard",92,13
"2017-11-06","Average",550,-13
"2017-11-07","Hard",936,4
"2017-11-08","Average",915,-12
"2017-11-09","Hard",2061,2
"2017-11-10","Hard",1894,5
"2017-11-11","Average",2301,-6
"2017-11-12","Hard",61,4
"2017-11-13","Very Hard",857,22
"2017-11-14","Average",840,-6
"2017-11-15","Average",922,-15
"2017-11-16","Easy",1372,-17
"2017-11-17","Very Hard",2568,23
"2017-11-18","Average",1975,-12
"2017-11-19","Average",2589,-12
"2017-11-20","Hard",760,17
"2017-11-21","Average",828,-5
"2017-11-22","Hard",1188,3
"2017-11-23","Hard",2344,11
"2017-11-24","Average",1619,-1
"2017-11-25","Very Hard",66,44
"2017-11-26","Average",3296,-1
"2017-11-27","Average",608,-3
"2017-11-28","Average",761,-10
"2017-11-29","Easy",858,-18
"2017-11-30","Very Easy",1230,-29
"2017-12-01","Very Easy",1115,-31
"2017-12-02","Average",2652,-1
"2017-12-03","Very Hard",86,27
"2017-12-04","Very Easy",457,-28
"2017-12-05","Average",728,-10
"2017-12-06","Average",1125,-7
"2017-12-07","Very Easy",1209,-29
"2017-12-08","Hard",1706,2
"2017-12-09","Average",2210,-9
"2017-12-10","Average",63,-6
"2017-12-11","Very Easy",411,-35
"2017-12-12","Very Hard",1214,17
"2017-12-13","Hard",1229,9
"2017-12-14","Average",1508,-9
"2017-12-15","Very Hard",2317,33
"2017-12-16","Average",2016,-16
"2017-12-17","Average",2897,-5
"2017-12-18","Easy",498,-20
"2017-12-19","Very Hard",1416,32
"2017-12-20","Easy",815,-25
"2017-12-21","Easy",1340,-19
"2017-12-22","Average",1785,-3
"2017-12-23","Average",2076,-8
"2017-12-24","Hard",60,3
"2017-12-25","Hard",670,5
"2017-12-26","Average",778,-11
"2017-12-27","Hard",1129,4
"2017-12-28","Average",1578,-3
"2017-12-29","Hard",2129,14
"2017-12-30","Average",2668,0
"2017-12-31","Hard",77,11
"2018-01-01","Very Hard",1098,34
"2018-01-02","Very Easy",611,-35
"2018-01-03","Average",903,-15
"2018-01-04","Hard",1854,3
"2018-01-05","Hard",2488,5
"2018-01-06","Easy",1967,-19
"2018-01-07","Very Hard",100,27
"2018-01-08","Hard",667,1
"2018-01-09","Hard",1177,5
"2018-01-10","Average",1080,-5
"2018-01-11","Average",1547,-12
"2018-01-12","Very Easy",1048,-42
"2018-01-13","Average",2520,-3
"2018-01-14","Average",3468,-14
"2018-01-15","Easy",493,-24
"2018-01-16","Average",1057,0
"2018-01-17","Hard",1274,11
"2018-01-18","Easy",1248,-23
"2018-01-19","Very Hard",64,58
"2018-01-20","Hard",3122,7
"2018-01-21","Very Easy",2212,-30
"2018-01-22","Average",651,-5
"2018-01-23","Hard",1084,5
"2018-01-24","Average",1056,-3
"2018-01-25","Hard",1657,2
"2018-01-26","Very Easy",1195,-36
"2018-01-27","Average",1981,-12
"2018-01-28","Average",2741,-11
"2018-01-29","Average",590,-9
"2018-01-30","Average",780,-13
"2018-01-31","Average",1199,1
"2018-02-01","Very Easy",1019,-34
"2018-02-02","Average",1812,-5
"2018-02-03","Average",2203,-11
"2018-02-04","Easy",2364,-23
"2018-02-05","Easy",492,-23
"2018-02-06","Very Easy",678,-31
"2018-02-07","Hard",1468,10
"2018-02-08","Average",1254,-14
"2018-02-09","Average",2035,1
"2018-02-10","Average",1877,-14
"2018-02-11","Very Hard",91,30
"2018-02-12","Hard",772,11
"2018-02-13","Hard",1349,16
"2018-02-14","Hard",1329,7
"2018-02-15","Very Hard",2610,23
"2018-02-16","Hard",2809,12
"2018-02-17","Average",2139,-1
"2018-02-18","Average",2861,-9
"2018-02-19","Average",600,-8
"2018-02-20","Average",992,-5
"2018-02-21","Very Easy",790,-33
"2018-02-22","Easy",1144,-26
"2018-02-23","Average",1675,-16
"2018-02-24","Easy",1663,-21
"2018-02-25","Average",2854,-13
"2018-02-26","Easy",504,-26
"2018-02-27","Very Easy",525,-47
"2018-02-28","Very Easy",824,-28
"2018-03-01","Hard",1833,10
"2018-03-02","Very Hard",2850,18
"2018-03-03","Easy",1625,-23
"2018-03-04","Average",3222,-3
"2018-03-05","Very Easy",485,-28
"2018-03-06","Average",848,-13
"2018-03-07","Average",1103,-6
"2018-03-08","Very Easy",1084,-31
"2018-03-09","Easy",1728,-17
"2018-03-10","Average",2049,-4
"2018-03-11","Hard",92,14
"2018-03-12","Very Hard",1417,22
"2018-03-13","Very Easy",547,-34
"2018-03-14","Very Easy",664,-42
"2018-03-15","Average",1382,-9
"2018-03-16","Very Easy",1247,-34
"2018-03-17","Average",2021,-4
"2018-03-18","Average",3546,-5
"2018-03-19","Average",681,-3
"2018-03-20","Average",946,-3
"2018-03-21","Very Easy",670,-40
"2018-03-22","Very Easy",1056,-29
"2018-03-23","Average",1993,0
"2018-03-24","Hard",2561,11
"2018-03-25","Hard",68,4
"2018-03-26","Average",723,1
"2018-03-27","Hard",974,9
"2018-03-28","Average",1219,-1
"2018-03-29","Average",1432,-6
"2018-03-30","Easy",1433,-26
"2018-03-31","Very Hard",3370,35
"2018-04-01","Very Hard",92,19
"2018-04-02","Average",591,-13
"2018-04-03","Hard",1067,8
"2018-04-04","Average",1138,-4
"2018-04-05","Average",1383,-5
"2018-04-06","Very Hard",2435,24
"2018-04-07","Hard",2811,14
"2018-04-08","Average",3386,-4
"2018-04-09","Easy",514,-23
"2018-04-10","Easy",721,-18
"2018-04-11","Very Easy",600,-44
"2018-04-12","Very Hard",2254,31
"2018-04-13","Very Easy",1033,-43
"2018-04-14","Average",1998,-12
"2018-04-15","Easy",2473,-23
"2018-04-16","Average",591,-11
"2018-04-17","Easy",695,-20
"2018-04-18","Hard",1265,10
"2018-04-19","Average",1475,-5
"2018-04-20","Average",1687,-8
"2018-04-21","Very Easy",1432,-31
"2018-04-22","Hard",68,3
"2018-04-23","Easy",524,-18
"2018-04-24","Average",904,-1
"2018-04-25","Hard",1347,16
"2018-04-26","Hard",1918,6
"2018-04-27","Average",1758,-2
"2018-04-28","Average",2305,-1
"2018-04-29","Average",73,-2
"2018-04-30","Average",556,-9
"2018-05-01","Easy",688,-17
"2018-05-02","Hard",1047,4
"2018-05-03","Hard",1650,3
"2018-05-04","Easy",1404,-20
"2018-05-05","Easy",1784,-19
"2018-05-06","Average",3528,-7
"2018-05-07","Average",630,-5
"2018-05-08","Very Easy",502,-44
"2018-05-09","Hard",1078,3
"2018-05-10","Very Easy",1042,-31
"2018-05-11","Average",1538,-11
"2018-05-12","Easy",1585,-20
"2018-05-13","Very Easy",1891,-44
"2018-05-14","Average",572,-10
"2018-05-15","Average",677,-16
"2018-05-16","Average",1053,-1
"2018-05-17","Average",1552,-4
"2018-05-18","Average",1724,-3
"2018-05-19","Average",2201,-2
"2018-05-20","Average",2839,-15
"2018-05-21","Average",667,-4
"2018-05-22","Very Hard",1249,25
"2018-05-23","Hard",1188,8
"2018-05-24","Average",1251,-16
"2018-05-25","Very Easy",1214,-28
"2018-05-26","Very Easy",1455,-30
"2018-05-27","Average",3038,-11
"2018-05-28","Very Hard",1022,27
"2018-05-29","Average",821,-3
"2018-05-30","Average",886,-16
"2018-05-31","Hard",1861,10
"2018-06-01","Average",1788,-5
"2018-06-02","Average",2063,-4
"2018-06-03","Hard",66,2
"2018-06-04","Very Easy",463,-32
"2018-06-05","Hard",1172,17
"2018-06-06","Hard",1338,4
"2018-06-07","Very Hard",2736,32
"2018-06-08","Average",1459,-13
"2018-06-09","Hard",2718,12
"2018-06-10","Hard",65,7
"2018-06-11","Easy",494,-17
"2018-06-12","Very Easy",624,-28
"2018-06-13","Very Easy",794,-28
"2018-06-14","Very Easy",1019,-40
"2018-06-15","Average",1395,-16
"2018-06-16","Easy",1490,-20
"2018-06-17","Average",2673,-14
"2018-06-18","Very Easy",402,-35
"2018-06-19","Average",664,-14
"2018-06-20","Average",1149,-2
"2018-06-21","Average",1512,-16
"2018-06-22","Easy",1132,-25
"2018-06-23","Hard",2119,2
"2018-06-24","Hard",3353,2
"2018-06-25","Easy",496,-17
"2018-06-26","Easy",611,-24
"2018-06-27","Average",1184,-2
"2018-06-28","Hard",1831,5
"2018-06-29","Average",1409,-9
"2018-06-30","Easy",1424,-24
"2018-07-01","Average",3256,-4
"2018-07-02","Very Easy",404,-37
"2018-07-03","Very Easy",483,-41
"2018-07-04","Average",986,-12
"2018-07-05","Hard",1912,12
"2018-07-06","Average",1299,-16
"2018-07-07","Average",1932,-3
"2018-07-08","Average",2895,-6
"2018-07-09","Hard",597,2
"2018-07-10","Average",642,-16
"2018-07-11","Very Easy",694,-35
"2018-07-12","Very Hard",2455,30
"2018-07-13","Easy",1173,-21
"2018-07-14","Hard",2117,1
"2018-07-15","Hard",3337,2
"2018-07-16","Very Easy",420,-33
"2018-07-17","Very Easy",552,-27
"2018-07-18","Hard",1267,12
"2018-07-19","Average",1570,-9
"2018-07-20","Average",1399,-4
"2018-07-21","Hard",2607,13
"2018-07-22","Easy",2174,-26
"2018-07-23","Easy",483,-18
"2018-07-24","Very Hard",1220,36
"2018-07-25","Average",989,-8
"2018-07-26","Very Easy",877,-48
"2018-07-27","Hard",1768,10
"2018-07-28","Very Easy",1227,-33
"2018-07-29","Hard",3521,11
"2018-07-30","Average",555,-6
"2018-07-31","Hard",822,3
"2018-08-01","Very Easy",821,-29
"2018-08-02","Easy",1282,-25
"2018-08-03","Hard",1791,12
"2018-08-04","Hard",2574,15
"2018-08-05","Average",2838,-9
"2018-08-06","Average",569,-3
"2018-08-07","Average",874,-3
"2018-08-08","Very Easy",531,-53
"2018-08-09","Very Easy",989,-41
"2018-08-10","Average",1493,-10
"2018-08-11","Hard",2496,4
"2018-08-12","Very Easy",2080,-30
"2018-08-13","Hard",571,1
"2018-08-14","Very Easy",430,-47
"2018-08-15","Hard",1232,9
"2018-08-16","Easy",1383,-17
"2018-08-17","Hard",1972,9
"2018-08-18","Very Easy",1529,-28
"2018-08-19","Hard",63,13
"2018-08-20","Average",478,-12
"2018-08-21","Hard",1024,17
"2018-08-22","Very Hard",1446,21
"2018-08-23","Very Hard",2179,30
"2018-08-24","Very Hard",2875,37
"2018-08-25","Very Hard",2889,20
"2018-08-26","Average",2541,-15
"2018-08-27","Hard",632,11
"2018-08-28","Average",770,-3
"2018-08-29","Hard",1135,8
"2018-08-30","Hard",1710,4
"2018-08-31","Hard",1849,5
"2018-09-01","Average",2183,0
"2018-09-02","Average",2975,-1
"2018-09-03","Average",480,-13
"2018-09-04","Very Easy",499,-34
"2018-09-05","Easy",798,-25
"2018-09-06","Hard",1844,1
"2018-09-07","Hard",1941,3
"2018-09-08","Average",2038,-2
"2018-09-09","Average",2668,-13
"2018-09-10","Hard",621,8
"2018-09-11","Easy",523,-27
"2018-09-12","Hard",1345,9
"2018-09-13","Easy",1191,-23
"2018-09-14","Very Easy",1127,-34
"2018-09-15","Very Easy",1351,-36
"2018-09-16","Average",2461,-15
"2018-09-17","Very Easy",403,-32
"2018-09-18","Hard",810,3
"2018-09-19","Very Easy",755,-29
"2018-09-20","Very Hard",2600,33
"2018-09-21","Average",1699,-3
"2018-09-22","Average",1955,-9
"2018-09-23","Hard",60,17
"2018-09-24","Average",548,-4
"2018-09-25","Average",780,-4
"2018-09-26","Hard",1172,3
"2018-09-27","Very Easy",1073,-31
"2018-09-28","Easy",1268,-24
"2018-09-29","Average",1869,-10
"2018-09-30","Hard",60,6
"2018-10-01","Very Hard",734,21
"2018-10-02","Very Hard",1464,43
"2018-10-03","Very Easy",707,-29
"2018-10-04","Very Easy",1085,-32
"2018-10-05","Very Easy",1232,-28
"2018-10-06","Average",1891,-7
"2018-10-07","Average",3221,-1
"2018-10-08","Average",542,-13
"2018-10-09","Very Easy",569,-30
"2018-10-10","Hard",1242,16
"2018-10-11","Average",1541,-6
"2018-10-12","Average",1632,-4
"2018-10-13","Hard",2382,1
"2018-10-14","Hard",3370,3
"2018-10-15","Average",539,-11
"2018-10-16","Easy",622,-19
"2018-10-17","Very Easy",722,-35
"2018-10-18","Very Hard",2470,26
"2018-10-19","Easy",1416,-19
"2018-10-20","Very Easy",1420,-29
"2018-10-21","Easy",2434,-17
"2018-10-22","Average",617,0
"2018-10-23","Average",760,-2
"2018-10-24","Hard",1276,5
"2018-10-25","Hard",2176,12
"2018-10-26","Easy",1282,-21
"2018-10-27","Hard",2571,14
"2018-10-28","Easy",2638,-17
"2018-10-29","Average",514,-15
"2018-10-30","Very Hard",1053,18
"2018-10-31","Average",948,-13
"2018-11-01","Hard",2135,8
"2018-11-02","Average",1786,-3
"2018-11-03","Hard",2409,3
"2018-11-04","Average",2892,0
"2018-11-05","Easy",457,-22
"2018-11-06","Average",676,-13
"2018-11-07","Average",1010,-10
"2018-11-08","Average",1408,-15
"2018-11-09","Very Easy",947,-42
"2018-11-10","Average",1859,-8
"2018-11-11","Hard",76,3
"2018-11-12","Average",543,-9
"2018-11-13","Very Hard",1356,34
"2018-11-14","Very Easy",697,-32
"2018-11-15","Average",1735,-3
"2018-11-16","Very Easy",1158,-28
"2018-11-17","Hard",2356,9
"2018-11-18","Hard",3412,1
"2018-11-19","Average",598,-1
"2018-11-20","Very Easy",538,-35
"2018-11-21","Hard",1129,9
"2018-11-22","Average",1705,-7
"2018-11-23","Average",1223,-14
"2018-11-24","Average",1898,-10
"2018-11-25","Hard",3450,3
"2018-11-26","Easy",489,-18
"2018-11-27","Very Easy",618,-29
"2018-11-28","Very Hard",1771,44
"2018-11-29","Hard",2036,7
"2018-11-30","Easy",1086,-24
"2018-12-01","Very Hard",2914,23
"2018-12-02","Hard",65,5
"2018-12-03","Average",527,-13
"2018-12-04","Very Easy",609,-27
"2018-12-05","Very Hard",1759,37
"2018-12-06","Very Easy",960,-43
"2018-12-07","Hard",1847,17
"2018-12-08","Average",1882,-12
"2018-12-09","Very Easy",1886,-37
"2018-12-10","Average",547,-7
"2018-12-11","Average",732,-9
"2018-12-12","Hard",1333,5
"2018-12-13","Easy",1360,-17
"2018-12-14","Easy",1203,-19
"2018-12-15","Average",1798,-16
"2018-12-16","Hard",3510,5
"2018-12-17","Very Easy",404,-33
"2018-12-18","Average",778,-3
"2018-12-19","Easy",909,-23
"2018-12-20","Average",1679,-10
"2018-12-21","Very Hard",2046,21
"2018-12-22","Average",2098,-5
"2018-12-23","Hard",61,5
"2018-12-24","Hard",765,14
"2018-12-25","Very Hard",1048,18
"2018-12-26","Very Easy",591,-48
"2018-12-27","Very Hard",2440,21
"2018-12-28","Very Hard",2568,36
"2018-12-29","Very Easy",1328,-37
"2018-12-30","Hard",60,8
"2018-12-31","Average",494,-10
"2019-01-01","Average",823,-5
"2019-01-02","Average",1194,-2
"2019-01-03","Average",1660,-6
"2019-01-04","Very Hard",2050,18
"2019-01-05","Average",1893,-9
"2019-01-06","Hard",3541,2
"2019-01-07","Hard",612,2
"2019-01-08","Very Easy",567,-34
"2019-01-09","Easy",876,-25
"2019-01-10","Average",1558,-11
"2019-01-11","Easy",1291,-17
"2019-01-12","Easy",1585,-21
"2019-01-13","Very Easy",2297,-29
"2019-01-14","Average",568,-5
"2019-01-15","Very Hard",1279,31
"2019-01-16","Easy",923,-18
"2019-01-17","Easy",1283,-26
"2019-01-18","Very Hard",2305,30
"2019-01-19","Easy",1431,-27
"2019-01-20","Average",2924,-8
"2019-01-21","Easy",458,-21
"2019-01-22","Hard",925,4
"2019-01-23","Very Easy",824,-28
"2019-01-24","Average",1613,-11
"2019-01-25","Average",1503,-10
"2019-01-26","Very Easy",1373,-31
"2019-01-27","Hard",65,7
"2019-01-28","Easy",471,-18
"2019-01-29","Easy",587,-27
"2019-01-30","Easy",893,-20
"2019-01-31","Very Easy",1213,-28
"2019-02-01","Average",1583,-8
"2019-02-02","Hard",2225,12
"2019-02-03","Average",3494,-1
"2019-02-04","Average",487,-15
"2019-02-05","Very Easy",475,-45
"2019-02-06","Easy",969,-18
"2019-02-07","Hard",2169,16
"2019-02-08","Easy",1313,-27
"2019-02-09","Hard",2179,8
"2019-02-10","Average",3049,-9
"2019-02-11","Easy",432,-24
"2019-02-12","Average",687,-16
"2019-02-13","Very Easy",661,-37
"2019-02-14","Easy",1262,-25
"2019-02-15","Average",1857,-2
"2019-02-16","Easy",1417,-21
"2019-02-17","Average",3163,-4
"2019-02-18","Easy",431,-21
"2019-02-19","Average",809,-1
"2019-02-20","Very Easy",624,-35
"2019-02-21","Very Easy",1128,-29
"2019-02-22","Easy",1366,-19
"2019-02-23","Very Easy",1201,-33
"2019-02-24","Very Easy",2087,-32
"2019-02-25","Average",478,-12
"2019-02-26","Hard",926,5
"2019-02-27","Hard",1005,7
"2019-02-28","Hard",1810,2
"2019-03-01","Average",1733,-8
"2019-03-02","Hard",2027,5
"2019-03-03","Average",2883,-9
"2019-03-04","Very Hard",866,38
"2019-03-05","Average",768,-11
"2019-03-06","Very Hard",1270,25
"2019-03-07","Easy",1244,-24
"2019-03-08","Easy",1373,-21
"2019-03-09","Hard",2422,16
"2019-03-10","Average",3324,0
"2019-03-11","Very Easy",395,-34
"2019-03-12","Very Hard",1152,24
"2019-03-13","Very Hard",1316,18
"2019-03-14","Very Hard",2061,22
"2019-03-15","Hard",1905,5
"2019-03-16","Hard",2307,13
"2019-03-17","Average",2662,-13
"2019-03-18","Average",561,0
"2019-03-19","Average",780,-6
"2019-03-20","Average",936,-8
"2019-03-21","Very Easy",956,-38
"2019-03-22","Very Hard",2492,25
"2019-03-23","Very Easy",1294,-28
"2019-03-24","Average",2516,-10
"2019-03-25","Average",518,-6
"2019-03-26","Very Easy",565,-35
"2019-03-27","Very Easy",683,-30
"2019-03-28","Average",1338,-10
"2019-03-29","Average",1747,-5
"2019-03-30","Average",1532,-15
"2019-03-31","Hard",3592,6
"2019-04-01","Easy",397,-27
"2019-04-02","Average",807,-2
"2019-04-03","Easy",774,-17
"2019-04-04","Average",1574,0
"2019-04-05","Average",1526,-12
"2019-04-06","Average",2160,1
"2019-04-07","Easy",2569,-17
"2019-04-08","Average",475,-11
"2019-04-09","Very Hard",1428,52
"2019-04-10","Average",957,-5
"2019-04-11","Average",1659,1
"2019-04-12","Very Easy",1082,-33
"2019-04-13","Very Easy",1250,-30
"2019-04-14","Average",2406,-16
"2019-04-15","Easy",425,-21
"2019-04-16","Average",797,-7
"2019-04-17","Very Easy",510,-47
"2019-04-18","Easy",1217,-20
"2019-04-19","Easy",1273,-22
"2019-04-20","Average",1696,-4
"2019-04-21","Hard",3084,1
"2019-04-22","Average",459,-14
"2019-04-23","Very Easy",575,-33
"2019-04-24","Very Easy",639,-34
"2019-04-25","Hard",1667,5
"2019-04-26","Hard",1825,3
"2019-04-27","Average",1469,-16
"2019-04-28","Average",2632,-5
"2019-04-29","Average",524,-2
"2019-04-30","Very Easy",591,-32
"2019-05-01","Average",793,-12
"2019-05-02","Hard",1666,10
"2019-05-03","Hard",1777,4
"2019-05-04","Very Hard",2314,23
"2019-05-05","Average",2636,-4
"2019-05-06","Average",532,-4
"2019-05-07","Average",836,-7
"2019-05-08","Average",1002,-1
"2019-05-09","Hard",1891,12
"2019-05-10","Easy",1300,-22
"2019-05-11","Average",1707,-8
"2019-05-12","Hard",3234,5
"2019-05-13","Hard",633,5
"2019-05-14","Average",891,0
"2019-05-15","Average",779,-16
"2019-05-16","Hard",1719,4
"2019-05-17","Hard",1869,5
"2019-05-18","Easy",1531,-18
"2019-05-19","Very Hard",64,17
"2019-05-20","Very Hard",690,21
"2019-05-21","Very Easy",562,-35
"2019-05-22","Hard",929,2
"2019-05-23","Average",1430,-12
"2019-05-24","Hard",2072,11
"2019-05-25","Average",1627,-10
"2019-05-26","Hard",3514,4
"2019-05-27","Easy",413,-27
"2019-05-28","Very Easy",526,-37
"2019-05-29","Very Hard",1099,18
"2019-05-30","Easy",1264,-17
"2019-05-31","Average",1550,-11
"2019-06-01","Very Easy",1213,-27
"2019-06-02","Easy",2191,-23
"2019-06-03","Average",502,-8
"2019-06-04","Easy",658,-17
"2019-06-05","Very Hard",1183,23
"2019-06-06","Average",1573,-6
"2019-06-07","Average",1746,-1
"2019-06-08","Average",1786,-2
"2019-06-09","Hard",3424,2
"2019-06-10","Average",494,-8
"2019-06-11","Easy",631,-22
"2019-06-12","Very Hard",1221,23
"2019-06-13","Easy",1202,-27
"2019-06-14","Average",1344,-15
"2019-06-15","Average",1612,-9
"2019-06-16","Hard",3343,4
"2019-06-17","Very Easy",390,-31
"2019-06-18","Hard",875,11
"2019-06-19","Very Hard",1373,32
"2019-06-20","Easy",1152,-26
"2019-06-21","Easy",1252,-26
"2019-06-22","Average",1713,-7
"2019-06-23","Average",2766,-4
"2019-06-24","Average",511,-3
"2019-06-25","Hard",868,11
"2019-06-26","Hard",1134,8
"2019-06-27","Easy",1133,-24
"2019-06-28","Average",1419,-15
"2019-06-29","Very Easy",1190,-29
"2019-06-30","Easy",2182,-24
"2019-07-01","Hard",590,2
"2019-07-02","Easy",594,-19
"2019-07-03","Very Easy",751,-29
"2019-07-04","Easy",1242,-21
"2019-07-05","Average",1455,-13
"2019-07-06","Hard",2042,11
"2019-07-07","Hard",3132,4
"2019-07-08","Hard",631,7
"2019-07-09","Hard",780,5
"2019-07-10","Hard",1220,10
"2019-07-11","Hard",1710,10
"2019-07-12","Easy",1305,-18
"2019-07-13","Hard",2082,10
"2019-07-14","Very Easy",2033,-27
"2019-07-15","Average",491,-11
"2019-07-16","Average",694,-11
"2019-07-17","Very Easy",628,-42
"2019-07-18","Easy",1236,-17
"2019-07-19","Average",1392,-10
"2019-07-20","Hard",1957,3
"2019-07-21","Easy",2102,-25
"2019-07-22","Easy",424,-23
"2019-07-23","Easy",569,-22
"2019-07-24","Hard",1230,7
"2019-07-25","Easy",1157,-18
"2019-07-26","Hard",1860,11
"2019-07-27","Very Hard",2291,25
"2019-07-28","Average",2474,-15
"2019-07-29","Average",538,-4
"2019-07-30","Easy",514,-26
"2019-07-31","Hard",1215,2
"2019-08-01","Hard",1553,8
"2019-08-02","Easy",1166,-23
"2019-08-03","Average",1815,-3
"2019-08-04","Easy",2123,-18
"2019-08-05","Easy",414,-23
"2019-08-06","Very Hard",1026,32
"2019-08-07","Hard",1195,2
"2019-08-08","Hard",1485,3
"2019-08-09","Average",1370,-10
"2019-08-10","Average",1630,-9
"2019-08-11","Average",2799,-1
"2019-08-12","Average",504,-4
"2019-08-13","Very Easy",527,-31
"2019-08-14","Easy",948,-17
"2019-08-15","Hard",1534,2
"2019-08-16","Average",1571,-1
"2019-08-17","Hard",2067,5
"2019-08-18","Easy",1982,-23
"2019-08-19","Hard",702,17
"2019-08-20","Very Easy",460,-39
"2019-08-21","Hard",1511,15
"2019-08-22","Average",1371,-5
"2019-08-23","Average",1490,-6
"2019-08-24","Hard",1886,2
"2019-08-25","Very Hard",67,30
"2019-08-26","Easy",417,-24
"2019-08-27","Hard",784,5
"2019-08-28","Easy",882,-23
"2019-08-29","Average",1428,-3
"2019-08-30","Average",1258,-15
"2019-08-31","Very Easy",1247,-32
"2019-09-01","Hard",2881,3
"2019-09-02","Hard",590,4
"2019-09-03","Hard",838,10
"2019-09-04","Very Easy",708,-33
"2019-09-05","Hard",1926,17
"2019-09-06","Very Hard",2146,23
"2019-09-07","Hard",2208,8
"2019-09-08","Hard",3284,16
"2019-09-09","Average",503,-8
"2019-09-10","Easy",523,-26
"2019-09-11","Very Hard",1474,28
"2019-09-12","Easy",1155,-22
"2019-09-13","Average",1291,-15
"2019-09-14","Average",1965,0
"2019-09-15","Average",2470,-8
"2019-09-16","Average",554,-2
"2019-09-17","Average",710,-3
"2019-09-18","Very Easy",618,-43
"2019-09-19","Average",1380,-7
"2019-09-20","Average",1483,-3
"2019-09-21","Hard",2014,2
"2019-09-22","Easy",2138,-17
"2019-09-23","Average",550,1
"2019-09-24","Hard",852,8
"2019-09-25","Very Easy",713,-32
"2019-09-26","Average",1388,-6
"2019-09-27","Average",1386,-12
"2019-09-28","Very Easy",1238,-34
"2019-09-29","Average",2195,-14
"2019-09-30","Easy",462,-17
"2019-10-01","Easy",571,-21
"2019-10-02","Average",1015,-2
"2019-10-03","Very Easy",892,-38
"2019-10-04","Hard",1857,9
"2019-10-05","Easy",1468,-22
"2019-10-06","Average",2466,-9
"2019-10-07","Very Easy",387,-31
"2019-10-08","Average",713,-5
"2019-10-09","Very Hard",1829,50
"2019-10-10","Average",1462,-4
"2019-10-11","Average",1485,-6
"2019-10-12","Easy",1396,-21
"2019-10-13","Average",2568,-6
"2019-10-14","Hard",613,9
"2019-10-15","Hard",757,2
"2019-10-16","Easy",834,-24
"2019-10-17","Hard",1683,4
"2019-10-18","Average",1590,-3
"2019-10-19","Hard",2216,13
"2019-10-20","Average",2828,-2
"2019-10-21","Very Easy",412,-27
"2019-10-22","Hard",755,4
"2019-10-23","Average",938,-10
"2019-10-24","Easy",1147,-21
"2019-10-25","Average",1335,-14
"2019-10-26","Very Easy",1248,-29
"2019-10-27","Easy",2170,-18
"2019-10-28","Easy",401,-27
"2019-10-29","Easy",559,-23
"2019-10-30","Very Easy",729,-35
"2019-10-31","Easy",1067,-24
"2019-11-01","Very Easy",1151,-28
"2019-11-02","Average",1461,-15
"2019-11-03","Hard",2922,2
"2019-11-04","Easy",397,-26
"2019-11-05","Easy",557,-23
"2019-11-06","Very Easy",723,-29
"2019-11-07","Very Hard",2388,40
"2019-11-08","Average",1385,-9
"2019-11-09","Very Easy",853,-48
"2019-11-10","Hard",2761,4
"2019-11-11","Average",513,-5
"2019-11-12","Average",602,-15
"2019-11-13","Hard",1248,12
"2019-11-14","Easy",1127,-22
"2019-11-15","Easy",1193,-24
"2019-11-16","Easy",1395,-18
"2019-11-17","Hard",3208,9
"2019-11-18","Hard",601,9
"2019-11-19","Average",684,-3
"2019-11-20","Very Easy",741,-29
"2019-11-21","Hard",1613,14
"2019-11-22","Easy",1142,-21
"2019-11-23","Hard",1727,2
"2019-11-24","Very Hard",65,31
"2019-11-25","Hard",609,13
"2019-11-26","Very Easy",500,-29
"2019-11-27","Average",962,-4
"2019-11-28","Average",1364,-9
"2019-11-29","Hard",1565,3
"2019-11-30","Average",1519,-7
"2019-12-01","Easy",2317,-19
"2019-12-02","Average",461,-13
"2019-12-03","Average",698,-3
"2019-12-04","Very Easy",512,-51
"2019-12-05","Easy",1117,-25
"2019-12-06","Hard",1770,10
"2019-12-07","Very Hard",3415,74
"2019-12-08","Hard",3105,3
"2019-12-09","Easy",404,-21
"2019-12-10","Average",588,-14
"2019-12-11","Hard",1193,10
"2019-12-12","Very Hard",1937,20
"2019-12-13","Easy",1201,-20
"2019-12-14","Hard",1980,8
"2019-12-15","Average",2696,-6
"2019-12-16","Average",499,-5
"2019-12-17","Average",672,-5
"2019-12-18","Average",890,-12
"2019-12-19","Average",1436,-5
"2019-12-20","Hard",1644,7
"2019-12-21","Average",1933,1
"2019-12-22","Average",2501,-10
"2019-12-23","Easy",424,-18
"2019-12-24","Average",688,-2
"2019-12-25","Easy",788,-19
"2019-12-26","Hard",1875,7
"2019-12-27","Very Easy",1067,-28
"2019-12-28","Easy",1509,-19
"2019-12-29","Average",2625,-9
"2019-12-30","Easy",397,-20
"2019-12-31","Very Easy",476,-31
"2020-01-01","Average",890,-6
"2020-01-02","Easy",1164,-24
"2020-01-03","Average",1280,-12
"2020-01-04","Average",1707,-7
"2020-01-05","Average",2909,0
"2020-01-06","Hard",619,15
"2020-01-07","Average",585,-16
"2020-01-08","Average",1016,1
"2020-01-09","Very Hard",2137,23
"2020-01-10","Very Hard",2416,40
"2020-01-11","Hard",2026,5
"2020-01-12","Very Easy",1881,-35
"2020-01-13","Very Hard",672,19
"2020-01-14","Easy",486,-26
"2020-01-15","Hard",1042,3
"2020-01-16","Hard",2022,9
"2020-01-17","Very Easy",1120,-27
"2020-01-18","Average",1869,-3
"2020-01-19","Very Hard",66,24
"2020-01-20","Easy",436,-24
"2020-01-21","Very Hard",867,21
"2020-01-22","Hard",1162,12
"2020-01-23","Average",1447,-10
"2020-01-24","Average",1405,-9
"2020-01-25","Hard",2270,7
"2020-01-26","Very Easy",2081,-30
"2020-01-27","Average",527,-4
"2020-01-28","Very Easy",463,-32
"2020-01-29","Hard",1148,14
"2020-01-30","Very Easy",1055,-34
"2020-01-31","Average",1346,-10
"2020-02-01","Very Hard",2842,23
"2020-02-02","Easy",2336,-20
"2020-02-03","Easy",411,-22
"2020-02-04","Easy",544,-17
"2020-02-05","Average",1045,-3
"2020-02-06","Average",1400,-9
"2020-02-07","Average",1400,-9
"2020-02-08","Very Easy",1327,-34
"2020-02-09","Very Easy",1909,-29
"2020-02-10","Hard",623,13
"2020-02-11","Easy",534,-19
"2020-02-12","Average",869,-16
"2020-02-13","Easy",1312,-17
"2020-02-14","Easy",1180,-22
"2020-02-15","Average",1888,-11
"2020-02-16","Average",2598,-5
"2020-02-17","Average",447,-16
"2020-02-18","Average",641,-1
"2020-02-19","Average",952,-6
"2020-02-20","Hard",1741,5
"2020-02-21","Average",1198,-14
"2020-02-22","Average",2037,-1
"2020-02-23","Easy",1980,-22
"2020-02-24","Average",505,-6
"2020-02-25","Average",557,-15
"2020-02-26","Easy",778,-24
"2020-02-27","Very Easy",999,-37
"2020-02-28","Very Easy",992,-36
"2020-02-29","Easy",1625,-20
"2020-03-01","Hard",2937,8
"2020-03-02","Average",508,-7
"2020-03-03","Average",581,-6
"2020-03-04","Hard",1125,3
"2020-03-05","Average",1349,-15
"2020-03-06","Average",1279,-10
"2020-03-07","Very Easy",1346,-30
"2020-03-08","Average",2671,0
"2020-03-09","Average",533,-4
"2020-03-10","Hard",694,6
"2020-03-11","Very Easy",714,-31
"2020-03-12","Average",1331,-15
"2020-03-13","Average",1472,-4
"2020-03-14","Average",1807,-4
"2020-03-15","Hard",3067,14
"2020-03-16","Hard",580,2
"2020-03-17","Average",578,-7
"2020-03-18","Very Easy",665,-33
"2020-03-19","Very Easy",993,-34
"2020-03-20","Average",1464,-1
"2020-03-21","Average",1651,-14
"2020-03-22","Average",2527,-3
"2020-03-23","Average",506,-11
"2020-03-24","Average",606,-5
"2020-03-25","Average",889,-8
"2020-03-26","Average",1305,-9
"2020-03-27","Hard",1670,16
"2020-03-28","Average",1947,-2
"2020-03-29","Easy",1883,-26
"2020-03-30","Easy",410,-21
"2020-03-31","Average",553,-13
"2020-04-01","Easy",760,-22
"2020-04-02","Hard",1601,11
"2020-04-03","Average",1315,-7
"2020-04-04","Very Easy",1325,-30
"2020-04-05","Average",2469,-4
"2020-04-06","Easy",420,-19
"2020-04-07","Easy",507,-19
"2020-04-08","Average",975,-1
"2020-04-09","Average",1255,-10
"2020-04-10","Hard",1650,10
"2020-04-11","Very Hard",2349,18
"2020-04-12","Average",2349,-9
"2020-04-13","Very Easy",331,-39
"2020-04-14","Easy",500,-20
"2020-04-15","Very Hard",1207,22
"2020-04-16","Very Hard",2408,42
"2020-04-17","Average",1260,-14
"2020-04-18","Average",1769,-3
"2020-04-19","Average",2398,-6
"2020-04-20","Average",491,-4
"2020-04-21","Hard",701,12
"2020-04-22","Hard",1020,4
"2020-04-23","Hard",1558,2
"2020-04-24","Hard",1698,14
"2020-04-25","Hard",1981,1
"2020-04-26","Hard",2890,5
"2020-04-27","Easy",389,-21
"2020-04-28","Very Hard",879,32
"2020-04-29","Hard",966,2
"2020-04-30","Average",1234,-15
"2020-05-01","Hard",1780,7
"2020-05-02","Easy",1379,-24
"2020-05-03","Average",2222,-15
"2020-05-04","Hard",519,2
"2020-05-05","Easy",521,-17
"2020-05-06","Average",967,-1
"2020-05-07","Hard",1631,5
"2020-05-08","Average",1358,-10
"2020-05-09","Hard",1953,6
"2020-05-10","Average",2541,-5
"2020-05-11","Hard",543,4
"2020-05-12","Easy",539,-19
"2020-05-13","Hard",1195,12
"2020-05-14","Very Easy",1069,-29
"2020-05-15","Easy",1163,-25
"2020-05-16","Easy",1398,-23
"2020-05-17","Hard",2947,7
"2020-05-18","Average",444,-12
"2020-05-19","Average",592,-10
"2020-05-20","Easy",788,-23
"2020-05-21","Average",1262,-14
"2020-05-22","Average",1419,-9
"2020-05-23","Average",1553,-13
"2020-05-24","Hard",3026,4
"2020-05-25","Average",488,-2
"2020-05-26","Hard",688,3
"2020-05-27","Average",1033,0
"2020-05-28","Average",1407,-7
"2020-05-29","Average",1504,-3
"2020-05-30","Very Easy",1270,-30
"2020-05-31","Average",2574,-1
"2020-06-01","Easy",360,-26
"2020-06-02","Average",597,-8
"2020-06-03","Easy",897,-17
"2020-06-04","Very Easy",868,-41
"2020-06-05","Hard",1917,12
"2020-06-06","Very Hard",2603,35
"2020-06-07","Average",2415,-6
"2020-06-08","Easy",400,-17
"2020-06-09","Hard",737,13
"2020-06-10","Very Easy",575,-44
"2020-06-11","Very Hard",2396,40
"2020-06-12","Easy",1254,-20
"2020-06-13","Very Hard",2676,22
"2020-06-14","Hard",3106,9
"2020-06-15","Easy",386,-18
"2020-06-16","Hard",710,3
"2020-06-17","Hard",1120,6
"2020-06-18","Average",1309,-16
"2020-06-19","Average",1521,-1
"2020-06-20","Very Easy",1310,-32
"2020-06-21","Average",2397,-15
"2020-06-22","Average",417,-12
"2020-06-23","Hard",869,16
"2020-06-24","Average",927,-10
"2020-06-25","Average",1268,-16
"2020-06-26","Average",1360,-13
"2020-06-27","Average",1635,-12
"2020-06-28","Hard",2822,2
"2020-06-29","Average",459,-7
"2020-06-30","Hard",888,17
"2020-07-01","Average",995,-2
"2020-07-02","Easy",1165,-18
"2020-07-03","Easy",1308,-19
"2020-07-04","Average",1884,1
"2020-07-05","Very Easy",1897,-29
"2020-07-06","Average",398,-16
"2020-07-07","Very Easy",517,-32
"2020-07-08","Very Easy",586,-42
"2020-07-09","Hard",1506,2
"2020-07-10","Average",1407,-8
"2020-07-11","Easy",1514,-18
"2020-07-12","Average",2397,-9
"2020-07-13","Average",441,-4
"2020-07-14","Very Hard",1183,47
"2020-07-15","Average",838,-11
"2020-07-16","Very Easy",887,-36
"2020-07-17","Average",1405,-11
"2020-07-18","Easy",1552,-17
"2020-07-19","Hard",3108,6
"2020-07-20","Average",418,-8
"2020-07-21","Very Easy",453,-41
"2020-07-22","Average",907,-5
"2020-07-23","Hard",1678,14
"2020-07-24","Very Easy",891,-40
"2020-07-25","Easy",1378,-21
"2020-07-26","Average",2353,-14
"2020-07-27","Average",432,-4
"2020-07-28","Average",713,-5
"2020-07-29","Average",922,-1
"2020-07-30","Very Easy",613,-58
"2020-07-31","Average",1400,-5
"2020-08-01","Easy",1452,-19
"2020-08-02","Average",2799,-2
"2020-08-03","Average",442,-4
"2020-08-04","Very Hard",1087,32
"2020-08-05","Very Easy",608,-35
"2020-08-06","Hard",1414,2
"2020-08-07","Very Hard",2063,28
"2020-08-08","Easy",1410,-18
"2020-08-09","Easy",2028,-23
"2020-08-10","Average",443,-1
"2020-08-11","Average",684,-15
"2020-08-12","Easy",716,-22
"2020-08-13","Hard",1480,6
"2020-08-14","Very Easy",1061,-29
"2020-08-15","Very Hard",2356,20
"2020-08-16","Easy",1898,-26
"2020-08-17","Average",393,-14
"2020-08-18","Very Easy",441,-46
"2020-08-19","Average",785,-10
"2020-08-20","Average",1239,-13
"2020-08-21","Hard",1493,1
"2020-08-22","Easy",1349,-24
"2020-08-23","Easy",2066,-18
"2020-08-24","Hard",506,10
"2020-08-25","Easy",640,-17
"2020-08-26","Hard",979,5
"2020-08-27","Very Hard",1848,30
"2020-08-28","Easy",1109,-22
"2020-08-29","Easy",1290,-23
"2020-08-30","Easy",1821,-21
"2020-08-31","Hard",485,4
"2020-09-01","Very Easy",508,-34
"2020-09-02","Average",752,-16
"2020-09-03","Easy",1115,-19
"2020-09-04","Average",1371,-5
"2020-09-05","Average",1522,-7
"2020-09-06","Hard",3141,14
"2020-09-07","Hard",497,2
"2020-09-08","Average",721,-6
"2020-09-09","Easy",689,-20
"2020-09-10","Hard",1534,6
"2020-09-11","Average",1356,-6
"2020-09-12","Very Hard",2291,23
"2020-09-13","Average",2370,-4
"2020-09-14","Average",402,-15
"2020-09-15","Very Easy",508,-29
"2020-09-16","Average",865,1
"2020-09-17","Average",1191,-12
"2020-09-18","Average",1250,-12
"2020-09-19","Hard",1816,2
"2020-09-20","Average",2264,-5
"2020-09-21","Average",473,-3
"2020-09-22","Average",621,-12
"2020-09-23","Average",732,-15
"2020-09-24","Hard",1573,10
"2020-09-25","Easy",1113,-19
"2020-09-26","Easy",1370,-19
"2020-09-27","Average",2270,-7
"2020-09-28","Average",457,-7
"2020-09-29","Easy",518,-25
"2020-09-30","Very Easy",619,-29
"2020-10-01","Very Hard",1828,21
"2020-10-02","Easy",1136,-21
"2020-10-03","Hard",1971,8
"2020-10-04","Average",2268,-5
"2020-10-05","Average",439,-9
"2020-10-06","Average",595,-14
"2020-10-07","Very Easy",575,-31
"2020-10-08","Average",1407,-4
"2020-10-09","Easy",1129,-20
"2020-10-10","Average",1578,-11
"2020-10-11","Hard",2520,2
"2020-10-12","Hard",546,11
"2020-10-13","Easy",558,-18
"2020-10-14","Very Hard",1145,37
"2020-10-15","Easy",1137,-25
"2020-10-16","Average",1170,-16
"2020-10-17","Average",1616,-6
"2020-10-18","Easy",1973,-18
"2020-10-19","Average",420,-14
"2020-10-20","Average",585,-7
"2020-10-21","Hard",902,5
"2020-10-22","Hard",1616,6
"2020-10-23","Average",1206,-9
"2020-10-24","Hard",2112,14
"2020-10-25","Hard",2840,10
"2020-10-26","Easy",374,-25
"2020-10-27","Average",521,-16
"2020-10-28","Very Hard",1724,80
"2020-10-29","Easy",1263,-18
"2020-10-30","Hard",1564,16
"2020-10-31","Hard",1932,7
"2020-11-01","Hard",2881,8
"2020-11-02","Easy",377,-22
"2020-11-03","Average",614,-1
"2020-11-04","Average",936,-5
"2020-11-05","Hard",1588,4
"2020-11-06","Hard",1393,3
"2020-11-07","Hard",2192,15
"2020-11-08","Average",2434,-3
"2020-11-09","Average",458,-7
"2020-11-10","Very Hard",824,26
"2020-11-11","Average",841,-11
"2020-11-12","Easy",1218,-18
"2020-11-13","Easy",1034,-20
"2020-11-14","Very Easy",1318,-30
"2020-11-15","Easy",1950,-20
"2020-11-16","Hard",493,4
"2020-11-17","Average",607,-7
"2020-11-18","Very Easy",652,-32
"2020-11-19","Very Easy",1031,-32
"2020-11-20","Average",1293,-3
"2020-11-21","Hard",2142,8
"2020-11-22","Average",2344,-5
"2020-11-23","Average",478,1
"2020-11-24","Hard",663,5
"2020-11-25","Very Easy",635,-34
"2020-11-26","Average",1448,-5
"2020-11-27","Average",1200,-6
"2020-11-28","Very Easy",945,-50
"2020-11-29","Average",2146,-12
"2020-11-30","Average",410,-16
"2020-12-01","Average",631,-8
"2020-12-02","Average",886,-10
"2020-12-03","Very Easy",996,-33
"2020-12-04","Average",1352,-1
"2020-12-05","Average",1706,-5
"2020-12-06","Easy",2050,-17
"2020-12-07","Average",428,-10
"2020-12-08","Average",569,-12
"2020-12-09","Very Easy",681,-28
"2020-12-10","Average",1224,-15
"2020-12-11","Average",1131,-16
"2020-12-12","Average",1964,1
"2020-12-13","Very Easy",1580,-34
"2020-12-14","Hard",540,12
"2020-12-15","Average",583,-12
"2020-12-16","Very Easy",675,-30
"2020-12-17","Very Easy",905,-33
"2020-12-18","Hard",1574,12
"2020-12-19","Average",1632,-12
"2020-12-20","Average",2360,-3
"2020-12-21","Hard",514,6
"2020-12-22","Average",655,-2
"2020-12-23","Hard",1102,12
"2020-12-24","Easy",1016,-24
"2020-12-25","Easy",991,-27
"2020-12-26","Average",1965,1
"2020-12-27","Average",2092,-11
"2020-12-28","Average",451,-6
"2020-12-29","Easy",527,-19
"2020-12-30","Very Easy",657,-30
"2020-12-31","Average",1279,-3
"2021-01-01","Average",1379,-2
"2021-01-02","Average",1840,-4
"2021-01-03","Easy",1937,-18
"2021-01-04","Hard",547,8
"2021-01-05","Hard",716,5
"2021-01-06","Very Easy",649,-30
"2021-01-07","Average",1126,-12
"2021-01-08","Average",1281,-9
"2021-01-09","Average",1753,-7
"2021-01-10","Average",2064,-10
"2021-01-11","Easy",369,-27
"2021-01-12","Average",672,-3
"2021-01-13","Easy",633,-25
"2021-01-14","Average",1188,-10
"2021-01-15","Easy",1108,-19
"2021-01-16","Average",1946,1
"2021-01-17","Average",2412,0
"2021-01-18","Average",459,-7
"2021-01-19","Average",709,0
"2021-01-20","Hard",926,9
"2021-01-21","Very Hard",1687,23
"2021-01-22","Average",1283,-6
"2021-01-23","Hard",2159,12
"2021-01-24","Average",2303,0
"2021-01-25","Average",460,-7
"2021-01-26","Very Hard",945,28
"2021-01-27","Easy",635,-21
"2021-01-28","Average",1336,1
"2021-01-29","Average",1156,-16
"2021-01-30","Easy",1532,-17
"2021-01-31","Hard",2427,4
"2021-02-01","Easy",374,-24
"2021-02-02","Average",648,-11
"2021-02-03","Easy",676,-17
"2021-02-04","Very Easy",936,-29
"2021-02-05","Easy",1042,-21
"2021-02-06","Very Easy",1211,-32
"2021-02-07","Easy",1736,-20
"2021-02-08","Hard",505,2
"2021-02-09","Average",652,-6
"2021-02-10","Average",697,-15
"2021-02-11","Average",1161,-7
"2021-02-12","Hard",1407,6
"2021-02-13","Easy",1364,-24
"2021-02-14","Very Hard",3266,33
"2021-02-15","Hard",572,15
"2021-02-16","Average",611,-15
"2021-02-17","Easy",623,-22
"2021-02-18","Average",1295,1
"2021-02-19","Hard",1531,13
"2021-02-20","Easy",1439,-17
"2021-02-21","Easy",1840,-18
"2021-02-22","Average",488,-5
"2021-02-23","Very Easy",448,-35
"2021-02-24","Average",724,-9
"2021-02-25","Average",1366,1
"2021-02-26","Hard",1640,16
"2021-02-27","Very Easy",1198,-29
"2021-02-28","Average",2354,1
"2021-03-01","Very Easy",357,-29
"2021-03-02","Average",715,-1
"2021-03-03","Easy",620,-19
"2021-03-04","Average",1236,-7
"2021-03-05","Average",1198,-14
"2021-03-06","Easy",1311,-20
"2021-03-07","Average",2263,-2
"2021-03-08","Hard",543,9
"2021-03-09","Very Easy",507,-28
"2021-03-10","Hard",795,6
"2021-03-11","Average",1204,-8
"2021-03-12","Average",1211,-12
"2021-03-13","Average",1533,-5
"2021-03-14","Hard",2502,7
"2021-03-15","Average",440,-13
"2021-03-16","Hard",737,5
"2021-03-17","Hard",858,11
"2021-03-18","Average",1302,-3
"2021-03-19","Very Hard",2049,40
"2021-03-20","Average",1513,-8
"2021-03-21","Average",2358,-2
"2021-03-22","Average",432,-11
"2021-03-23","Hard",802,10
"2021-03-24","Hard",808,4
"2021-03-25","Hard",1605,15
"2021-03-26","Average",1239,-12
"2021-03-27","Hard",1718,3
"2021-03-28","Very Easy",1464,-36
"2021-03-29","Average",489,-3
"2021-03-30","Average",644,-10
"2021-03-31","Hard",884,8
"2021-04-01","Hard",1519,4
"2021-04-02","Very Easy",965,-33
"2021-04-03","Hard",1833,16
"2021-04-04","Hard",2428,4
"2021-04-05","Average",498,-3
"2021-04-06","Average",686,-5
"2021-04-07","Easy",634,-18
"2021-04-08","Average",1177,-13
"2021-04-09","Average",1273,-10
"2021-04-10","Hard",1688,3
"2021-04-11","Hard",2439,2
"2021-04-12","Average",419,-16
"2021-04-13","Very Easy",464,-32
"2021-04-14","Average",687,-15
"2021-04-15","Average",1293,-7
"2021-04-16","Average",1276,-11
"2021-04-17","Very Easy",1076,-31
"2021-04-18","Average",2085,-11
"2021-04-19","Easy",419,-17
"2021-04-20","Very Easy",443,-33
"2021-04-21","Average",743,-5
"2021-04-22","Average",1214,-11
"2021-04-23","Average",1308,-5
"2021-04-24","Average",1570,-2
"2021-04-25","Average",2297,-2
"2021-04-26","Hard",532,7
"2021-04-27","Easy",501,-20
"2021-04-28","Easy",641,-18
"2021-04-29","Very Hard",1683,18
"2021-04-30","Very Easy",976,-30
"2021-05-01","Average",1514,-4
"2021-05-02","Easy",1767,-21
"2021-05-03","Hard",512,3
"2021-05-04","Very Easy",412,-33
"2021-05-05","Easy",655,-17
"2021-05-06","Easy",1104,-24
"2021-05-07","Average",1206,-12
"2021-05-08","Easy",1234,-22
"2021-05-09","Average",2187,-6
"2021-05-10","Easy",386,-22
"2021-05-11","Very Easy",429,-32
"2021-05-12","Average",759,-5
"2021-05-13","Easy",1058,-24
"2021-05-14","Easy",1012,-24
"2021-05-15","Hard",1776,10
"2021-05-16","Very Hard",3474,43
"2021-05-17","Easy",382,-22
"2021-05-18","Easy",459,-25
"2021-05-19","Hard",902,6
"2021-05-20","Very Hard",1996,31
"2021-05-21","Hard",1645,15
"2021-05-22","Hard",1751,3
"2021-05-23","Easy",1799,-22
"2021-05-24","Easy",391,-18
"2021-05-25","Very Hard",742,17
"2021-05-26","Easy",632,-21
"2021-05-27","Easy",1111,-23
"2021-05-28","Very Hard",1977,44
"2021-05-29","Hard",1768,6
"2021-05-30","Average",1996,-14
"2021-05-31","Easy",364,-22
"2021-06-01","Easy",438,-26
"2021-06-02","Average",768,-5
"2021-06-03","Average",1214,-16
"2021-06-04","Average",1219,-11
"2021-06-05","Average",1524,-8
"2021-06-06","Average",2409,-1
"2021-06-07","Easy",364,-21
"2021-06-08","Very Hard",883,45
"2021-06-09","Easy",602,-21
"2021-06-10","Easy",1062,-26
"2021-06-11","Average",1152,-15
"2021-06-12","Very Easy",1161,-29
"2021-06-13","Average",2204,-8
"2021-06-14","Average",390,-13
"2021-06-15","Easy",478,-19
"2021-06-16","Average",785,1
"2021-06-17","Very Easy",940,-30
"2021-06-18","Average",1309,-9
"2021-06-19","Easy",1266,-20
"2021-06-20","Easy",1947,-20
"2021-06-21","Average",414,-6
"2021-06-22","Hard",591,3
"2021-06-23","Average",694,-10
"2021-06-24","Hard",1500,8
"2021-06-25","Very Easy",998,-28
"2021-06-26","Hard",1804,12
"2021-06-27","Average",2062,-13
"2021-06-28","Very Hard",551,19
"2021-06-29","Very Hard",813,34
"2021-06-30","Average",726,-3
"2021-07-01","Easy",1064,-24
"2021-07-02","Easy",1102,-20
"2021-07-03","Hard",1921,13
"2021-07-04","Average",1992,-13
"2021-07-05","Hard",484,6
"2021-07-06","Very Easy",447,-27
"2021-07-07","Average",728,-6
"2021-07-08","Very Hard",1680,19
"2021-07-09","Easy",1032,-23
"2021-07-10","Hard",1993,12
"2021-07-11","Hard",2373,2
"2021-07-12","Hard",511,12
"2021-07-13","Hard",659,6
"2021-07-14","Average",775,0
"2021-07-15","Easy",1041,-22
"2021-07-16","Average",1255,-7
"2021-07-17","Very Hard",2326,25
"2021-07-18","Average",2024,-13
"2021-07-19","Average",446,-1
"2021-07-20","Average",567,-8
"2021-07-21","Hard",949,15
"2021-07-22","Average",1107,-16
"2021-07-23","Hard",1596,16
"2021-07-24","Very Easy",1248,-28
"2021-07-25","Average",2205,-3
"2021-07-26","Average",391,-14
"2021-07-27","Easy",510,-21
"2021-07-28","Very Hard",1197,41
"2021-07-29","Average",1212,-9
"2021-07-30","Average",1228,-14
"2021-07-31","Average",1743,-3
"2021-08-01","Hard",2457,7
"2021-08-02","Easy",340,-27
"2021-08-03","Average",649,-3
"2021-08-04","Average",722,-14
"2021-08-05","Easy",1037,-17
"2021-08-06","Hard",1584,9
"2021-08-07","Average",1588,-10
"2021-08-08","Easy",1889,-17
"2021-08-09","Hard",550,16
"2021-08-10","Average",568,-11
"2021-08-11","Easy",653,-22
"2021-08-12","Hard",1378,7
"2021-08-13","Hard",1416,6
"2021-08-14","Average",1596,-11
"2021-08-15","Average",2279,-2
"2021-08-16","Average",417,-11
"2021-08-17","Average",643,-4
"2021-08-18","Very Easy",587,-29
"2021-08-19","Hard",1560,14
"2021-08-20","Hard",1417,3
"2021-08-21","Easy",1416,-18
"2021-08-22","Hard",2357,5
"2021-08-23","Hard",569,16
"2021-08-24","Average",643,0
"2021-08-25","Average",755,-10
"2021-08-26","Very Hard",1834,28
"2021-08-27","Very Easy",926,-32
"2021-08-28","Hard",1869,6
"2021-08-29","Hard",2393,3
"2021-08-30","Hard",565,12
"2021-08-31","Average",609,-5
"2021-09-01","Average",829,-3
"2021-09-02","Hard",1463,5
"2021-09-03","Hard",1537,13
"2021-09-04","Hard",2020,11
"2021-09-05","Very Hard",3120,28
"2021-09-06","Average",466,-8
"2021-09-07","Very Easy",458,-29
"2021-09-08","Easy",658,-20
"2021-09-09","Average",1459,-2
"2021-09-10","Hard",1401,2
"2021-09-11","Hard",2043,4
"2021-09-12","Easy",1769,-25
"2021-09-13","Easy",386,-21
"2021-09-14","Hard",718,11
"2021-09-15","Average",719,-12
"2021-09-16","Very Easy",822,-43
"2021-09-17","Average",1161,-16
"2021-09-18","Average",1656,-9
"2021-09-19","Hard",2579,7
"2021-09-20","Average",413,-16
"2021-09-21","Hard",692,7
"2021-09-22","Very Easy",544,-36
"2021-09-23","Average",1356,0
"2021-09-24","Average",1229,-14
"2021-09-25","Average",1764,-4
"2021-09-26","Average",2097,-12
"2021-09-27","Average",416,-13
"2021-09-28","Very Hard",772,18
"2021-09-29","Very Hard",994,21
"2021-09-30","Easy",1067,-22
"2021-10-01","Average",1213,-14
"2021-10-02","Easy",1458,-18
"2021-10-03","Hard",2988,10
"2021-10-04","Average",410,-16
"2021-10-05","Easy",497,-25
"2021-10-06","Very Hard",1274,49
"2021-10-07","Hard",1517,7
"2021-10-08","Very Easy",892,-35
"2021-10-09","Very Easy",1271,-28
"2021-10-10","Hard",2788,8
"2021-10-11","Easy",404,-17
"2021-10-12","Average",554,-16
"2021-10-13","Hard",881,4
"2021-10-14","Very Easy",922,-33
"2021-10-15","Average",1143,-15
"2021-10-16","Average",1481,-14
"2021-10-17","Easy",1851,-26
"2021-10-18","Average",488,-2
"2021-10-19","Average",582,-12
"2021-10-20","Hard",980,10
"2021-10-21","Very Easy",987,-28
"2021-10-22","Easy",1088,-19
"2021-10-23","Hard",1836,5
"2021-10-24","Easy",1935,-21
"2021-10-25","Hard",516,5
"2021-10-26","Easy",540,-18
"2021-10-27","Very Easy",537,-39
"2021-10-28","Easy",997,-26
"2021-10-29","Very Easy",851,-35
"2021-10-30","Easy",1348,-23
"2021-10-31","Hard",2851,9
"2021-11-01","Average",433,-13
"2021-11-02","Easy",523,-18
"2021-11-03","Easy",693,-20
"2021-11-04","Average",1165,-10
"2021-11-05","Average",1217,-3
"2021-11-06","Average",1511,-15
"2021-11-07","Average",2276,-10
"2021-11-08","Easy",364,-25
"2021-11-09","Average",596,-5
"2021-11-10","Average",772,-11
"2021-11-11","Very Hard",1826,32
"2021-11-12","Very Hard",1707,24
"2021-11-13","Very Easy",1213,-29
"2021-11-14","Very Easy",1741,-30
"2021-11-15","Average",469,1
"2021-11-16","Average",604,-6
"2021-11-17","Average",820,-4
"2021-11-18","Very Easy",728,-46
"2021-11-19","Very Easy",954,-29
"2021-11-20","Easy",1352,-20
"2021-11-21","Average",2196,-9
"2021-11-22","Average",427,-8
"2021-11-23","Very Easy",455,-31
"2021-11-24","Very Hard",1076,21
"2021-11-25","Average",1156,-10
"2021-11-26","Hard",1414,7
"2021-11-27","Average",1462,-11
"2021-11-28","Average",2321,-4
"2021-11-29","Average",432,-8
"2021-11-30","Average",568,-9
"2021-12-01","Average",801,-12
"2021-12-02","Hard",1346,3
"2021-12-03","Very Hard",1610,21
"2021-12-04","Average",1344,-14
"2021-12-05","Very Easy",1568,-34
"2021-12-06","Average",423,-10
"2021-12-07","Very Easy",422,-31
"2021-12-08","Easy",729,-23
"2021-12-09","Easy",952,-24
"2021-12-10","Very Hard",2062,44
"2021-12-11","Easy",1207,-20
"2021-12-12","Hard",2564,7
"2021-12-13","Easy",365,-23
"2021-12-14","Easy",444,-22
"2021-12-15","Easy",696,-24
"2021-12-16","Hard",1472,14
"2021-12-17","Easy",1049,-23
"2021-12-18","Very Hard",1976,26
"2021-12-19","Average",2170,-7
"2021-12-20","Hard",506,8
"2021-12-21","Hard",600,3
"2021-12-22","Hard",1023,13
"2021-12-23","Easy",1012,-20
"2021-12-24","Hard",1568,8
"2021-12-25","Hard",1756,5
"2021-12-26","Very Hard",2969,25
"2021-12-27","Easy",388,-20
"2021-12-28","Hard",675,10
"2021-12-29","Average",846,-6
"2021-12-30","Easy",917,-26
"2021-12-31","Hard",1572,5
"2022-01-01","Very Hard",2057,22
"2022-01-02","Average",2232,-8
"2022-01-03","Average",417,-10
"2022-01-04","Very Hard",729,19
"2022-01-05","Average",736,-16
"2022-01-06","Easy",1022,-17
"2022-01-07","Very Easy",1090,-28
"2022-01-08","Hard",1805,7
"2022-01-09","Hard",2825,11
"2022-01-10","Average",373,-16
"2022-01-11","Average",557,-12
"2022-01-12","Very Easy",601,-32
"2022-01-13","Average",1161,-7
"2022-01-14","Average",1320,-11
"2022-01-15","Easy",1248,-26
"2022-01-16","Average",2373,-7
"2022-01-17","Hard",467,3
"2022-01-18","Average",629,1
"2022-01-19","Very Easy",613,-32
"2022-01-20","Very Easy",749,-40
"2022-01-21","Hard",1710,8
"2022-01-22","Very Easy",949,-41
"2022-01-23","Easy",1953,-20
"2022-01-24","Average",413,-10
"2022-01-25","Hard",636,1
"2022-01-26","Very Easy",530,-37
"2022-01-27","Very Hard",1604,30
"2022-01-28","Easy",1127,-26
"2022-01-29","Average",1607,-3
"2022-01-30","Average",2453,0
"2022-01-31","Average",425,-5
"2022-02-01","Average",572,-10
"2022-02-02","Average",704,-15
"2022-02-03","Hard",1318,7
"2022-02-04","Easy",1200,-23
"2022-02-05","Hard",2047,17
"2022-02-06","Average",2516,1
"2022-02-07","Average",389,-12
"2022-02-08","Easy",470,-25
"2022-02-09","Average",704,-13
"2022-02-10","Hard",1382,9
"2022-02-11","Hard",1633,7
"2022-02-12","Average",1693,-3
"2022-02-13","Very Easy",1595,-37
"2022-02-14","Easy",346,-22
"2022-02-15","Easy",505,-18
"2022-02-16","Hard",934,16
"2022-02-17","Average",1084,-13
"2022-02-18","Very Easy",1011,-32
"2022-02-19","Average",1484,-13
"2022-02-20","Hard",2807,8
"2022-02-21","Very Hard",702,49
"2022-02-22","Very Hard",810,24
"2022-02-23","Easy",660,-17
"2022-02-24","Easy",1020,-18
"2022-02-25","Hard",1560,8
"2022-02-26","Very Easy",1249,-28
"2022-02-27","Easy",2037,-18
"2022-02-28","Average",473,-1
"2022-03-01","Very Easy",465,-29
"2022-03-02","Hard",798,2
"2022-03-03","Hard",1309,3
"2022-03-04","Average",1374,-7
"2022-03-05","Average",1603,-5
"2022-03-06","Average",2255,-10
"2022-03-07","Easy",370,-20
"2022-03-08","Very Easy",423,-34
"2022-03-09","Hard",893,10
"2022-03-10","Hard",1497,16
"2022-03-11","Easy",1129,-20
"2022-03-12","Hard",1723,2
"2022-03-13","Hard",2821,16
"2022-03-14","Easy",378,-19
"2022-03-15","Average",544,-13
"2022-03-16","Average",751,-2
"2022-03-17","Average",1167,-10
"2022-03-18","Average",1229,-10
"2022-03-19","Hard",1925,16
"2022-03-20","Hard",2793,13
"2022-03-21","Average",481,0
"2022-03-22","Average",542,-10
"2022-03-23","Very Hard",1010,26
"2022-03-24","Very Easy",899,-30
"2022-03-25","Hard",1447,1
"2022-03-26","Very Hard",2179,22
"2022-03-27","Average",2322,-8
"2022-03-28","Very Easy",311,-34
"2022-03-29","Easy",488,-19
"2022-03-30","Average",679,-16
"2022-03-31","Hard",1475,14
"2022-04-01","Very Easy",1011,-29
"2022-04-02","Very Hard",2643,44
"2022-04-03","Average",2413,-1
"2022-04-04","Easy",368,-19
"2022-04-05","Very Hard",813,31
"2022-04-06","Hard",897,10
"2022-04-07","Average",1255,-7
"2022-04-08","Very Hard",1848,30
"2022-04-09","Hard",2123,8
"2022-04-10","Average",2377,-6
"2022-04-11","Average",392,-13
"2022-04-12","Average",556,-7
"2022-04-13","Average",775,-7
"2022-04-14","Average",1285,-5
"2022-04-15","Average",1196,-16
"2022-04-16","Hard",2132,9
"2022-04-17","Average",2458,-3
"2022-04-18","Average",445,-1
"2022-04-19","Easy",457,-24
"2022-04-20","Average",776,-12
"2022-04-21","Average",1265,-2
"2022-04-22","Hard",1454,1
"2022-04-23","Easy",1477,-21
"2022-04-24","Hard",2913,15
"2022-04-25","Easy",347,-24
"2022-04-26","Easy",463,-22
"2022-04-27","Easy",739,-17
"2022-04-28","Average",1106,-14
"2022-04-29","Average",1400,-2
"2022-04-30","Hard",2136,9
"2022-05-01","Very Hard",66,35
"2022-05-02","Average",389,-14
"2022-05-03","Very Hard",771,27
"2022-05-04","Easy",657,-22
"2022-05-05","Very Easy",918,-28
"2022-05-06","Average",1431,-5
"2022-05-07","Easy",1458,-25
"2022-05-08","Very Easy",1538,-43
"2022-05-09","Hard",454,6
"2022-05-10","Very Easy",434,-28
"2022-05-11","Average",740,-14
"2022-05-12","Easy",1067,-17
"2022-05-13","Average",1373,-5
"2022-05-14","Very Easy",948,-53
"2022-05-15","Average",2431,-7
"2022-05-16","Easy",342,-18
"2022-05-17","Very Hard",739,23
"2022-05-18","Average",758,-10
"2022-05-19","Average",1066,-15
"2022-05-20","Average",1254,-15
"2022-05-21","Very Easy",1337,-31
"2022-05-22","Easy",2005,-24
"2022-05-23","Hard",425,3
"2022-05-24","Average",568,-8
"2022-05-25","Average",735,-12
"2022-05-26","Easy",980,-20
"2022-05-27","Average",1250,-14
"2022-05-28","Easy",1631,-17
"2022-05-29","Easy",2013,-22
"2022-05-30","Easy",350,-17
"2022-05-31","Hard",655,5
"2022-06-01","Hard",924,7
"2022-06-02","Average",1030,-14
"2022-06-03","Very Easy",1056,-27
"2022-06-04","Very Easy",1362,-29
"2022-06-05","Very Easy",1746,-30
"2022-06-06","Average",401,-3
"2022-06-07","Average",596,-7
"2022-06-08","Very Hard",1257,45
"2022-06-09","Very Hard",1499,20
"2022-06-10","Average",1401,0
"2022-06-11","Average",1665,-8
"2022-06-12","Easy",1866,-25
"2022-06-13","Average",365,-12
"2022-06-14","Easy",468,-27
"2022-06-15","Average",840,-5
"2022-06-16","Easy",1019,-17
"2022-06-17","Easy",1185,-19
"2022-06-18","Easy",1399,-19
"2022-06-19","Easy",1912,-23
"2022-06-20","Average",412,-2
"2022-06-21","Average",567,-6
"2022-06-22","Very Easy",607,-31
"2022-06-23","Average",1142,-6
"2022-06-24","Average",1193,-14
"2022-06-25","Very Easy",1171,-29
"2022-06-26","Average",2050,-14
"2022-06-27","Average",353,-16
"2022-06-28","Average",546,-12
"2022-06-29","Average",744,-12
"2022-06-30","Hard",1379,13
"2022-07-01","Average",1365,-1
"2022-07-02","Average",1342,-14
"2022-07-03","Average",2167,-9
"2022-07-04","Hard",477,14
"2022-07-05","Average",545,-12
"2022-07-06","Hard",919,6
"2022-07-07","Easy",943,-22
"2022-07-08","Hard",1629,14
"2022-07-09","Very Hard",2830,71
"2022-07-10","Average",2283,0
"2022-07-11","Easy",311,-26
"2022-07-12","Average",564,-10
"2022-07-13","Average",747,-15
"2022-07-14","Hard",1268,4
"2022-07-15","Easy",1118,-19
"2022-07-16","Very Hard",1962,17
"2022-07-17","Very Hard",3090,35
"2022-07-18","Hard",433,4
"2022-07-19","Hard",632,2
"2022-07-20","Very Hard",1089,23
"2022-07-21","Easy",1000,-17
"2022-07-22","Average",1297,-5
"2022-07-23","Average",1654,-2
"2022-07-24","Average",2007,-11
"2022-07-25","Average",404,-2
"2022-07-26","Easy",498,-19
"2022-07-27","Very Easy",572,-37
"2022-07-28","Average",1060,-14
"2022-07-29","Average",1207,-12
"2022-07-30","Hard",1773,3
"2022-07-31","Hard",2447,8
"2022-08-01","Average",352,-16
"2022-08-02","Average",565,-7
"2022-08-03","Hard",1011,9
"2022-08-04","Average",1212,-1
"2022-08-05","Very Hard",1742,23
"2022-08-06","Very Hard",2449,32
"2022-08-07","Average",1980,-14
"2022-08-08","Average",352,-15
"2022-08-09","Very Hard",746,22
"2022-08-10","Very Easy",591,-36
"2022-08-11","Average",1080,-11
"2022-08-12","Very Easy",864,-39
"2022-08-13","Average",1730,-9
"2022-08-14","Hard",2315,3
"2022-08-15","Average",357,-13
"2022-08-16","Average",581,-8
"2022-08-17","Very Easy",601,-33
"2022-08-18","Very Hard",1542,19
"2022-08-19","Hard",1485,9
"2022-08-20","Average",1866,0
"2022-08-21","Average",2097,-9
"2022-08-22","Hard",443,7
"2022-08-23","Hard",666,7
"2022-08-24","Hard",855,2
"2022-08-25","Very Easy",796,-35
"2022-08-26","Very Easy",830,-40
"2022-08-27","Very Easy",1313,-31
"2022-08-28","Easy",1743,-25
"2022-08-29","Average",395,-2
"2022-08-30","Hard",688,6
"2022-08-31","Easy",666,-20
"2022-09-01","Hard",1285,2
"2022-09-02","Easy",1023,-26
"2022-09-03","Very Easy",944,-50
"2022-09-04","Easy",1936,-19
"2022-09-05","Hard",432,2
"2022-09-06","Average",616,-4
"2022-09-07","Average",759,-10
"2022-09-08","Average",1210,-4
"2022-09-09","Easy",1055,-23
"2022-09-10","Hard",2143,11
"2022-09-11","Hard",2420,4
"2022-09-12","Average",384,-9
"2022-09-13","Easy",483,-25
"2022-09-14","Hard",964,12
"2022-09-15","Very Hard",1728,33
"2022-09-16","Average",1134,-13
"2022-09-17","Average",1934,-2
"2022-09-18","Very Easy",1531,-35
"2022-09-19","Average",365,-11
"2022-09-20","Easy",494,-22
"2022-09-21","Very Easy",527,-37
"2022-09-22","Very Easy",801,-38
"2022-09-23","Average",1283,1
"2022-09-24","Easy",1458,-22
"2022-09-25","Hard",2790,16
"2022-09-26","Easy",324,-22
"2022-09-27","Average",536,-16
"2022-09-28","Hard",994,16
"2022-09-29","Average",1224,-2
"2022-09-30","Easy",986,-22
"2022-10-01","Easy",1415,-21
"2022-10-02","Easy",1801,-20
"2022-10-03","Average",404,-1
"2022-10-04","Average",623,-3
"2022-10-05","Average",825,0
"2022-10-06","Very Hard",1888,41
"2022-10-07","Very Hard",1705,33
"2022-10-08","Hard",1837,4
"2022-10-09","Very Easy",1584,-27
"2022-10-10","Average",376,-6
"2022-10-11","Average",559,-13
"2022-10-12","Easy",695,-17
"2022-10-13","Very Hard",1693,24
"2022-10-14","Easy",1057,-18
"2022-10-15","Easy",1445,-19
"2022-10-16","Hard",2463,12
"2022-10-17","Average",387,-4
"2022-10-18","Average",646,0
"2022-10-19","Hard",910,9
"2022-10-20","Very Easy",851,-38
"2022-10-21","Easy",929,-24
"2022-10-22","Hard",1809,4
"2022-10-23","Hard",2313,5
"2022-10-24","Hard",430,1
"2022-10-25","Average",520,-15
"2022-10-26","Hard",888,6
"2022-10-27","Average",1120,-16
"2022-10-28","Average",1197,-4
"2022-10-29","Easy",1300,-25
"2022-10-30","Easy",1641,-24
"2022-10-31","Average",355,-15
"2022-11-01","Average",597,-3
"2022-11-02","Average",844,-1
"2022-11-03","Average",1222,-7
"2022-11-04","Average",1124,-11
"2022-11-05","Easy",1387,-17
"2022-11-06","Hard",2359,8
"2022-11-07","Very Hard",493,18
"2022-11-08","Average",604,0
"2022-11-09","Very Easy",557,-36
"2022-11-10","Very Easy",666,-52
"2022-11-11","Hard",1393,8
"2022-11-12","Very Easy",764,-55
"2022-11-13","Hard",2329,3
"2022-11-14","Average",359,-14
"2022-11-15","Easy",457,-25
"2022-11-16","Easy",695,-18
"2022-11-17","Easy",1084,-17
"2022-11-18","Easy",970,-25
"2022-11-19","Very Easy",1175,-28
"2022-11-20","Easy",1777,-21
"2022-11-21","Hard",429,3
"2022-11-22","Very Hard",719,20
"2022-11-23","Average",733,-11
"2022-11-24","Easy",1082,-18
"2022-11-25","Very Easy",887,-31
"2022-11-26","Very Easy",1099,-30
"2022-11-27","Very Hard",2606,17
"2022-11-28","Hard",480,11
"2022-11-29","Average",545,-10
"2022-11-30","Very Easy",442,-47
"2022-12-01","Hard",1338,3
"2022-12-02","Average",1134,-10
"2022-12-03","Easy",1198,-19
"2022-12-04","Easy",1865,-18
"2022-12-05","Average",400,-7
"2022-12-06","Hard",749,17
"2022-12-07","Easy",665,-17
"2022-12-08","Very Easy",871,-31
"2022-12-09","Hard",1348,7
"2022-12-10","Average",1399,-4
"2022-12-11","Hard",2232,2
"2022-12-12","Average",372,-14
"2022-12-13","Average",553,-15
"2022-12-14","Average",807,1
"2022-12-15","Hard",1310,3
"2022-12-16","Very Hard",1840,41
"2022-12-17","Hard",1507,3
"2022-12-18","Average",2236,-1
"2022-12-19","Hard",474,8
"2022-12-20","Average",638,0
"2022-12-21","Average",782,-3
"2022-12-22","Easy",967,-22
"2022-12-23","Easy",979,-23
"2022-12-24","Average",1444,0
"2022-12-25","Average",2233,-3
"2022-12-26","Average",447,-1
"2022-12-27","Easy",514,-19
"2022-12-28","Average",698,-11
"2022-12-29","Average",1045,-9
"2022-12-30","Hard",1470,13
"2022-12-31","Average",1313,-8
"2023-01-01","Very Easy",1552,-31
"2023-01-02","Easy",337,-25
"2023-01-03","Very Easy",441,-30
"2023-01-04","Average",662,-13
"2023-01-05","Very Hard",1619,32
"2023-01-06","Average",1236,-6
"2023-01-07","Average",1200,-14
"2023-01-08","Hard",2464,8
"2023-01-09","Average",394,-12
"2023-01-10","Very Easy",415,-33
"2023-01-11","Hard",871,12
"2023-01-12","Easy",927,-24
"2023-01-13","Hard",1474,8
"2023-01-14","Very Easy",874,-36
"2023-01-15","Average",2153,-8
"2023-01-16","Average",429,-4
"2023-01-17","Easy",475,-22
"2023-01-18","Average",640,-16
"2023-01-19","Hard",1261,5
"2023-01-20","Easy",1093,-20
"2023-01-21","Average",1081,-16
"2023-01-22","Average",2037,-10
"2023-01-23","Easy",360,-18
"2023-01-24","Average",540,-8
"2023-01-25","Average",721,-5
"2023-01-26","Very Hard",1675,34
"2023-01-27","Average",1294,-4
"2023-01-28","Hard",1503,12
"2023-01-29","Average",2272,1
"2023-01-30","Very Hard",548,21
"2023-01-31","Easy",491,-18
"2023-02-01","Hard",862,11
"2023-02-02","Easy",1036,-21
"2023-02-03","Easy",1108,-18
"2023-02-04","Average",1275,-6
"2023-02-05","Hard",2362,3
"2023-02-06","Average",382,-15
"2023-02-07","Easy",452,-21
"2023-02-08","Easy",606,-20
"2023-02-09","Average",1124,-13
"2023-02-10","Average",1195,-13
"2023-02-11","Hard",1579,12
"2023-02-12","Very Hard",2738,18
"2023-02-13","Average",382,-14
"2023-02-14","Easy",449,-20
"2023-02-15","Average",664,-15
"2023-02-16","Hard",1444,12
"2023-02-17","Average",1261,-8
"2023-02-18","Very Hard",2176,51
"2023-02-19","Very Easy",1654,-29
"2023-02-20","Average",419,-5
"2023-02-21","Very Hard",672,21
"2023-02-22","Easy",641,-18
"2023-02-23","Easy",1100,-17
"2023-02-24","Average",1204,-11
"2023-02-25","Hard",1573,7
"2023-02-26","Average",2252,0
"2023-02-27","Easy",346,-23
"2023-02-28","Average",531,-3
"2023-03-01","Average",714,-7
"2023-03-02","Average",1221,-7
"2023-03-03","Hard",1455,12
"2023-03-04","Very Hard",1849,21
"2023-03-05","Very Easy",1362,-40
"2023-03-06","Hard",452,4
"2023-03-07","Average",525,-1
"2023-03-08","Easy",569,-24
"2023-03-09","Average",1196,-10
"2023-03-10","Average",1225,-11
"2023-03-11","Very Hard",1954,21
"2023-03-12","Easy",1600,-27
"2023-03-13","Average",415,-4
"2023-03-14","Very Hard",667,20
"2023-03-15","Easy",608,-18
"2023-03-16","Very Easy",965,-27
"2023-03-17","Hard",1484,10
"2023-03-18","Average",1573,-3
"2023-03-19","Very Hard",2758,26
"2023-03-20","Average",382,-13
"2023-03-21","Average",530,-7
"2023-03-22","Average",759,0
"2023-03-23","Average",1275,-1
"2023-03-24","Very Easy",982,-28
"2023-03-25","Average",1505,-9
"2023-03-26","Easy",1806,-17
"2023-03-27","Easy",319,-26
"2023-03-28","Easy",443,-22
"2023-03-29","Average",730,0
"2023-03-30","Average",1246,-5
"2023-03-31","Very Hard",2393,72
"2023-04-01","Average",1582,-5
"2023-04-02","Very Hard",2994,34
"2023-04-03","Average",383,-11
"2023-04-04","Very Easy",371,-34
"2023-04-05","Hard",821,9
"2023-04-06","Hard",1415,7
"2023-04-07","Average",1259,-13
"2023-04-08","Very Hard",2225,23
"2023-04-09","Easy",1891,-17
"2023-04-10","Average",373,-12
"2023-04-11","Average",534,-6
"2023-04-12","Hard",808,6
"2023-04-13","Average",1170,-7
"2023-04-14","Average",1187,-16
"2023-04-15","Hard",1912,5
"2023-04-16","Average",2020,-9
"2023-04-17","Average",386,-6
"2023-04-18","Average",525,-5
"2023-04-19","Very Hard",895,17
"2023-04-20","Hard",1479,14
"2023-04-21","Very Easy",1041,-28
"2023-04-22","Hard",2084,9
"2023-04-23","Hard",2445,8
"2023-04-24","Average",354,-14
"2023-04-25","Hard",623,10
"2023-04-26","Hard",891,13
"2023-04-27","Average",1118,-15
"2023-04-28","Hard",1529,9
"2023-04-29","Easy",1509,-19
"2023-04-30","Hard",2521,17
"2023-05-01","Average",388,-4
"2023-05-02","Hard",601,4
"2023-05-03","Hard",942,17
"2023-05-04","Very Hard",1818,36
"2023-05-05","Very Hard",1774,21
"2023-05-06","Very Easy",1195,-35
"2023-05-07","Easy",1754,-22
"2023-05-08","Average",366,-10
"2023-05-09","Very Easy",409,-27
"2023-05-10","Easy",628,-24
"2023-05-11","Average",1254,-10
"2023-05-12","Very Easy",893,-42
"2023-05-13","Very Easy",938,-48
"2023-05-14","Average",2059,-8
"2023-05-15","Average",382,-6
"2023-05-16","Average",465,-15
"2023-05-17","Hard",955,13
"2023-05-18","Hard",1477,7
"2023-05-19","Easy",1109,-22
"2023-05-20","Easy",1353,-21
"2023-05-21","Average",1955,-13
"2023-05-22","Average",371,-8
"2023-05-23","Average",482,-12
"2023-05-24","Very Easy",550,-35
"2023-05-25","Very Easy",960,-31
"2023-05-26","Easy",1165,-19
"2023-05-27","Very Hard",2126,25
"2023-05-28","Very Hard",2749,18
"2023-05-29","Average",357,-8
"2023-05-30","Average",514,-3
"2023-05-31","Very Easy",510,-38
"2023-06-01","Hard",1511,6
"2023-06-02","Very Easy",981,-32
"2023-06-03","Easy",1296,-25
"2023-06-04","Easy",1738,-26
"2023-06-05","Average",374,-5
"2023-06-06","Average",488,-8
"2023-06-07","Very Easy",588,-27
"2023-06-08","Average",1304,-8
"2023-06-09","Very Easy",903,-34
"2023-06-10","Average",1608,-5
"2023-06-11","Average",2100,-11
"2023-06-12","Average",387,-2
"2023-06-13","Very Hard",667,22
"2023-06-14","Easy",661,-17
"2023-06-15","Very Easy",1029,-29
"2023-06-16","Average",1106,-15
"2023-06-17","Hard",1915,10
"2023-06-18","Average",2224,1
"2023-06-19","Average",375,-5
"2023-06-20","Average",477,-15
"2023-06-21","Easy",628,-20
"2023-06-22","Average",1221,-11
"2023-06-23","Easy",1038,-20
"2023-06-24","Average",1585,-5
"2023-06-25","Very Hard",2979,31
"2023-06-26","Average",355,-10
"2023-06-27","Average",539,-4
"2023-06-28","Hard",865,12
"2023-06-29","Average",1291,-5
"2023-06-30","Hard",1260,2
"2023-07-01","Very Easy",916,-47
"2023-07-02","Average",1980,-16
"2023-07-03","Average",332,-16
"2023-07-04","Easy",446,-21
"2023-07-05","Easy",637,-17
"2023-07-06","Very Easy",876,-37
"2023-07-07","Average",1255,-3
"2023-07-08","Very Easy",1003,-35
"2023-07-09","Easy",1689,-27
"2023-07-10","Average",387,-1
"2023-07-11","Hard",639,16
"2023-07-12","Easy",585,-21
"2023-07-13","Average",1295,-5
"2023-07-14","Average",1248,0
"2023-07-15","Hard",1631,9
"2023-07-16","Average",2132,-6
"2023-07-17","Average",370,-4
"2023-07-18","Average",482,-12
"2023-07-19","Average",652,-8
"2023-07-20","Very Hard",1618,18
"2023-07-21","Average",1034,-12
"2023-07-22","Very Hard",2051,27
"2023-07-23","Average",2132,-4
"2023-07-24","Average",374,-4
"2023-07-25","Average",485,-12
"2023-07-26","Easy",527,-25
"2023-07-27","Very Easy",741,-46
"2023-07-28","Average",1199,1
"2023-07-29","Very Hard",2131,27
"2023-07-30","Average",1997,-13
"2023-07-31","Easy",296,-24
"2023-08-01","Average",584,1
"2023-08-02","Average",640,-7
"2023-08-03","Very Hard",1526,18
"2023-08-04","Very Hard",1553,25
"2023-08-05","Easy",1386,-18
"2023-08-06","Average",2153,-7
"2023-08-07","Easy",315,-20
"2023-08-08","Average",507,-10
"2023-08-09","Average",611,-12
"2023-08-10","Hard",1504,12
"2023-08-11","Easy",1018,-20
"2023-08-12","Very Easy",1177,-28
"2023-08-13","Average",2120,-5
"2023-08-14","Hard",409,6
"2023-08-15","Easy",447,-20
"2023-08-16","Very Hard",1007,41
"2023-08-17","Average",1209,-8
"2023-08-18","Average",1173,-6
"2023-08-19","Easy",1343,-17
"2023-08-20","Average",2126,-5
"2023-08-21","Hard",400,3
"2023-08-22","Hard",670,16
"2023-08-23","Average",735,0
"2023-08-24","Average",1157,-13
"2023-08-25","Average",1148,-9
"2023-08-26","Hard",1818,9
"2023-08-27","Easy",1772,-21
"2023-08-28","Average",396,1
"2023-08-29","Average",484,-15
"2023-08-30","Very Hard",1090,38
"2023-08-31","Very Easy",905,-33
"2023-09-01","Average",1109,-13
"2023-09-02","Easy",1282,-19
"2023-09-03","Average",1914,-13
"2023-09-04","Hard",465,17
"2023-09-05","Average",517,-7
"2023-09-06","Very Hard",1080,38
"2023-09-07","Very Easy",717,-43
"2023-09-08","Average",1280,-2
"2023-09-09","Hard",1638,2
"2023-09-10","Average",1997,-5
"2023-09-11","Average",402,0
"2023-09-12","Average",508,-10
"2023-09-13","Hard",947,15
"2023-09-14","Hard",1240,2
"2023-09-15","Average",1265,-4
"2023-09-16","Average",1441,-11
"2023-09-17","Very Easy",1558,-28
"2023-09-18","Average",359,-10
"2023-09-19","Very Hard",750,25
"2023-09-20","Easy",691,-18
"2023-09-21","Average",1248,-2
"2023-09-22","Easy",951,-25
"2023-09-23","Average",1545,-6
"2023-09-24","Average",2040,-4
"2023-09-25","Average",365,-8
"2023-09-26","Average",475,-16
"2023-09-27","Easy",635,-23
"2023-09-28","Easy",919,-24
"2023-09-29","Easy",991,-19
"2023-09-30","Easy",1349,-20
"2023-10-01","Average",1911,-10
"2023-10-02","Average",408,0
"2023-10-03","Average",527,-8
"2023-10-04","Very Hard",1075,25
"2023-10-05","Average",1109,-6
"2023-10-06","Average",1252,0
"2023-10-07","Average",1631,0
"2023-10-08","Average",1912,-9
"2023-10-09","Average",366,-9
"2023-10-10","Very Easy",356,-38
"2023-10-11","Easy",699,-22
"2023-10-12","Very Hard",1748,43
"2023-10-13","Easy",1010,-17
"2023-10-14","Very Hard",1884,18
"2023-10-15","Hard",2307,11
"2023-10-16","Easy",336,-17
"2023-10-17","Hard",643,12
"2023-10-18","Easy",694,-21
"2023-10-19","Very Hard",1641,28
"2023-10-20","Average",1126,-3
"2023-10-21","Average",1392,-13
"2023-10-22","Hard",2212,7
"2023-10-23","Average",369,-10
"2023-10-24","Average",542,-4
"2023-10-25","Average",902,-4
"2023-10-26","Average",1103,-12
"2023-10-27","Average",1056,-11
"2023-10-28","Hard",1905,17
"2023-10-29","Easy",1752,-17
"2023-10-30","Average",355,-13
"2023-10-31","Average",488,-14
"2023-11-01","Hard",1068,16
"2023-11-02","Very Easy",732,-43
"2023-11-03","Average",1183,-2
"2023-11-04","Hard",1902,10
"2023-11-05","Average",1847,-9
"2023-11-06","Hard",468,15
"2023-11-07","Average",492,-13
"2023-11-08","Average",833,-14
"2023-11-09","Hard",1233,3
"2023-11-10","Average",1195,-1
"2023-11-11","Very Easy",1202,-29
"2023-11-12","Hard",2352,12
"2023-11-13","Average",352,-14
"2023-11-14","Average",488,-12
"2023-11-15","Hard",1014,9
"2023-11-16","Hard",1458,15
"2023-11-17","Average",1197,-2
"2023-11-18","Very Easy",1090,-33
"2023-11-19","Very Easy",1550,-27
"2023-11-20","Hard",438,9
"2023-11-21","Average",515,-8
"2023-11-22","Very Easy",615,-32
"2023-11-23","Easy",1060,-21
"2023-11-24","Average",1218,0
"2023-11-25","Hard",1688,3
"2023-11-26","Average",1977,-2
"2023-11-27","Hard",422,4
"2023-11-28","Easy",424,-24
"2023-11-29","Very Easy",602,-30
"2023-11-30","Average",1114,-15
"2023-12-01","Hard",1197,2
"2023-12-02","Average",1650,1
"2023-12-03","Very Hard",2535,18
"2023-12-04","Average",392,-3
"2023-12-05","Easy",401,-23
"2023-12-06","Hard",927,9
"2023-12-07","Very Easy",885,-31
"2023-12-08","Average",1150,-8
"2023-12-09","Hard",1979,13
"2023-12-10","Easy",1675,-21
"2023-12-11","Average",347,-15
"2023-12-12","Very Hard",664,21
"2023-12-13","Easy",657,-24
"2023-12-14","Very Easy",779,-41
"2023-12-15","Average",1066,-15
"2023-12-16","Average",1688,-4
"2023-12-17","Easy",1738,-18
"2023-12-18","Average",406,0
"2023-12-19","Hard",598,11
"2023-12-20","Very Hard",1020,18
"2023-12-21","Easy",986,-20
"2023-12-22","Hard",1295,7
"2023-12-23","Average",1524,-13
"2023-12-24","Hard",2163,2
"2023-12-25","Average",417,1
"2023-12-26","Average",568,1
"2023-12-27","Hard",930,6
"2023-12-28","Easy",893,-25
"2023-12-29","Very Easy",917,-27
"2023-12-30","Easy",1419,-18
"2023-12-31","Easy",1749,-18
"2024-01-01","Easy",333,-21
"2024-01-02","Average",505,-9
"2024-01-03","Easy",707,-23
"2024-01-04","Average",1018,-13
"2024-01-05","Very Hard",1812,37
"2024-01-06","Very Easy",886,-50
"2024-01-07","Hard",2372,11
"2024-01-08","Very Easy",283,-32
"2024-01-09","Average",560,-2
"2024-01-10","Hard",1009,12
"2024-01-11","Average",1035,-7
"2024-01-12","Average",1175,-13
"2024-01-13","Very Easy",895,-45
"2024-01-14","Average",2181,0
"2024-01-15","Hard",422,3
"2024-01-16","Hard",615,9
"2024-01-17","Average",790,-12
"2024-01-18","Hard",1266,13
"2024-01-19","Average",1120,-15
"2024-01-20","Average",1352,-10
"2024-01-21","Easy",1800,-17
"2024-01-22","Hard",422,5
"2024-01-23","Easy",441,-21
"2024-01-24","Very Easy",620,-30
"2024-01-25","Hard",1269,10
"2024-01-26","Very Easy",877,-32
"2024-01-27","Average",1389,-9
"2024-01-28","Average",2032,-5
"2024-01-29","Hard",429,5
"2024-01-30","Average",516,-7
"2024-01-31","Average",756,-11
"2024-02-01","Very Hard",1337,20
"2024-02-02","Average",1307,1
"2024-02-03","Average",1533,1
"2024-02-04","Average",1930,-9
"2024-02-05","Average",388,-6
"2024-02-06","Hard",598,7
"2024-02-07","Average",809,-5
"2024-02-08","Average",1077,-4
"2024-02-09","Hard",1386,6
"2024-02-10","Easy",1262,-17
"2024-02-11","Average",1869,-13
"2024-02-12","Average",354,-13
"2024-02-13","Average",532,-9
"2024-02-14","Hard",975,8
"2024-02-15","Very Hard",1689,43
"2024-02-16","Very Easy",920,-29
"2024-02-17","Average",1333,-8
"2024-02-18","Average",1788,-14
"2024-02-19","Average",402,0
"2024-02-20","Hard",666,9
"2024-02-21","Very Easy",625,-28
"2024-02-22","Hard",1251,4
"2024-02-23","Average",1176,-6
"2024-02-24","Average",1214,-13
"2024-02-25","Easy",1653,-19
"2024-02-26","Easy",337,-17
"2024-02-27","Very Easy",310,-47
"2024-02-28","Very Easy",530,-39
"2024-02-29","Very Easy",891,-30
"2024-03-01","Average",1246,-3
"2024-03-02","Hard",1611,14
"2024-03-03","Hard",2197,3
"2024-03-04","Average",353,-13
"2024-03-05","Easy",466,-18
"2024-03-06","Average",751,-10
"2024-03-07","Hard",1370,9
"2024-03-08","Very Hard",1613,25
"2024-03-09","Hard",1521,10
"2024-03-10","Easy",1675,-18
"2024-03-11","Average",333,-16
"2024-03-12","Average",569,1
"2024-03-13","Easy",630,-22
"2024-03-14","Very Easy",696,-47
"2024-03-15","Very Hard",1745,26
"2024-03-16","Average",1191,-15
"2024-03-17","Hard",2213,6
"2024-03-18","Easy",330,-17
"2024-03-19","Average",565,1
"2024-03-20","Average",810,-2
"2024-03-21","Average",1067,-15
"2024-03-22","Hard",1387,1
"2024-03-23","Very Hard",2278,57
"2024-03-24","Hard",2088,3
"2024-03-25","Easy",321,-20
"2024-03-26","Hard",655,16
"2024-03-27","Average",674,-10
"2024-03-28","Hard",1434,11
"2024-03-29","Average",1187,-12
"2024-03-30","Very Hard",2629,62
"2024-03-31","Hard",2101,2
"2024-04-01","Very Hard",454,18
"2024-04-02","Average",559,-1
"2024-04-03","Average",655,-16
"2024-04-04","Hard",1352,2
"2024-04-05","Average",1327,-1
"2024-04-06","Very Hard",2618,52
"2024-04-07","Hard",2191,7
"2024-04-08","Average",390,-1
"2024-04-09","Easy",457,-21
"2024-04-10","Very Hard",927,18
"2024-04-11","Hard",1353,6
"2024-04-12","Hard",1589,13
"2024-04-13","Average",1685,-4
"2024-04-14","Average",2121,0
"2024-04-15","Average",385,-1
"2024-04-16","Easy",467,-19
"2024-04-17","Average",785,-3
"2024-04-18","Very Hard",1624,21
"2024-04-19","Average",1163,-15
"2024-04-20","Average",1587,-11
"2024-04-21","Hard",2544,17
"2024-04-22","Very Hard",506,29
"2024-04-23","Hard",657,14
"2024-04-24","Very Hard",996,19
"2024-04-25","Easy",1064,-18
"2024-04-26","Average",1389,-3
"2024-04-27","Hard",2031,9
"2024-04-28","Average",2043,-6
"2024-04-29","Average",358,-10
"2024-04-30","Average",547,-4
"2024-05-01","Average",686,-12
"2024-05-02","Easy",1024,-19
"2024-05-03","Easy",1135,-22
"2024-05-04","Very Easy",1334,-28
"2024-05-05","Easy",1633,-25
"2024-05-06","Very Easy",280,-30
"2024-05-07","Average",531,-6
"2024-05-08","Very Easy",547,-32
"2024-05-09","Average",1265,1
"2024-05-10","Easy",1128,-20
"2024-05-11","Very Easy",1266,-33
"2024-05-12","Hard",2479,11
"2024-05-13","Average",382,-5
"2024-05-14","Easy",454,-21
"2024-05-15","Hard",815,1
"2024-05-16","Easy",1024,-20
"2024-05-17","Very Easy",788,-46
"2024-05-18","Very Easy",1293,-32
"2024-05-19","Easy",1817,-17
"2024-05-20","Easy",304,-22
"2024-05-21","Average",572,-1
"2024-05-22","Average",808,0
"2024-05-23","Average",1168,-7
"2024-05-24","Very Easy",823,-39
"2024-05-25","Very Easy",1210,-35
"2024-05-26","Very Easy",1505,-32
"2024-05-27","Average",328,-16
"2024-05-28","Hard",604,2
"2024-05-29","Average",734,-10
"2024-05-30","Easy",986,-23
"2024-05-31","Easy",1053,-19
"2024-06-01","Very Easy",1342,-30
"2024-06-02","Average",1909,-13
"2024-06-03","Average",369,-5
"2024-06-04","Easy",442,-25
"2024-06-05","Easy",653,-20
"2024-06-06","Easy",1089,-17
"2024-06-07","Hard",1424,12
"2024-06-08","Easy",1385,-23
"2024-06-09","Easy",1593,-25
"2024-06-10","Hard",409,3
"2024-06-11","Very Hard",696,21
"2024-06-12","Hard",823,3
"2024-06-13","Average",1079,-15
"2024-06-14","Easy",1011,-22
"2024-06-15","Easy",1305,-23
"2024-06-16","Average",2068,-2
"2024-06-17","Average",332,-15
"2024-06-18","Very Easy",411,-28
"2024-06-19","Hard",926,9
"2024-06-20","Very Hard",1495,18
"2024-06-21","Average",1165,-6
"2024-06-22","Hard",1781,13
"2024-06-23","Average",2005,-5
"2024-06-24","Average",378,-2
"2024-06-25","Average",526,-8
"2024-06-26","Average",783,-7
"2024-06-27","Average",1267,-1
"2024-06-28","Hard",1416,15
"2024-06-29","Average",1354,-12
"2024-06-30","Hard",2125,2
"2024-07-01","Average",366,-5
"2024-07-02","Hard",599,3
"2024-07-03","Average",728,-13
"2024-07-04","Very Easy",826,-34
"2024-07-05","Easy",999,-19
"2024-07-06","Average",1533,-1
"2024-07-07","Hard",2162,4
"2024-07-08","Average",345,-8
"2024-07-09","Average",490,-14
"2024-07-10","Hard",844,6
"2024-07-11","Average",1061,-12
"2024-07-12","Very Easy",784,-33
"2024-07-13","Average",1502,0
"2024-07-14","Easy",1495,-25
"2024-07-15","Average",306,-16
"2024-07-16","Average",520,-8
"2024-07-17","Easy",628,-23
"2024-07-18","Easy",971,-19
"2024-07-19","Average",1034,-9
"2024-07-20","Average",1453,-3
"2024-07-21","Average",1827,-8
"2024-07-22","Hard",391,6
"2024-07-23","Easy",412,-25
"2024-07-24","Easy",611,-25
"2024-07-25","Average",1126,-4
"2024-07-26","Average",1056,-8
"2024-07-27","Very Hard",2155,39
"2024-07-28","Average",1769,-10
"2024-07-29","Average",320,-15
"2024-07-30","Easy",424,-23
"2024-07-31","Easy",585,-26
"2024-08-01","Average",1155,-4
"2024-08-02","Very Hard",1740,50
"2024-08-03","Hard",1602,2
"2024-08-04","Average",1832,-5
"2024-08-05","Average",316,-15
"2024-08-06","Hard",615,13
"2024-08-07","Very Hard",949,20
"2024-08-08","Easy",993,-17
"2024-08-09","Very Easy",897,-28
"2024-08-10","Very Easy",1151,-29
"2024-08-11","Hard",2145,10
"2024-08-12","Average",317,-14
"2024-08-13","Average",482,-12
"2024-08-14","Easy",638,-19
"2024-08-15","Very Hard",1443,22
"2024-08-16","Average",1171,-5
"2024-08-17","Easy",1265,-19
"2024-08-18","Easy",1573,-20
"2024-08-19","Hard",405,11
"2024-08-20","Hard",585,5
"2024-08-21","Average",691,-12
"2024-08-22","Easy",977,-20
"2024-08-23","Average",1042,-11
"2024-08-24","Easy",1216,-23
"2024-08-25","Average",1777,-9
"2024-08-26","Average",348,-6
"2024-08-27","Average",467,-15
"2024-08-28","Hard",859,9
"2024-08-29","Hard",1345,14
"2024-08-30","Average",1170,-1
"2024-08-31","Very Hard",2161,34
"2024-09-01","Hard",2136,7
"2024-09-02","Average",363,-1
"2024-09-03","Easy",440,-17
"2024-09-04","Average",670,-14
"2024-09-05","Easy",876,-26
"2024-09-06","Average",1032,-16
"2024-09-07","Average",1492,-6
"2024-09-08","Average",1792,-9
"2024-09-09","Hard",408,11
"2024-09-10","Hard",554,5
"2024-09-11","Very Hard",950,24
"2024-09-12","Very Easy",763,-32
"2024-09-13","Average",1150,-2
"2024-09-14","Average",1394,-14
"2024-09-15","Easy",1604,-18
"2024-09-16","Hard",391,5
"2024-09-17","Hard",606,15
"2024-09-18","Hard",830,3
"2024-09-19","Very Hard",1435,24
"2024-09-20","Hard",1243,6
"2024-09-21","Easy",1285,-20
"2024-09-22","Easy",1530,-18
"2024-09-23","Average",335,-10
"2024-09-24","Average",461,-14
"2024-09-25","Very Hard",1017,23
"2024-09-26","Easy",950,-18
"2024-09-27","Hard",1250,1
"2024-09-28","Average",1464,-8
"2024-09-29","Hard",2026,8
"2024-09-30","Average",351,-7
"2024-10-01","Average",509,-5
"2024-10-02","Hard",837,1
"2024-10-03","Hard",1267,9
"2024-10-04","Hard",1300,3
"2024-10-05","Average",1458,-7
"2024-10-06","Hard",2066,8
"2024-10-07","Hard",390,5
"2024-10-08","Very Hard",651,18
"2024-10-09","Very Easy",600,-27
"2024-10-10","Average",1034,-13
"2024-10-11","Average",1129,-11
"2024-10-12","Very Hard",1946,26
"2024-10-13","Average",1700,-11
"2024-10-14","Easy",305,-18
"2024-10-15","Average",465,-16
"2024-10-16","Average",718,-14
"2024-10-17","Easy",959,-17
"2024-10-18","Average",1062,-13
"2024-10-19","Hard",1796,14
"2024-10-20","Hard",2228,14
"2024-10-21","Hard",388,2
"2024-10-22","Average",529,-3
"2024-10-23","Easy",641,-20
"2024-10-24","Hard",1326,13
"2024-10-25","Average",1078,-12
"2024-10-26","Hard",1630,1
"2024-10-27","Hard",2000,6
"2024-10-28","Easy",284,-26
"2024-10-29","Easy",413,-26
"2024-10-30","Easy",610,-25
"2024-10-31","Hard",1314,11
"2024-11-01","Very Easy",856,-29
"2024-11-02","Very Hard",2078,23
"2024-11-03","Average",1846,-6
"2024-11-04","Average",363,-2
"2024-11-05","Average",514,-4
"2024-11-06","Average",811,1
"2024-11-07","Average",999,-13
"2024-11-08","Average",1015,-15
"2024-11-09","Average",1482,-12
"2024-11-10","Very Hard",2500,28
"2024-11-11","Easy",293,-23
"2024-11-12","Average",469,-14
"2024-11-13","Hard",874,8
"2024-11-14","Easy",898,-22
"2024-11-15","Average",1112,-8
"2024-11-16","Hard",1914,11
"2024-11-17","Easy",1628,-18
"2024-11-18","Hard",406,8
"2024-11-19","Average",532,0
"2024-11-20","Average",730,-10
"2024-11-21","Hard",1253,6
"2024-11-22","Average",1078,-10
"2024-11-23","Very Easy",1008,-41
"2024-11-24","Hard",2108,4
"2024-11-25","Average",349,-8
"2024-11-26","Average",492,-11
"2024-11-27","Average",789,-1
"2024-11-28","Average",1092,-7
"2024-11-29","Very Hard",1446,22
"2024-11-30","Easy",1325,-20
"2024-12-01","Hard",2106,3
"2024-12-02","Average",341,-6
"2024-12-03","Average",482,-10
"2024-12-04","Average",800,-3
"2024-12-05","Very Easy",820,-31
"2024-12-06","Very Easy",777,-36
"2024-12-07","Average",1402,-16
"2024-12-08","Average",1881,-11
"2024-12-09","Hard",399,11
"2024-12-10","Easy",417,-20
"2024-12-11","Easy",598,-25
"2024-12-12","Very Easy",753,-35
"2024-12-13","Average",1159,-3
"2024-12-14","Average",1500,-10
"2024-12-15","Very Hard",3127,43
"2024-12-16","Average",332,-11
"2024-12-17","Easy",444,-17
"2024-12-18","Average",670,-13
"2024-12-19","Easy",919,-17
"2024-12-20","Average",975,-16
"2024-12-21","Hard",1986,14
"2024-12-22","Very Easy",1307,-41
"2024-12-23","Average",355,-4
"2024-12-24","Average",489,-5
"2024-12-25","Average",670,-15
"2024-12-26","Easy",895,-18
"2024-12-27","Average",1138,-2
"2024-12-28","Easy",1292,-25
"2024-12-29","Very Easy",1514,-31
"2024-12-30","Hard",393,6
"2024-12-31","Average",455,-10
"2025-01-01","Easy",587,-24
"2025-01-02","Average",1098,-1
"2025-01-03","Easy",867,-25
"2025-01-04","Hard",1718,1
"2025-01-05","Easy",1750,-18
"2025-01-06","Hard",401,6
"2025-01-07","Very Hard",752,49
"2025-01-08","Hard",855,6
"2025-01-09","Hard",1136,3
"2025-01-10","Average",1156,-1
"2025-01-11","Average",1583,-6
"2025-01-12","Very Easy",1412,-33
"2025-01-13","Average",347,-8
"2025-01-14","Average",541,-1
"2025-01-15","Average",674,-15
"2025-01-16","Average",993,-8
"2025-01-17","Average",1173,0
"2025-01-18","Very Easy",1115,-32
"2025-01-19","Easy",1674,-20
"2025-01-20","Very Hard",475,24
"2025-01-21","Hard",614,9
"2025-01-22","Easy",605,-22
"2025-01-23","Easy",891,-17
"2025-01-24","Average",1060,-14
"2025-01-25","Very Hard",1974,24
"2025-01-26","Very Hard",2320,18
"2025-01-27","Average",404,0
"2025-01-28","Average",572,-1
"2025-01-29","Hard",820,8
"2025-01-30","Average",970,-9
"2025-01-31","Easy",951,-18
"2025-02-01","Very Easy",919,-43
"2025-02-02","Very Hard",2712,34
"2025-02-03","Average",380,-4
"2025-02-04","Very Hard",692,20
"2025-02-05","Hard",822,7
"2025-02-06","Average",915,-10
"2025-02-07","Average",1146,-1
"2025-02-08","Very Easy",934,-41
"2025-02-09","Very Easy",1420,-33
"2025-02-10","Easy",332,-17
"2025-02-11","Average",579,-3
"2025-02-12","Very Hard",942,21
"2025-02-13","Hard",1116,7
"2025-02-14","Easy",835,-25
"2025-02-15","Hard",1850,16
"2025-02-16","Easy",1632,-20
"2025-02-17","Average",362,-10
"2025-02-18","Easy",457,-21
"2025-02-19","Easy",628,-21
"2025-02-20","Average",936,-12
"2025-02-21","Average",1127,-2
"2025-02-22","Very Easy",1063,-32
"2025-02-23","Easy",1599,-18
"2025-02-24","Average",385,-4
"2025-02-25","Easy",472,-19
"2025-02-26","Very Hard",931,20
"2025-02-27","Average",916,-13
"2025-02-28","Average",940,-16
"2025-03-01","Average",1310,-15
"2025-03-02","Very Hard",2301,22
"2025-03-03","Easy",322,-20
"2025-03-04","Very Easy",409,-30
"2025-03-05","Average",726,-10
"2025-03-06","Average",924,-14
"2025-03-07","Easy",829,-23
"2025-03-08","Average",1472,1
"2025-03-09","Very Hard",2769,40
"2025-03-10","Hard",416,2
"2025-03-11","Average",496,-15
"2025-03-12","Average",678,-14
"2025-03-13","Hard",1055,1
"2025-03-14","Hard",1216,11
"2025-03-15","Easy",1121,-23
"2025-03-16","Hard",2249,11
"2025-03-17","Hard",443,9
"2025-03-18","Easy",433,-25
"2025-03-19","Easy",638,-19
"2025-03-20","Very Easy",709,-32
"2025-03-21","Easy",843,-24
"2025-03-22","Hard",1526,5
"2025-03-23","Easy",1583,-24
"2025-03-24","Easy",322,-21
"2025-03-25","Average",533,-3
"2025-03-26","Easy",622,-21
"2025-03-27","Hard",1148,14
"2025-03-28","Hard",1150,6
"2025-03-29","Average",1418,1
"2025-03-30","Average",1786,-16
"2025-03-31","Easy",332,-17
"2025-04-01","Average",540,-2
"2025-04-02","Hard",839,6
"2025-04-03","Average",1015,-4
"2025-04-04","Very Hard",1266,17
"2025-04-05","Easy",1089,-24
"2025-04-06","Easy",1658,-22
"2025-04-07","Average",362,-6
"2025-04-08","Average",531,-4
"2025-04-09","Average",757,-7
"2025-04-10","Easy",844,-18
"2025-04-11","Easy",841,-24
"2025-04-12","Average",1204,-12
"2025-04-13","Average",1810,-11
"2025-04-14","Average",362,-5
"2025-04-15","Average",469,-13
"2025-04-16","Very Hard",1035,29
"2025-04-17","Hard",1060,5
"2025-04-18","Easy",846,-21
"2025-04-19","Easy",1087,-21
"2025-04-20","Hard",2040,3
"2025-04-21","Average",376,0
"2025-04-22","Hard",535,2
"2025-04-23","Very Easy",581,-29
"2025-04-24","Average",970,-5
"2025-04-25","Average",1024,-5
"2025-04-26","Easy",1097,-20
"2025-04-27","Very Easy",1431,-29
"2025-04-28","Average",339,-12
"2025-04-29","Hard",565,8
"2025-04-30","Easy",579,-26
"2025-05-01","Easy",766,-25
"2025-05-02","Average",976,-10
"2025-05-03","Average",1144,-13
"2025-05-04","Easy",1659,-18
"2025-05-05","Average",320,-16
"2025-05-06","Hard",563,5
"2025-05-07","Easy",594,-23
"2025-05-08","Very Hard",1552,52
"2025-05-09","Hard",1172,10
"2025-05-10","Average",1214,-7
"2025-05-11","Very Hard",2586,29
"2025-05-12","Average",330,-12
"2025-05-13","Easy",440,-17
"2025-05-14","Very Hard",998,31
"2025-05-15","Hard",1105,6
"2025-05-16","Average",1054,-2
"2025-05-17","Easy",944,-27
"2025-05-18","Average",1947,-5
"2025-05-19","Easy",303,-20
"2025-05-20","Easy",442,-18
"2025-05-21","Very Easy",512,-32
"2025-05-22","Hard",1269,14
"2025-05-23","Average",1094,1
"2025-05-24","Easy",946,-23
"2025-05-25","Average",1955,1
"2025-05-26","Average",324,-12
"2025-05-27","Very Hard",668,24
"2025-05-28","Hard",766,3
"2025-05-29","Hard",1141,5
"2025-05-30","Very Easy",793,-27
"2025-05-31","Hard",1350,6
"2025-06-01","Average",1888,-3
"2025-06-02","Average",336,-5
"2025-06-03","Very Easy",397,-28
"2025-06-04","Average",775,1
"2025-06-05","Average",1126,-3
"2025-06-06","Very Hard",1642,48
"2025-06-07","Hard",1382,11
"2025-06-08","Hard",2233,13
"2025-06-09","Hard",388,8
"2025-06-10","Hard",570,6
"2025-06-11","Average",681,-12
"2025-06-12","Easy",883,-22
"2025-06-13","Average",1118,-1
"2025-06-14","Very Hard",1711,36
"2025-06-15","Average",1934,-5
"2025-06-16","Hard",389,8
"2025-06-17","Easy",426,-22
"2025-06-18","Hard",808,5
"2025-06-19","Average",1065,-2
"2025-06-20","Average",965,-14
"2025-06-21","Hard",1401,6
"2025-06-22","Average",2001,-2
"2025-06-23","Average",355,-2
"2025-06-24","Average",485,-10
"2025-06-25","Hard",915,17
"2025-06-26","Very Hard",1401,21
"2025-06-27","Very Easy",745,-33
"2025-06-28","Average",1276,-2
"2025-06-29","Easy",1628,-19
"2025-06-30","Average",327,-10
"2025-07-01","Very Easy",387,-29
"2025-07-02","Easy",577,-24
"2025-07-03","Very Easy",870,-27
"2025-07-04","Easy",887,-22
"2025-07-05","Average",1277,-5
"2025-07-06","Very Easy",1479,-28
"2025-07-07","Very Hard",451,24
"2025-07-08","Average",484,-9
"2025-07-09","Average",682,-11
"2025-07-10","Very Easy",836,-29
"2025-07-11","Very Easy",762,-32
"2025-07-12","Very Hard",1903,39
"2025-07-13","Hard",2163,6
"2025-07-14","Hard",420,12
"2025-07-15","Hard",545,4
"2025-07-16","Very Easy",509,-33
"2025-07-17","Easy",961,-18
"2025-07-18","Hard",1248,12
"2025-07-19","Average",1269,-11
"2025-07-20","Hard",2122,3
"2025-07-21","Easy",297,-23
"2025-07-22","Easy",401,-22
"2025-07-23","Very Easy",465,-39
"2025-07-24","Average",1000,-10
"2025-07-25","Very Hard",1401,25
"2025-07-26","Very Easy",869,-39
"2025-07-27","Easy",1602,-20
"2025-07-28","Average",381,1
"2025-07-29","Average",458,-9
"2025-07-30","Easy",588,-17
"2025-07-31","Easy",896,-20
"2025-08-01","Very Easy",711,-37
"2025-08-02","Very Easy",974,-32
"2025-08-03","Hard",2061,4
"2025-08-04","Hard",405,4
"2025-08-05","Average",479,-6
"2025-08-06","Very Easy",486,-34
"2025-08-07","Hard",1226,12
"2025-08-08","Average",1021,-6
"2025-08-09","Very Easy",927,-34
"2025-08-10","Average",1828,-11
"2025-08-11","Average",373,-4
"2025-08-12","Easy",397,-19
"2025-08-13","Easy",562,-20
"2025-08-14","Very Easy",785,-28
"2025-08-15","Average",1037,-8
"2025-08-16","Very Hard",1868,36
"2025-08-17","Average",2014,-1
"2025-08-18","Average",342,-15
"2025-08-19","Hard",573,16
"2025-08-20","Average",637,-5
"2025-08-21","Very Hard",1485,40
"2025-08-22","Average",993,-6
"2025-08-23","Easy",1128,-21
"2025-08-24","Easy",1562,-21
"2025-08-25","Easy",317,-20
"2025-08-26","Very Hard",588,19
"2025-08-27","Hard",705,7
"2025-08-28","Easy",866,-21
"2025-08-29","Average",1006,-4
"2025-08-30","Very Easy",931,-31
"2025-08-31","Average",1811,-8
"2025-09-01","Average",347,-11
"2025-09-02","Average",436,-14
"2025-09-03","Hard",686,5
"2025-09-04","Average",1035,-8
"2025-09-05","Average",1014,-2
"2025-09-06","Hard",1577,16
"2025-09-07","Hard",1978,3
"2025-09-08","Average",347,-9
"2025-09-09","Very Hard",597,18
"2025-09-10","Average",608,-6
"2025-09-11","Easy",792,-25
"2025-09-12","Easy",804,-24
"2025-09-13","Average",1299,-5
"2025-09-14","Very Easy",1336,-32
"2025-09-15","Easy",305,-22
"2025-09-16","Easy",390,-26
"2025-09-17","Very Hard",907,35
"2025-09-18","Hard",1113,6
"2025-09-19","Hard",1081,3
"2025-09-20","Very Hard",1936,44
"2025-09-21","Easy",1494,-22
"2025-09-22","Average",334,-11
"2025-09-23","Hard",589,13
"2025-09-24","Hard",690,5
"2025-09-25","Average",1057,-2
"2025-09-26","Hard",1144,4
"2025-09-27","Average",1345,1
"2025-09-28","Average",1576,-13
"2025-09-29","Hard",400,11
"2025-09-30","Hard",537,2
"2025-10-01","Average",566,-15
"2025-10-02","Average",973,-11
"2025-10-03","Average",1076,-2
"2025-10-04","Very Easy",932,-33
"2025-10-05","Hard",1967,9
"2025-10-06","Average",322,-14
"2025-10-07","Average",480,-10
"2025-10-08","Very Easy",492,-28
"2025-10-09","Average",1064,-3
"2025-10-10","Easy",799,-24
"2025-10-11","Very Hard",1632,17
"2025-10-12","Average",1750,-5
"2025-10-13","Average",352,-3
"2025-10-14","Average",484,-9
"2025-10-15","Very Hard",1062,53
"2025-10-16","Average",1011,-9
"2025-10-17","Easy",778,-26
"2025-10-18","Very Hard",2054,38
"2025-10-19","Average",1545,-14
"2025-10-20","Average",335,-7
"2025-10-21","Very Easy",337,-37
"2025-10-22","Hard",758,3
"2025-10-23","Easy",879,-20
"2025-10-24","Very Hard",1748,70
"2025-10-25","Very Hard",1992,29
"2025-10-26","Average",1788,-1
"2025-10-27","Average",362,1
"2025-10-28","Average",455,-11
"2025-10-29","Average",635,-15
"2025-10-30","Average",1092,1
"2025-10-31","Average",985,-11
"2025-11-01","Average",1352,-11
"2025-11-02","Average",1650,-9
"2025-11-03","Average",331,-9
"2025-11-04","Average",469,-9
"2025-11-05","Average",678,-10
"2025-11-06","Easy",851,-19
"2025-11-07","Hard",1308,13
"2025-11-08","Very Easy",896,-44
"2025-11-09","Average",1735,-3
"2025-11-10","Hard",388,7
"2025-11-11","Hard",578,15
"2025-11-12","Hard",854,11
"2025-11-13","Average",1024,-2
"2025-11-14","Very Easy",614,-46
"2025-11-15","Very Easy",1134,-28
"2025-11-16","Hard",1958,9
"2025-11-17","Average",348,-5
"2025-11-18","Average",448,-14
"2025-11-19","Very Easy",505,-34
"2025-11-20","Easy",855,-19
"2025-11-21","Very Hard",1455,27
"2025-11-22","Average",1299,-14
"2025-11-23","Very Hard",2250,25
"2025-11-24","Average",322,-11
"2025-11-25","Hard",580,14
"2025-11-26","Easy",586,-21
"2025-11-27","Average",942,-12
"2025-11-28","Easy",917,-20
"2025-11-29","Average",1375,-11
"2025-11-30","Average",1702,-10
"2025-12-01","Average",366,0
"2025-12-02","Hard",577,9
"2025-12-03","Average",665,-8
"2025-12-04","Easy",834,-21
"2025-12-05","Average",1155,-2
"2025-12-06","Very Easy",936,-37
"2025-12-07","Average",1625,-14
"2025-12-08","Average",362,-2
"2025-12-09","Average",516,-1
"2025-12-10","Hard",800,10
"2025-12-11","Very Easy",523,-48
"2025-12-12","Easy",910,-21
"2025-12-13","Average",1313,-9
"2025-12-14","Average",1726,-10
"2025-12-15","Hard",367,1
"2025-12-16","Hard",529,2
"2025-12-17","Hard",816,11
"2025-12-18","Average",911,-7
"2025-12-19","Easy",887,-21
"2025-12-20","Easy",1120,-25
"2025-12-21","Very Hard",2277,21
"2025-12-22","Hard",387,5
"2025-12-23","Easy",419,-19
"2025-12-24","Very Easy",542,-29
"2025-12-25","Average",801,-16
"2025-12-26","Hard",1168,4
"2025-12-27","Average",1213,-16
"2025-12-28","Average",1800,-5
"2025-12-29","Average",325,-11
"2025-12-30","Easy",427,-17
"2025-12-31","Average",687,-5
"2026-01-01","Easy",756,-18
"2026-01-02","Easy",903,-23
"2026-01-03","Average",1193,-13
"2026-01-04","Hard",2046,4
"2026-01-05","Average",322,-14
"2026-01-06","Very Hard",844,52
"2026-01-07","Easy",552,-23
"2026-01-08","Easy",759,-18
"2026-01-09","Average",934,-15
"2026-01-10","Average",1165,-9
"2026-01-11","Easy",1488,-25
"2026-01-12","Hard",413,13
"2026-01-13","Very Easy",374,-34
"2026-01-14","Easy",550,-22
"2026-01-15","Average",887,0
"2026-01-16","Hard",1292,17
"2026-01-17","Average",1183,-3
"2026-01-18","Easy",1628,-17
"2026-01-19","Average",347,-8
"2026-01-20","Average",494,-11
"2026-01-21","Hard",741,6
"2026-01-22","Very Hard",1156,27
"2026-01-23","Hard",1144,3
"2026-01-24","Hard",1297,3
"2026-01-25","Easy",1546,-20
"2026-01-26","Average",344,-8
"2026-01-27","Average",517,-4
"2026-01-28","Average",591,-13
"2026-01-29","Easy",735,-20
"2026-01-30","Average",1024,-10
"2026-01-31","Easy",1074,-17
"2026-02-01","Average",1812,-5
"2026-02-02","Easy",302,-18
"2026-02-03","Very Easy",314,-43
"2026-02-04","Easy",539,-21
"2026-02-05","Hard",910,2
"2026-02-06","Average",928,-16
"2026-02-07","Hard",1371,7
"2026-02-08","Very Easy",1232,-33
"2026-02-09","Easy",290,-21
"2026-02-10","Easy",414,-21
"2026-02-11","Average",599,-14
"2026-02-12","Hard",1036,16
"2026-02-13","Average",1053,-3
"2026-02-14","Very Easy",700,-44
"2026-02-15","Average",1553,-12
"2026-02-16","Hard",417,12
"2026-02-17","Average",422,-16
"2026-02-18","Very Hard",852,21
"2026-02-19","Very Easy",595,-34
"2026-02-20","Easy",936,-17
"2026-02-21","Hard",1341,6
"2026-02-22","Average",1471,-16
"2026-02-23","Average",308,-15
"2026-02-24","Average",482,-2
"2026-02-25","Very Easy",480,-29
"2026-02-26","Very Hard",1106,21
"2026-02-27","Average",1037,-7
"2026-02-28","Very Easy",858,-30
"2026-03-01","Easy",1347,-24
"2026-03-02","Easy",283,-21
"2026-03-03","Easy",377,-23
"2026-03-04","Hard",757,15
"2026-03-05","Hard",989,5
"2026-03-06","Hard",1291,17
"2026-03-07","Very Hard",1859,52
"2026-03-08","Easy",1293,-23
"2026-03-09","Average",317,-9
"2026-03-10","Average",478,-1
"2026-03-11","Very Easy",480,-27
"2026-03-12","Easy",714,-22
"2026-03-13","Easy",941,-17
"2026-03-14","Average",1290,-1
"2026-03-15","Average",1602,-3
"2026-03-16","Very Hard",420,19
"2026-03-17","Average",441,-10
"2026-03-18","Hard",718,11
"2026-03-19","Easy",750,-19
"2026-03-20","Very Easy",738,-34
"2026-03-21","Very Easy",840,-34
"2026-03-22","Average",1512,-5
"2026-03-23","Easy",283,-22
"2026-03-24","Average",440,-3
"2026-03-25","Average",691,0
"2026-03-26","Easy",674,-24
"2026-03-27","Very Hard",1360,22
"2026-03-28","Hard",1436,13
"2026-03-29","Hard",1849,15
"2026-03-30","Hard",395,14
"2026-03-31","Average",463,0
"2026-04-01","Easy",494,-26
"2026-04-02","Average",863,-6
"2026-04-03","Very Easy",787,-27
"2026-04-04","Average",1234,-7
"2026-04-05","Average",1637,0
"2026-04-06","Hard",390,10
"2026-04-07","Average",411,-10
"2026-04-08","Hard",735,13
"2026-04-09","Average",807,-8
"2026-04-10","Average",954,-10
"2026-04-11","Hard",1356,6
"2026-04-12","Easy",1300,-19
"2026-04-13","Hard",381,5
"2026-04-14","Hard",500,12
"2026-04-15","Hard",724,9
"2026-04-16","Very Hard",1212,34
"2026-04-17","Easy",782,-25
"2026-04-18","Easy",1015,-22
"2026-04-19","Very Hard",2041,28
"2026-04-20","Average",342,-4
"2026-04-21","Average",457,1
"2026-04-22","Hard",715,4
"2026-04-23","Average",899,-2
"2026-04-24","Very Hard",1376,31
"2026-04-25","Hard",1387,8
"2026-04-26","Average",1389,-14
"2026-04-27","Average",332,-10
"2026-04-28","Average",468,-1
"2026-04-29","Average",664,-4
"2026-04-30","Average",923,-1
"2026-05-01","Very Easy",768,-28
"2026-05-02","Average",1200,-8
"2026-05-03","Very Hard",2057,25
"2026-05-04","Average",305,-16
"2026-05-05","Average",436,-7
"2026-05-06","Average",567,-16
"2026-05-07","Easy",747,-20
"2026-05-08","Very Hard",1573,47
"2026-05-09","Hard",1324,2
"2026-05-10","Hard",1810,8
"2026-05-11","Average",338,-6
"2026-05-12","Average",473,1
"2026-05-13","Average",568,-16
"2026-05-14","Very Hard",1178,28
"2026-05-15","Hard",1124,4
"2026-05-16","Very Hard",2146,58
"2026-05-17","Very Hard",2052,20
"2026-05-18","Easy",287,-20
"2026-05-19","Very Hard",566,17
"2026-05-20","Average",600,-9
"2026-05-21","Easy",740,-19
"2026-05-22","Easy",779,-27
"2026-05-23","Very Hard",1645,20
"2026-05-24","Easy",1420,-20
"2026-05-25","Easy",290,-18
"2026-05-26","Easy",396,-19
"2026-05-27","Easy",534,-19
"2026-05-28","Average",857,-7
"2026-05-29","Easy",894,-17
"2026-05-30","Easy",1175,-17
"2026-05-31","Average",1644,-7
"2026-06-01","Average",326,-6
"2026-06-02","Average",412,-15
"2026-06-03","Average",567,-12
"2026-06-04","Average",911,-3
"2026-06-05","Very Hard",1517,36
"2026-06-06","Hard",1535,6
"2026-06-07","Very Hard",2316,30
"2026-06-08","Hard",405,15
"2026-06-09","Hard",491,3
"2026-06-10","Very Hard",852,29
"2026-06-11","Very Easy",646,-30
"2026-06-12","Easy",869,-22
"2026-06-13","Easy",1185,-20
"2026-06-14","Very Hard",2337,27
"2026-06-15","Hard",371,6
"2026-06-16","Easy",376,-20
"2026-06-17","Very Hard",801,18
"2026-06-18","Average",756,-16
"2026-06-19","Very Hard",1324,20
"2026-06-20","Hard",1548,8
"2026-06-21","Average",1665,-10
"2026-06-22","Average",337,-3
"2026-06-23","Hard",545,17
"2026-06-24","Average",649,-5
"2026-06-25","Easy",716,-21
"2026-06-26","Very Easy",823,-28
"2026-06-27","Very Easy",854,-42
"2026-06-28","Easy",1443,-26
"2026-06-29","Hard",376,7
"2026-06-30","Average",478,0
"2026-07-01","Average",637,-8
"2026-07-02","Very Hard",1734,97
"2026-07-03","Hard",1226,7
"2026-07-04","Very Easy",906,-37
"2026-07-05","Easy",1420,-25
"2026-07-06","Average",344,-4
"2026-07-07","Easy",382,-21
"2026-07-08","Very Easy",420,-38
"2026-07-09","Very Hard",1384,38
"2026-07-10","Average",1029,-11
"2026-07-11","Easy",1069,-26
"2026-07-12","Easy",1421,-23
"2026-07-13","Hard",356,2
"2026-07-14","Easy",372,-21
"2026-07-15","Average",581,-12
"2026-07-16","Average",880,-13
"2026-07-17","Very Easy",833,-30
"2026-07-18","Average",1268,-11
"2026-07-19","Average",1791,-3
"2026-07-20","Average",342,-4
"2026-07-21","Average",446,-5
"2026-07-22","Very Hard",870,31
"2026-07-23","Hard",1097,7
"2026-07-24","Average",1140,0
"2026-07-25","Average",1284,-9
"2026-07-26","Easy",1447,-24
"2026-07-27","Easy",286,-21
"2026-07-28","Hard",497,5
"2026-07-29","Very Easy",444,-36
"2026-07-30","Average",946,-9
"2026-07-31","Easy",925,-17
"2026-08-01","Hard",1536,11
"2026-08-02","Average",1471,-16
"2026-08-03","Average",307,-15
"2026-08-04","Average",447,-5
"2026-08-05","Average",661,-4
"2026-08-06","Easy",881,-17
"2026-08-07","Easy",946,-17
"2026-08-08","Average",1200,-12
"2026-08-09","Hard",1889,6
"2026-08-10","Average",310,-14
"2026-08-11","Average",412,-12
"2026-08-12","Very Easy",480,-28
"2026-08-13","Easy",768,-26
"2026-08-14","Average",1025,-11
"2026-08-15","Average",1298,-2
"2026-08-16","Average",1663,-7
"2026-08-17","Average",294,-16
"2026-08-18","Average",405,-11
"2026-08-19","Very Easy",463,-31
"2026-08-20","Average",888,-12
"2026-08-21","Hard",1099,4
"2026-08-22","Average",1076,-16
"2026-08-23","Average",1454,-16
"2026-08-24","Average",352,0
"2026-08-25","Hard",496,9
"2026-08-26","Average",548,-13
"2026-08-27","Average",912,-14
"2026-08-28","Hard",1270,15
"2026-08-29","Average",1232,-3
"2026-08-30","Average",1518,-10
"2026-08-31","Average",299,-13
"2026-09-01","Hard",529,10
"2026-09-02","Very Hard",728,18
"2026-09-03","Average",869,-16
"2026-09-04","Very Hard",1511,39
"2026-09-05","Average",1238,-1
"2026-09-06","Hard",1744,6
"2026-09-07","Very Hard",465,35
"2026-09-08","Very Easy",271,-42
"2026-09-09","Average",607,-1
"2026-09-10","Hard",1232,15
"2026-09-11","Very Easy",785,-31
"2026-09-12","Easy",942,-24
"2026-09-13","Average",1588,-3
"2026-09-14","Easy",280,-20
"2026-09-15","Very Easy",296,-33
"2026-09-16","Hard",697,15
"2026-09-17","Very Easy",680,-32
"2026-09-18","Hard",1198,9
"2026-09-19","Average",956,-16
