"date","weekday","game","hit","rebus_cells","gimmick_cells","solution"
"1993-11-21","Sunday","daily",TRUE,14,0,NA
"1993-11-22","Monday","daily",FALSE,0,0,NA
"1993-11-23","Tuesday","daily",FALSE,0,0,NA
"1993-11-24","Wednesday","daily",FALSE,0,0,NA
"1993-11-25","Thursday","daily",FALSE,0,0,NA
"1993-11-26","Friday","daily",FALSE,0,0,NA
"1993-11-27","Saturday","daily",FALSE,0,0,NA
"1993-11-28","Sunday","daily",FALSE,0,0,NA
"1993-11-29","Monday","daily",FALSE,0,0,NA
"1993-11-30","Tuesday","daily",FALSE,0,0,NA
"1993-12-01","Wednesday","daily",FALSE,0,0,NA
"1993-12-02","Thursday","daily",FALSE,0,0,NA
"1993-12-03","Friday","daily",FALSE,0,0,NA
"1993-12-04","Saturday","daily",FALSE,0,0,NA
"1993-12-05","Sunday","daily",FALSE,0,0,NA
"1993-12-06","Monday","daily",FALSE,0,0,NA
"1993-12-07","Tuesday","daily",FALSE,0,0,NA
"1993-12-08","Wednesday","daily",FALSE,0,0,NA
"1993-12-09","Thursday","daily",FALSE,0,0,NA
"1993-12-10","Friday","daily",FALSE,0,0,NA
"1993-12-11","Saturday","daily",FALSE,0,0,NA
"1993-12-12","Sunday","daily",FALSE,0,0,NA
"1993-12-13","Monday","daily",FALSE,0,0,NA
"1993-12-14","Tuesday","daily",FALSE,0,0,NA
"1993-12-15","Wednesday","daily",FALSE,0,0,NA
"1993-12-16","Thursday","daily",FALSE,0,0,NA
"1993-12-17","Friday","daily",FALSE,0,0,NA
"1993-12-18","Saturday","daily",FALSE,0,0,NA
"1993-12-19","Sunday","daily",TRUE,8,0,NA
"1993-12-20","Monday","daily",FALSE,0,0,NA
"1993-12-21","Tuesday","daily",FALSE,0,0,NA
"1993-12-22","Wednesday","daily",FALSE,0,0,NA
"1993-12-23","Thursday","daily",FALSE,0,0,NA
"1993-12-24","Friday","daily",FALSE,0,0,NA
"1993-12-25","Saturday","daily",FALSE,0,0,NA
"1993-12-26","Sunday","daily",FALSE,0,0,NA
"1993-12-27","Monday","daily",FALSE,0,0,NA
"1993-12-28","Tuesday","daily",FALSE,0,0,NA
"1993-12-29","Wednesday","daily",FALSE,0,0,NA
"1993-12-30","Thursday","daily",FALSE,0,0,NA
"1993-12-31","Friday","daily",FALSE,0,0,NA
"1994-01-01","Saturday","daily",FALSE,0,0,NA
"1994-01-02","Sunday","daily",FALSE,0,0,NA
"1994-01-03","Monday","daily",FALSE,0,0,NA
"1994-01-04","Tuesday","daily",FALSE,0,0,NA
"1994-01-05","Wednesday","daily",FALSE,0,0,NA
"1994-01-06","Thursday","daily",FALSE,0,0,NA
"1994-01-07","Friday","daily",FALSE,0,0,NA
"1994-01-08","Saturday","daily",FALSE,0,0,NA
"1994-01-09","Sunday","daily",FALSE,0,0,NA
"1994-01-10","Monday","daily",FALSE,0,0,NA
"1994-01-11","Tuesday","daily",FALSE,0,0,NA
"1994-01-12","Wednesday","daily",FALSE,0,0,NA
"1994-01-13","Thursday","daily",FALSE,0,0,NA
"1994-01-14","Friday","daily",FALSE,0,0,NA
"1994-01-15","Saturday","daily",FALSE,0,0,NA
"1994-01-16","Sunday","daily",FALSE,0,0,NA
"1994-01-17","Monday","daily",FALSE,0,0,NA
"1994-01-18","Tuesday","daily",FALSE,0,0,NA
"1994-01-19","Wednesday","daily",FALSE,0,0,NA
"1994-01-20","Thursday","daily",FALSE,0,0,NA
"1994-01-21","Friday","daily",FALSE,0,0,NA
"1994-01-22","Saturday","daily",FALSE,0,0,NA
"1994-01-23","Sunday","daily",FALSE,0,0,NA
"1994-01-24","Monday","daily",FALSE,0,0,NA
"1994-01-25","Tuesday","daily",FALSE,0,0,NA
"1994-01-26","Wednesday","daily",FALSE,0,0,NA
"1994-01-27","Thursday","daily",FALSE,0,0,NA
"1994-01-28","Friday","daily",FALSE,0,0,NA
"1994-01-29","Saturday","daily",FALSE,0,0,NA
"1994-01-30","Sunday","daily",FALSE,0,0,NA
"1994-01-31","Monday","daily",FALSE,0,0,NA
"1994-02-01","Tuesday","daily",FALSE,0,0,NA
"1994-02-02","Wednesday","daily",FALSE,0,0,NA
"1994-02-03","Thursday","daily",FALSE,0,0,NA
"1994-02-04","Friday","daily",FALSE,0,0,NA
"1994-02-05","Saturday","daily",FALSE,0,0,NA
"1994-02-06","Sunday","daily",FALSE,0,0,NA
"1994-02-07","Monday","daily",FALSE,0,0,NA
"1994-02-08","Tuesday","daily",FALSE,0,0,NA
"1994-02-09","Wednesday","daily",FALSE,0,0,NA
"1994-02-10","Thursday","daily",FALSE,0,0,NA
"1994-02-11","Friday","daily",FALSE,0,0,NA
"1994-02-12","Saturday","daily",FALSE,0,0,NA
"1994-02-13","Sunday","daily",FALSE,0,0,NA
"1994-02-14","Monday","daily",TRUE,5,0,NA
"1994-02-15","Tuesday","daily",FALSE,0,0,NA
"1994-02-16","Wednesday","daily",FALSE,0,0,NA
"1994-02-17","Thursday","daily",FALSE,0,0,NA
"1994-02-18","Friday","daily",FALSE,0,0,NA
"1994-02-19","Saturday","daily",FALSE,0,0,NA
"1994-02-20","Sunday","daily",FALSE,0,0,NA
"1994-02-21","Monday","daily",FALSE,0,0,NA
"1994-02-22","Tuesday","daily",FALSE,0,0,NA
"1994-02-23","Wednesday","daily",FALSE,0,0,NA
"1994-02-24","Thursday","daily",FALSE,0,0,NA
"1994-02-25","Friday","daily",FALSE,0,0,NA
"1994-02-26","Saturday","daily",FALSE,0,0,NA
"1994-02-27","Sunday","daily",TRUE,17,0,NA
"1994-02-28","Monday","daily",FALSE,0,0,NA
"1994-03-01","Tuesday","daily",FALSE,0,0,NA
"1994-03-02","Wednesday","daily",FALSE,0,0,NA
"1994-03-03","Thursday","daily",FALSE,0,0,NA
"1994-03-04","Friday","daily",FALSE,0,0,NA
"1994-03-05","Saturday","daily",FALSE,0,0,NA
"1994-03-06","Sunday","daily",FALSE,0,0,NA
"1994-03-07","Monday","daily",FALSE,0,0,NA
"1994-03-08","Tuesday","daily",FALSE,0,0,NA
"1994-03-09","Wednesday","daily",FALSE,0,0,NA
"1994-03-10","Thursday","daily",FALSE,0,0,NA
"1994-03-11","Friday","daily",FALSE,0,0,NA
"1994-03-12","Saturday","daily",FALSE,0,0,NA
"1994-03-13","Sunday","daily",FALSE,0,0,NA
"1994-03-14","Monday","daily",FALSE,0,0,NA
"1994-03-15","Tuesday","daily",FALSE,0,0,NA
"1994-03-16","Wednesday","daily",FALSE,0,0,NA
"1994-03-17","Thursday","daily",FALSE,0,0,NA
"1994-03-18","Friday","daily",FALSE,0,0,NA
"1994-03-19","Saturday","daily",FALSE,0,0,NA
"1994-03-20","Sunday","daily",FALSE,0,0,NA
"1994-03-21","Monday","daily",FALSE,0,0,NA
"1994-03-22","Tuesday","daily",FALSE,0,0,NA
"1994-03-23","Wednesday","daily",FALSE,0,0,NA
"1994-03-24","Thursday","daily",FALSE,0,0,NA
"1994-03-25","Friday","daily",FALSE,0,0,NA
"1994-03-26","Saturday","daily",FALSE,0,0,NA
"1994-03-27","Sunday","daily",FALSE,0,0,NA
"1994-03-28","Monday","daily",FALSE,0,0,NA
"1994-03-29","Tuesday","daily",FALSE,0,0,NA
"1994-03-30","Wednesday","daily",FALSE,0,0,NA
"1994-03-31","Thursday","daily",FALSE,0,0,NA
"1994-04-01","Friday","daily",FALSE,0,0,NA
"1994-04-02","Saturday","daily",FALSE,0,0,NA
"1994-04-03","Sunday","daily",FALSE,0,0,NA
"1994-04-04","Monday","daily",FALSE,0,0,NA
"1994-04-05","Tuesday","daily",FALSE,0,0,NA
"1994-04-06","Wednesday","daily",FALSE,0,0,NA
"1994-04-07","Thursday","daily",FALSE,0,0,NA
"1994-04-08","Friday","daily",FALSE,0,0,NA
"1994-04-09","Saturday","daily",FALSE,0,0,NA
"1994-04-10","Sunday","daily",FALSE,0,0,NA
"1994-04-11","Monday","daily",FALSE,0,0,NA
"1994-04-12","Tuesday","daily",FALSE,0,0,NA
"1994-04-13","Wednesday","daily",FALSE,0,0,NA
"1994-04-14","Thursday","daily",FALSE,0,0,NA
"1994-04-15","Friday","daily",FALSE,0,0,NA
"1994-04-16","Saturday","daily",FALSE,0,0,NA
"1994-04-17","Sunday","daily",FALSE,0,0,NA
"1994-04-18","Monday","daily",FALSE,0,0,NA
"1994-04-19","Tuesday","daily",FALSE,0,0,NA
"1994-04-20","Wednesday","daily",FALSE,0,0,NA
"1994-04-21","Thursday","daily",FALSE,0,0,NA
"1994-04-22","Friday","daily",FALSE,0,0,NA
"1994-04-23","Saturday","daily",FALSE,0,0,NA
"1994-04-24","Sunday","daily",FALSE,0,0,NA
"1994-04-25","Monday","daily",FALSE,0,0,NA
"1994-04-26","Tuesday","daily",FALSE,0,0,NA
"1994-04-27","Wednesday","daily",FALSE,0,0,NA
"1994-04-28","Thursday","daily",FALSE,0,0,NA
"1994-04-29","Friday","daily",FALSE,0,0,NA
"1994-04-30","Saturday","daily",FALSE,0,0,NA
"1994-05-01","Sunday","daily",FALSE,0,0,NA
"1994-05-02","Monday","daily",FALSE,0,0,NA
"1994-05-03","Tuesday","daily",FALSE,0,0,NA
"1994-05-04","Wednesday","daily",FALSE,0,0,NA
"1994-05-05","Thursday","daily",FALSE,0,0,NA
"1994-05-06","Friday","daily",FALSE,0,0,NA
"1994-05-07","Saturday","daily",TRUE,4,0,NA
"1994-05-08","Sunday","daily",FALSE,0,0,NA
"1994-05-09","Monday","daily",FALSE,0,0,NA
"1994-05-10","Tuesday","daily",FALSE,0,0,NA
"1994-05-11","Wednesday","daily",FALSE,0,0,NA
"1994-05-12","Thursday","daily",FALSE,0,0,NA
"1994-05-13","Friday","daily",FALSE,0,0,NA
"1994-05-14","Saturday","daily",FALSE,0,0,NA
"1994-05-15","Sunday","daily",FALSE,0,0,NA
"1994-05-16","Monday","daily",FALSE,0,0,NA
"1994-05-17","Tuesday","daily",FALSE,0,0,NA
"1994-05-18","Wednesday","daily",FALSE,0,0,NA
"1994-05-19","Thursday","daily",FALSE,0,0,NA
"1994-05-20","Friday","daily",FALSE,0,0,NA
"1994-05-21","Saturday","daily",FALSE,0,0,NA
"1994-05-22","Sunday","daily",FALSE,0,0,NA
"1994-05-23","Monday","daily",FALSE,0,0,NA
"1994-05-24","Tuesday","daily",FALSE,0,0,NA
"1994-05-25","Wednesday","daily",FALSE,0,0,NA
"1994-05-26","Thursday","daily",FALSE,0,0,NA
"1994-05-27","Friday","daily",TRUE,8,0,NA
"1994-05-28","Saturday","daily",FALSE,0,0,NA
"1994-05-29","Sunday","daily",FALSE,0,0,NA
"1994-05-30","Monday","daily",FALSE,0,0,NA
"1994-05-31","Tuesday","daily",FALSE,0,0,NA
"1994-06-01","Wednesday","daily",FALSE,0,0,NA
"1994-06-02","Thursday","daily",FALSE,0,0,NA
"1994-06-03","Friday","daily",FALSE,0,0,NA
"1994-06-04","Saturday","daily",FALSE,0,0,NA
"1994-06-05","Sunday","daily",FALSE,0,0,NA
"1994-06-06","Monday","daily",FALSE,0,0,NA
"1994-06-07","Tuesday","daily",FALSE,0,0,NA
"1994-06-08","Wednesday","daily",FALSE,0,0,NA
"1994-06-09","Thursday","daily",FALSE,0,0,NA
"1994-06-10","Friday","daily",FALSE,0,0,NA
"1994-06-11","Saturday","daily",FALSE,0,0,NA
"1994-06-12","Sunday","daily",FALSE,0,0,NA
"1994-06-13","Monday","daily",FALSE,0,0,NA
"1994-06-14","Tuesday","daily",FALSE,0,0,NA
"1994-06-15","Wednesday","daily",FALSE,0,0,NA
"1994-06-16","Thursday","daily",FALSE,0,0,NA
"1994-06-17","Friday","daily",FALSE,0,0,NA
"1994-06-18","Saturday","daily",FALSE,0,0,NA
"1994-06-19","Sunday","daily",FALSE,0,0,NA
"1994-06-20","Monday","daily",FALSE,0,0,NA
"1994-06-21","Tuesday","daily",FALSE,0,0,NA
"1994-06-22","Wednesday","daily",FALSE,0,0,NA
"1994-06-23","Thursday","daily",FALSE,0,0,NA
"1994-06-24","Friday","daily",FALSE,0,0,NA
"1994-06-25","Saturday","daily",FALSE,0,0,NA
"1994-06-26","Sunday","daily",FALSE,0,12,NA
"1994-06-27","Monday","daily",FALSE,0,0,NA
"1994-06-28","Tuesday","daily",FALSE,0,0,NA
"1994-06-29","Wednesday","daily",FALSE,0,0,NA
"1994-06-30","Thursday","daily",FALSE,0,0,NA
"1994-07-01","Friday","daily",FALSE,0,0,NA
"1994-07-02","Saturday","daily",FALSE,0,0,NA
"1994-07-03","Sunday","daily",FALSE,0,0,NA
"1994-07-04","Monday","daily",FALSE,0,0,NA
"1994-07-05","Tuesday","daily",FALSE,0,0,NA
"1994-07-06","Wednesday","daily",FALSE,0,0,NA
"1994-07-07","Thursday","daily",FALSE,0,0,NA
"1994-07-08","Friday","daily",FALSE,0,0,NA
"1994-07-09","Saturday","daily",FALSE,0,0,NA
"1994-07-10","Sunday","daily",FALSE,0,0,NA
"1994-07-11","Monday","daily",FALSE,0,0,NA
"1994-07-12","Tuesday","daily",FALSE,0,0,NA
"1994-07-13","Wednesday","daily",FALSE,0,0,NA
"1994-07-14","Thursday","daily",FALSE,0,0,NA
"1994-07-15","Friday","daily",FALSE,0,0,NA
"1994-07-16","Saturday","daily",FALSE,0,0,NA
"1994-07-17","Sunday","daily",FALSE,0,0,NA
"1994-07-18","Monday","daily",FALSE,0,0,NA
"1994-07-19","Tuesday","daily",FALSE,0,0,NA
"1994-07-20","Wednesday","daily",FALSE,0,0,NA
"1994-07-21","Thursday","daily",FALSE,0,0,NA
"1994-07-22","Friday","daily",FALSE,0,0,NA
"1994-07-23","Saturday","daily",FALSE,0,0,NA
"1994-07-24","Sunday","daily",FALSE,0,0,NA
"1994-07-25","Monday","daily",FALSE,0,0,NA
"1994-07-26","Tuesday","daily",FALSE,0,0,NA
"1994-07-27","Wednesday","daily",FALSE,0,0,NA
"1994-07-28","Thursday","daily",FALSE,0,0,NA
"1994-07-29","Friday","daily",TRUE,8,0,NA
"1994-07-30","Saturday","daily",FALSE,0,0,NA
"1994-07-31","Sunday","daily",FALSE,0,0,NA
"1994-08-01","Monday","daily",FALSE,0,0,NA
"1994-08-02","Tuesday","daily",FALSE,0,0,NA
"1994-08-03","Wednesday","daily",FALSE,0,0,NA
"1994-08-04","Thursday","daily",FALSE,0,0,NA
"1994-08-05","Friday","daily",FALSE,0,0,NA
"1994-08-06","Saturday","daily",FALSE,0,0,NA
"1994-08-07","Sunday","daily",FALSE,0,0,NA
"1994-08-08","Monday","daily",FALSE,0,0,NA
"1994-08-09","Tuesday","daily",FALSE,0,0,NA
"1994-08-10","Wednesday","daily",FALSE,0,0,NA
"1994-08-11","Thursday","daily",FALSE,0,0,NA
"1994-08-12","Friday","daily",FALSE,0,0,NA
"1994-08-13","Saturday","daily",FALSE,0,0,NA
"1994-08-14","Sunday","daily",FALSE,0,0,NA
"1994-08-15","Monday","daily",FALSE,0,0,NA
"1994-08-16","Tuesday","daily",FALSE,0,0,NA
"1994-08-17","Wednesday","daily",FALSE,0,0,NA
"1994-08-18","Thursday","daily",FALSE,0,0,NA
"1994-08-19","Friday","daily",FALSE,0,0,NA
"1994-08-20","Saturday","daily",FALSE,0,0,NA
"1994-08-21","Sunday","daily",FALSE,0,0,NA
"1994-08-22","Monday","daily",FALSE,0,0,NA
"1994-08-23","Tuesday","daily",FALSE,0,0,NA
"1994-08-24","Wednesday","daily",FALSE,0,0,NA
"1994-08-25","Thursday","daily",FALSE,0,0,NA
"1994-08-26","Friday","daily",FALSE,0,0,NA
"1994-08-27","Saturday","daily",FALSE,0,0,NA
"1994-08-28","Sunday","daily",FALSE,0,0,NA
"1994-08-29","Monday","daily",FALSE,0,0,NA
"1994-08-30","Tuesday","daily",FALSE,0,0,NA
"1994-08-31","Wednesday","daily",FALSE,0,0,NA
"1994-09-01","Thursday","daily",FALSE,0,0,NA
"1994-09-02","Friday","daily",TRUE,5,0,NA
"1994-09-03","Saturday","daily",FALSE,0,0,NA
"1994-09-04","Sunday","daily",TRUE,5,0,NA
"1994-09-05","Monday","daily",FALSE,0,0,NA
"1994-09-06","Tuesday","daily",FALSE,0,0,NA
"1994-09-07","Wednesday","daily",FALSE,0,0,NA
"1994-09-08","Thursday","daily",FALSE,0,0,NA
"1994-09-09","Friday","daily",FALSE,0,0,NA
"1994-09-10","Saturday","daily",FALSE,0,0,NA
"1994-09-11","Sunday","daily",FALSE,0,0,NA
"1994-09-12","Monday","daily",FALSE,0,0,NA
"1994-09-13","Tuesday","daily",FALSE,0,0,NA
"1994-09-14","Wednesday","daily",FALSE,0,0,NA
"1994-09-15","Thursday","daily",FALSE,0,0,NA
"1994-09-16","Friday","daily",FALSE,0,0,NA
"1994-09-17","Saturday","daily",FALSE,0,0,NA
"1994-09-18","Sunday","daily",FALSE,0,0,NA
"1994-09-19","Monday","daily",FALSE,0,0,NA
"1994-09-20","Tuesday","daily",FALSE,0,0,NA
"1994-09-21","Wednesday","daily",FALSE,0,0,NA
"1994-09-22","Thursday","daily",FALSE,0,0,NA
"1994-09-23","Friday","daily",FALSE,0,0,NA
"1994-09-24","Saturday","daily",FALSE,0,0,NA
"1994-09-25","Sunday","daily",FALSE,0,0,NA
"1994-09-26","Monday","daily",FALSE,0,0,NA
"1994-09-27","Tuesday","daily",FALSE,0,0,NA
"1994-09-28","Wednesday","daily",FALSE,0,0,NA
"1994-09-29","Thursday","daily",FALSE,0,0,NA
"1994-09-30","Friday","daily",FALSE,0,0,NA
"1994-10-01","Saturday","daily",FALSE,0,0,NA
"1994-10-02","Sunday","daily",FALSE,0,0,NA
"1994-10-03","Monday","daily",FALSE,0,0,NA
"1994-10-04","Tuesday","daily",FALSE,0,0,NA
"1994-10-05","Wednesday","daily",FALSE,0,0,NA
"1994-10-06","Thursday","daily",FALSE,0,0,NA
"1994-10-07","Friday","daily",TRUE,6,0,NA
"1994-10-08","Saturday","daily",FALSE,0,0,NA
"1994-10-09","Sunday","daily",FALSE,0,0,NA
"1994-10-10","Monday","daily",FALSE,0,0,NA
"1994-10-11","Tuesday","daily",FALSE,0,0,NA
"1994-10-12","Wednesday","daily",FALSE,0,0,NA
"1994-10-13","Thursday","daily",FALSE,0,0,NA
"1994-10-14","Friday","daily",FALSE,0,0,NA
"1994-10-15","Saturday","daily",FALSE,0,0,NA
"1994-10-16","Sunday","daily",FALSE,0,0,NA
"1994-10-17","Monday","daily",FALSE,0,0,NA
"1994-10-18","Tuesday","daily",FALSE,0,0,NA
"1994-10-19","Wednesday","daily",FALSE,0,0,NA
"1994-10-20","Thursday","daily",FALSE,0,0,NA
"1994-10-21","Friday","daily",FALSE,0,0,NA
"1994-10-22","Saturday","daily",FALSE,0,0,NA
"1994-10-23","Sunday","daily",FALSE,0,0,NA
"1994-10-24","Monday","daily",FALSE,0,0,NA
"1994-10-25","Tuesday","daily",FALSE,0,0,NA
"1994-10-26","Wednesday","daily",FALSE,0,0,NA
"1994-10-27","Thursday","daily",FALSE,0,0,NA
"1994-10-28","Friday","daily",FALSE,0,0,NA
"1994-10-29","Saturday","daily",FALSE,0,0,NA
"1994-10-30","Sunday","daily",FALSE,0,0,NA
"1994-10-31","Monday","daily",FALSE,0,0,NA
"1994-11-01","Tuesday","daily",FALSE,0,0,NA
"1994-11-02","Wednesday","daily",FALSE,0,0,NA
"1994-11-03","Thursday","daily",FALSE,0,0,NA
"1994-11-04","Friday","daily",FALSE,0,0,NA
"1994-11-05","Saturday","daily",FALSE,0,0,NA
"1994-11-06","Sunday","daily",TRUE,8,0,NA
"1994-11-07","Monday","daily",FALSE,0,0,NA
"1994-11-08","Tuesday","daily",FALSE,0,0,NA
"1994-11-09","Wednesday","daily",FALSE,0,0,NA
"1994-11-10","Thursday","daily",FALSE,0,0,NA
"1994-11-11","Friday","daily",FALSE,0,0,NA
"1994-11-12","Saturday","daily",FALSE,0,0,NA
"1994-11-13","Sunday","daily",FALSE,0,0,NA
"1994-11-14","Monday","daily",FALSE,0,0,NA
"1994-11-15","Tuesday","daily",FALSE,0,0,NA
"1994-11-16","Wednesday","daily",FALSE,0,0,NA
"1994-11-17","Thursday","daily",FALSE,0,0,NA
"1994-11-18","Friday","daily",FALSE,0,0,NA
"1994-11-19","Saturday","daily",FALSE,0,0,NA
"1994-11-20","Sunday","daily",FALSE,0,0,NA
"1994-11-21","Monday","daily",FALSE,0,0,NA
"1994-11-22","Tuesday","daily",FALSE,0,0,NA
"1994-11-23","Wednesday","daily",FALSE,0,0,NA
"1994-11-24","Thursday","daily",FALSE,0,0,NA
"1994-11-25","Friday","daily",FALSE,0,0,NA
"1994-11-26","Saturday","daily",FALSE,0,0,NA
"1994-11-27","Sunday","daily",FALSE,0,0,NA
"1994-11-28","Monday","daily",FALSE,0,0,NA
"1994-11-29","Tuesday","daily",FALSE,0,0,NA
"1994-11-30","Wednesday","daily",FALSE,0,0,NA
"1994-12-01","Thursday","daily",FALSE,0,0,NA
"1994-12-02","Friday","daily",FALSE,0,0,NA
"1994-12-03","Saturday","daily",FALSE,0,0,NA
"1994-12-04","Sunday","daily",FALSE,0,0,NA
"1994-12-05","Monday","daily",FALSE,0,0,NA
"1994-12-06","Tuesday","daily",FALSE,0,0,NA
"1994-12-07","Wednesday","daily",FALSE,0,0,NA
"1994-12-08","Thursday","daily",FALSE,0,0,NA
"1994-12-09","Friday","daily",FALSE,0,0,NA
"1994-12-10","Saturday","daily",TRUE,5,0,NA
"1994-12-11","Sunday","daily",FALSE,0,0,NA
"1994-12-12","Monday","daily",FALSE,0,0,NA
"1994-12-13","Tuesday","daily",FALSE,0,0,NA
"1994-12-14","Wednesday","daily",FALSE,0,0,NA
"1994-12-15","Thursday","daily",FALSE,0,0,NA
"1994-12-16","Friday","daily",FALSE,0,0,NA
"1994-12-17","Saturday","daily",FALSE,0,0,NA
"1994-12-18","Sunday","daily",FALSE,0,0,NA
"1994-12-19","Monday","daily",FALSE,0,0,NA
"1994-12-20","Tuesday","daily",FALSE,0,0,NA
"1994-12-21","Wednesday","daily",FALSE,0,0,NA
"1994-12-22","Thursday","daily",FALSE,0,0,NA
"1994-12-23","Friday","daily",FALSE,0,0,NA
"1994-12-24","Saturday","daily",FALSE,0,0,NA
"1994-12-25","Sunday","daily",FALSE,0,0,NA
"1994-12-26","Monday","daily",FALSE,0,0,NA
"1994-12-27","Tuesday","daily",FALSE,0,0,NA
"1994-12-28","Wednesday","daily",FALSE,0,0,NA
"1994-12-29","Thursday","daily",FALSE,0,0,NA
"1994-12-30","Friday","daily",FALSE,0,0,NA
"1994-12-31","Saturday","daily",FALSE,0,0,NA
"1995-01-01","Sunday","daily",TRUE,10,0,NA
"1995-01-02","Monday","daily",FALSE,0,0,NA
"1995-01-03","Tuesday","daily",FALSE,0,0,NA
"1995-01-04","Wednesday","daily",FALSE,0,0,NA
"1995-01-05","Thursday","daily",FALSE,0,0,NA
"1995-01-06","Friday","daily",FALSE,0,0,NA
"1995-01-07","Saturday","daily",FALSE,0,0,NA
"1995-01-08","Sunday","daily",FALSE,0,0,NA
"1995-01-09","Monday","daily",FALSE,0,0,NA
"1995-01-10","Tuesday","daily",FALSE,0,0,NA
"1995-01-11","Wednesday","daily",FALSE,0,0,NA
"1995-01-12","Thursday","daily",FALSE,0,0,NA
"1995-01-13","Friday","daily",TRUE,6,0,NA
"1995-01-14","Saturday","daily",FALSE,0,0,NA
"1995-01-15","Sunday","daily",FALSE,0,0,NA
"1995-01-16","Monday","daily",FALSE,0,0,NA
"1995-01-17","Tuesday","daily",FALSE,0,0,NA
"1995-01-18","Wednesday","daily",FALSE,0,0,NA
"1995-01-19","Thursday","daily",FALSE,0,0,NA
"1995-01-20","Friday","daily",FALSE,0,0,NA
"1995-01-21","Saturday","daily",FALSE,0,0,NA
"1995-01-22","Sunday","daily",FALSE,0,0,NA
"1995-01-23","Monday","daily",FALSE,0,0,NA
"1995-01-24","Tuesday","daily",FALSE,0,0,NA
"1995-01-25","Wednesday","daily",FALSE,0,0,NA
"1995-01-26","Thursday","daily",FALSE,0,0,NA
"1995-01-27","Friday","daily",FALSE,0,0,NA
"1995-01-28","Saturday","daily",FALSE,0,0,NA
"1995-01-29","Sunday","daily",FALSE,0,0,NA
"1995-01-30","Monday","daily",FALSE,0,0,NA
"1995-01-31","Tuesday","daily",FALSE,0,0,NA
"1995-02-01","Wednesday","daily",FALSE,0,0,NA
"1995-02-02","Thursday","daily",FALSE,0,0,NA
"1995-02-03","Friday","daily",FALSE,0,0,NA
"1995-02-04","Saturday","daily",FALSE,0,0,NA
"1995-02-05","Sunday","daily",FALSE,0,0,NA
"1995-02-06","Monday","daily",FALSE,0,0,NA
"1995-02-07","Tuesday","daily",FALSE,0,0,NA
"1995-02-08","Wednesday","daily",FALSE,0,0,NA
"1995-02-09","Thursday","daily",FALSE,0,0,NA
"1995-02-10","Friday","daily",FALSE,0,0,NA
"1995-02-11","Saturday","daily",FALSE,0,0,NA
"1995-02-12","Sunday","daily",FALSE,0,0,NA
"1995-02-13","Monday","daily",FALSE,0,0,NA
"1995-02-14","Tuesday","daily",FALSE,0,0,NA
"1995-02-15","Wednesday","daily",FALSE,0,0,NA
"1995-02-16","Thursday","daily",FALSE,0,0,NA
"1995-02-17","Friday","daily",FALSE,0,0,NA
"1995-02-18","Saturday","daily",FALSE,0,0,NA
"1995-02-19","Sunday","daily",TRUE,18,0,NA
"1995-02-20","Monday","daily",FALSE,0,0,NA
"1995-02-21","Tuesday","daily",FALSE,0,0,NA
"1995-02-22","Wednesday","daily",FALSE,0,0,NA
"1995-02-23","Thursday","daily",FALSE,0,0,NA
"1995-02-24","Friday","daily",FALSE,0,0,NA
"1995-02-25","Saturday","daily",FALSE,0,0,NA
"1995-02-26","Sunday","daily",FALSE,0,0,NA
"1995-02-27","Monday","daily",FALSE,0,0,NA
"1995-02-28","Tuesday","daily",FALSE,0,0,NA
"1995-03-01","Wednesday","daily",FALSE,0,0,NA
"1995-03-02","Thursday","daily",FALSE,0,0,NA
"1995-03-03","Friday","daily",FALSE,0,0,NA
"1995-03-04","Saturday","daily",TRUE,4,0,NA
"1995-03-05","Sunday","daily",FALSE,0,0,NA
"1995-03-06","Monday","daily",FALSE,0,0,NA
"1995-03-07","Tuesday","daily",FALSE,0,0,NA
"1995-03-08","Wednesday","daily",FALSE,0,0,NA
"1995-03-09","Thursday","daily",FALSE,0,0,NA
"1995-03-10","Friday","daily",FALSE,0,0,NA
"1995-03-11","Saturday","daily",FALSE,0,0,NA
"1995-03-12","Sunday","daily",FALSE,0,0,NA
"1995-03-13","Monday","daily",FALSE,0,0,NA
"1995-03-14","Tuesday","daily",FALSE,0,0,NA
"1995-03-15","Wednesday","daily",FALSE,0,0,NA
"1995-03-16","Thursday","daily",FALSE,0,0,NA
"1995-03-17","Friday","daily",FALSE,0,0,NA
"1995-03-18","Saturday","daily",FALSE,0,0,NA
"1995-03-19","Sunday","daily",FALSE,0,0,NA
"1995-03-20","Monday","daily",FALSE,0,0,NA
"1995-03-21","Tuesday","daily",FALSE,0,0,NA
"1995-03-22","Wednesday","daily",FALSE,0,0,NA
"1995-03-23","Thursday","daily",FALSE,0,0,NA
"1995-03-24","Friday","daily",FALSE,0,0,NA
"1995-03-25","Saturday","daily",FALSE,0,0,NA
"1995-03-26","Sunday","daily",FALSE,0,0,NA
"1995-03-27","Monday","daily",FALSE,0,0,NA
"1995-03-28","Tuesday","daily",FALSE,0,0,NA
"1995-03-29","Wednesday","daily",FALSE,0,0,NA
"1995-03-30","Thursday","daily",FALSE,0,0,NA
"1995-03-31","Friday","daily",FALSE,0,0,NA
"1995-04-01","Saturday","daily",TRUE,15,0,NA
"1995-04-02","Sunday","daily",FALSE,0,0,NA
"1995-04-03","Monday","daily",FALSE,0,0,NA
"1995-04-04","Tuesday","daily",FALSE,0,0,NA
"1995-04-05","Wednesday","daily",FALSE,0,0,NA
"1995-04-06","Thursday","daily",FALSE,0,0,NA
"1995-04-07","Friday","daily",FALSE,0,0,NA
"1995-04-08","Saturday","daily",FALSE,0,0,NA
"1995-04-09","Sunday","daily",FALSE,0,0,NA
"1995-04-10","Monday","daily",FALSE,0,0,NA
"1995-04-11","Tuesday","daily",FALSE,0,0,NA
"1995-04-12","Wednesday","daily",FALSE,0,0,NA
"1995-04-13","Thursday","daily",TRUE,4,0,NA
"1995-04-14","Friday","daily",FALSE,0,0,NA
"1995-04-15","Saturday","daily",FALSE,0,0,NA
"1995-04-16","Sunday","daily",FALSE,0,0,NA
"1995-04-17","Monday","daily",FALSE,0,0,NA
"1995-04-18","Tuesday","daily",FALSE,0,0,NA
"1995-04-19","Wednesday","daily",FALSE,0,0,NA
"1995-04-20","Thursday","daily",FALSE,0,0,NA
"1995-04-21","Friday","daily",FALSE,0,0,NA
"1995-04-22","Saturday","daily",FALSE,0,0,NA
"1995-04-23","Sunday","daily",FALSE,0,0,NA
"1995-04-24","Monday","daily",FALSE,0,0,NA
"1995-04-25","Tuesday","daily",FALSE,0,0,NA
"1995-04-26","Wednesday","daily",FALSE,0,0,NA
"1995-04-27","Thursday","daily",FALSE,0,0,NA
"1995-04-28","Friday","daily",FALSE,0,0,NA
"1995-04-29","Saturday","daily",FALSE,0,0,NA
"1995-04-30","Sunday","daily",FALSE,0,0,NA
"1995-05-01","Monday","daily",FALSE,0,0,NA
"1995-05-02","Tuesday","daily",FALSE,0,0,NA
"1995-05-03","Wednesday","daily",FALSE,0,0,NA
"1995-05-04","Thursday","daily",FALSE,0,0,NA
"1995-05-05","Friday","daily",FALSE,0,0,NA
"1995-05-06","Saturday","daily",FALSE,0,0,NA
"1995-05-07","Sunday","daily",FALSE,0,0,NA
"1995-05-08","Monday","daily",FALSE,0,0,NA
"1995-05-09","Tuesday","daily",FALSE,0,0,NA
"1995-05-10","Wednesday","daily",FALSE,0,0,NA
"1995-05-11","Thursday","daily",FALSE,0,0,NA
"1995-05-12","Friday","daily",FALSE,0,0,NA
"1995-05-13","Saturday","daily",FALSE,0,0,NA
"1995-05-14","Sunday","daily",FALSE,0,0,NA
"1995-05-15","Monday","daily",FALSE,0,0,NA
"1995-05-16","Tuesday","daily",FALSE,0,0,NA
"1995-05-17","Wednesday","daily",FALSE,0,0,NA
"1995-05-18","Thursday","daily",FALSE,0,0,NA
"1995-05-19","Friday","daily",FALSE,0,0,NA
"1995-05-20","Saturday","daily",FALSE,0,0,NA
"1995-05-21","Sunday","daily",FALSE,0,0,NA
"1995-05-22","Monday","daily",FALSE,0,0,NA
"1995-05-23","Tuesday","daily",FALSE,0,0,NA
"1995-05-24","Wednesday","daily",FALSE,0,0,NA
"1995-05-25","Thursday","daily",FALSE,0,0,NA
"1995-05-26","Friday","daily",FALSE,0,0,NA
"1995-05-27","Saturday","daily",FALSE,0,0,NA
"1995-05-28","Sunday","daily",FALSE,0,0,NA
"1995-05-29","Monday","daily",FALSE,0,0,NA
"1995-05-30","Tuesday","daily",FALSE,0,0,NA
"1995-05-31","Wednesday","daily",FALSE,0,0,NA
"1995-06-01","Thursday","daily",FALSE,0,0,NA
"1995-06-02","Friday","daily",FALSE,0,0,NA
"1995-06-03","Saturday","daily",FALSE,0,0,NA
"1995-06-04","Sunday","daily",FALSE,0,0,NA
"1995-06-05","Monday","daily",FALSE,0,0,NA
"1995-06-06","Tuesday","daily",FALSE,0,0,NA
"1995-06-07","Wednesday","daily",FALSE,0,0,NA
"1995-06-08","Thursday","daily",FALSE,0,0,NA
"1995-06-09","Friday","daily",FALSE,0,0,NA
"1995-06-10","Saturday","daily",FALSE,0,0,NA
"1995-06-11","Sunday","daily",FALSE,0,0,NA
"1995-06-12","Monday","daily",FALSE,0,0,NA
"1995-06-13","Tuesday","daily",FALSE,0,0,NA
"1995-06-14","Wednesday","daily",FALSE,0,0,NA
"1995-06-15","Thursday","daily",FALSE,0,0,NA
"1995-06-16","Friday","daily",FALSE,0,0,NA
"1995-06-17","Saturday","daily",FALSE,0,0,NA
"1995-06-18","Sunday","daily",FALSE,0,0,NA
"1995-06-19","Monday","daily",FALSE,0,0,NA
"1995-06-20","Tuesday","daily",FALSE,0,0,NA
"1995-06-21","Wednesday","daily",FALSE,0,0,NA
"1995-06-22","Thursday","daily",FALSE,0,0,NA
"1995-06-23","Friday","daily",FALSE,0,0,NA
"1995-06-24","Saturday","daily",FALSE,0,0,NA
"1995-06-25","Sunday","daily",FALSE,0,0,NA
"1995-06-26","Monday","daily",FALSE,0,0,NA
"1995-06-27","Tuesday","daily",FALSE,0,0,NA
"1995-06-28","Wednesday","daily",FALSE,0,0,NA
"1995-06-29","Thursday","daily",FALSE,0,0,NA
"1995-06-30","Friday","daily",TRUE,4,0,NA
"1995-07-01","Saturday","daily",FALSE,0,0,NA
"1995-07-02","Sunday","daily",FALSE,0,0,NA
"1995-07-03","Monday","daily",FALSE,0,0,NA
"1995-07-04","Tuesday","daily",FALSE,0,0,NA
"1995-07-05","Wednesday","daily",FALSE,0,0,NA
"1995-07-06","Thursday","daily",FALSE,0,0,NA
"1995-07-07","Friday","daily",FALSE,0,0,NA
"1995-07-08","Saturday","daily",FALSE,0,0,NA
"1995-07-09","Sunday","daily",FALSE,0,0,NA
"1995-07-10","Monday","daily",FALSE,0,0,NA
"1995-07-11","Tuesday","daily",FALSE,0,0,NA
"1995-07-12","Wednesday","daily",FALSE,0,0,NA
"1995-07-13","Thursday","daily",FALSE,0,0,NA
"1995-07-14","Friday","daily",FALSE,0,0,NA
"1995-07-15","Saturday","daily",FALSE,0,0,NA
"1995-07-16","Sunday","daily",FALSE,0,0,NA
"1995-07-17","Monday","daily",FALSE,0,0,NA
"1995-07-18","Tuesday","daily",FALSE,0,0,NA
"1995-07-19","Wednesday","daily",FALSE,0,0,NA
"1995-07-20","Thursday","daily",FALSE,0,0,NA
"1995-07-21","Friday","daily",FALSE,0,0,NA
"1995-07-22","Saturday","daily",FALSE,0,0,NA
"1995-07-23","Sunday","daily",FALSE,0,0,NA
"1995-07-24","Monday","daily",FALSE,0,0,NA
"1995-07-25","Tuesday","daily",FALSE,0,0,NA
"1995-07-26","Wednesday","daily",FALSE,0,0,NA
"1995-07-27","Thursday","daily",FALSE,0,0,NA
"1995-07-28","Friday","daily",FALSE,0,0,NA
"1995-07-29","Saturday","daily",FALSE,0,0,NA
"1995-07-30","Sunday","daily",FALSE,0,0,NA
"1995-07-31","Monday","daily",FALSE,0,0,NA
"1995-08-01","Tuesday","daily",FALSE,0,0,NA
"1995-08-02","Wednesday","daily",FALSE,0,0,NA
"1995-08-03","Thursday","daily",TRUE,4,0,NA
"1995-08-04","Friday","daily",FALSE,0,0,NA
"1995-08-05","Saturday","daily",FALSE,0,0,NA
"1995-08-06","Sunday","daily",FALSE,0,0,NA
"1995-08-07","Monday","daily",FALSE,0,0,NA
"1995-08-08","Tuesday","daily",FALSE,0,0,NA
"1995-08-09","Wednesday","daily",FALSE,0,0,NA
"1995-08-10","Thursday","daily",FALSE,0,0,NA
"1995-08-11","Friday","daily",FALSE,0,0,NA
"1995-08-12","Saturday","daily",FALSE,0,0,NA
"1995-08-13","Sunday","daily",FALSE,0,0,NA
"1995-08-14","Monday","daily",FALSE,0,0,NA
"1995-08-15","Tuesday","daily",FALSE,0,0,NA
"1995-08-16","Wednesday","daily",FALSE,0,0,NA
"1995-08-17","Thursday","daily",FALSE,0,0,NA
"1995-08-18","Friday","daily",FALSE,0,0,NA
"1995-08-19","Saturday","daily",FALSE,0,0,NA
"1995-08-20","Sunday","daily",FALSE,0,0,NA
"1995-08-21","Monday","daily",FALSE,0,0,NA
"1995-08-22","Tuesday","daily",FALSE,0,0,NA
"1995-08-23","Wednesday","daily",FALSE,0,0,NA
"1995-08-24","Thursday","daily",FALSE,0,0,NA
"1995-08-25","Friday","daily",FALSE,0,0,NA
"1995-08-26","Saturday","daily",FALSE,0,0,NA
"1995-08-27","Sunday","daily",FALSE,0,0,NA
"1995-08-28","Monday","daily",FALSE,0,0,NA
"1995-08-29","Tuesday","daily",FALSE,0,0,NA
"1995-08-30","Wednesday","daily",FALSE,0,0,NA
"1995-08-31","Thursday","daily",FALSE,0,0,NA
"1995-09-01","Friday","daily",FALSE,0,0,NA
"1995-09-02","Saturday","daily",FALSE,0,0,NA
"1995-09-03","Sunday","daily",FALSE,0,0,NA
"1995-09-04","Monday","daily",FALSE,0,0,NA
"1995-09-05","Tuesday","daily",FALSE,0,0,NA
"1995-09-06","Wednesday","daily",FALSE,0,0,NA
"1995-09-07","Thursday","daily",FALSE,0,0,NA
"1995-09-08","Friday","daily",TRUE,9,0,NA
"1995-09-09","Saturday","daily",FALSE,0,0,NA
"1995-09-10","Sunday","daily",FALSE,0,0,NA
"1995-09-11","Monday","daily",FALSE,0,0,NA
"1995-09-12","Tuesday","daily",FALSE,0,0,NA
"1995-09-13","Wednesday","daily",FALSE,0,0,NA
"1995-09-14","Thursday","daily",FALSE,0,0,NA
"1995-09-15","Friday","daily",FALSE,0,0,NA
"1995-09-16","Saturday","daily",FALSE,0,0,NA
"1995-09-17","Sunday","daily",FALSE,0,0,NA
"1995-09-18","Monday","daily",FALSE,0,0,NA
"1995-09-19","Tuesday","daily",FALSE,0,0,NA
"1995-09-20","Wednesday","daily",FALSE,0,0,NA
"1995-09-21","Thursday","daily",FALSE,0,0,NA
"1995-09-22","Friday","daily",FALSE,0,0,NA
"1995-09-23","Saturday","daily",FALSE,0,0,NA
"1995-09-24","Sunday","daily",FALSE,0,0,NA
"1995-09-25","Monday","daily",FALSE,0,0,NA
"1995-09-26","Tuesday","daily",FALSE,0,0,NA
"1995-09-27","Wednesday","daily",FALSE,0,0,NA
"1995-09-28","Thursday","daily",FALSE,0,0,NA
"1995-09-29","Friday","daily",FALSE,0,0,NA
"1995-09-30","Saturday","daily",FALSE,0,0,NA
"1995-10-01","Sunday","daily",FALSE,0,0,NA
"1995-10-02","Monday","daily",FALSE,0,0,NA
"1995-10-03","Tuesday","daily",FALSE,0,0,NA
"1995-10-04","Wednesday","daily",FALSE,0,0,NA
"1995-10-05","Thursday","daily",FALSE,0,0,NA
"1995-10-06","Friday","daily",FALSE,0,0,NA
"1995-10-07","Saturday","daily",FALSE,0,0,NA
"1995-10-08","Sunday","daily",FALSE,0,0,NA
"1995-10-09","Monday","daily",FALSE,0,0,NA
"1995-10-10","Tuesday","daily",FALSE,0,0,NA
"1995-10-11","Wednesday","daily",TRUE,4,0,NA
"1995-10-12","Thursday","daily",FALSE,0,0,NA
"1995-10-13","Friday","daily",FALSE,0,0,NA
"1995-10-14","Saturday","daily",FALSE,0,0,NA
"1995-10-15","Sunday","daily",FALSE,0,0,NA
"1995-10-16","Monday","daily",FALSE,0,0,NA
"1995-10-17","Tuesday","daily",FALSE,0,0,NA
"1995-10-18","Wednesday","daily",FALSE,0,0,NA
"1995-10-19","Thursday","daily",FALSE,0,0,NA
"1995-10-20","Friday","daily",FALSE,0,0,NA
"1995-10-21","Saturday","daily",FALSE,0,0,NA
"1995-10-22","Sunday","daily",FALSE,0,0,NA
"1995-10-23","Monday","daily",FALSE,0,0,NA
"1995-10-24","Tuesday","daily",FALSE,0,0,NA
"1995-10-25","Wednesday","daily",FALSE,0,0,NA
"1995-10-26","Thursday","daily",FALSE,0,0,NA
"1995-10-27","Friday","daily",FALSE,0,0,NA
"1995-10-28","Saturday","daily",FALSE,0,0,NA
"1995-10-29","Sunday","daily",FALSE,0,0,NA
"1995-10-30","Monday","daily",FALSE,0,0,NA
"1995-10-31","Tuesday","daily",FALSE,0,0,NA
"1995-11-01","Wednesday","daily",FALSE,0,0,NA
"1995-11-02","Thursday","daily",FALSE,0,0,NA
"1995-11-03","Friday","daily",FALSE,0,0,NA
"1995-11-04","Saturday","daily",FALSE,0,0,NA
"1995-11-05","Sunday","daily",FALSE,0,0,NA
"1995-11-06","Monday","daily",FALSE,0,0,NA
"1995-11-07","Tuesday","daily",FALSE,0,0,NA
"1995-11-08","Wednesday","daily",FALSE,0,0,NA
"1995-11-09","Thursday","daily",FALSE,0,0,NA
"1995-11-10","Friday","daily",FALSE,0,0,NA
"1995-11-11","Saturday","daily",FALSE,0,0,NA
"1995-11-12","Sunday","daily",FALSE,0,0,NA
"1995-11-13","Monday","daily",FALSE,0,0,NA
"1995-11-14","Tuesday","daily",FALSE,0,0,NA
"1995-11-15","Wednesday","daily",FALSE,0,0,NA
"1995-11-16","Thursday","daily",FALSE,0,0,NA
"1995-11-17","Friday","daily",FALSE,0,0,NA
"1995-11-18","Saturday","daily",FALSE,0,0,NA
"1995-11-19","Sunday","daily",FALSE,0,0,NA
"1995-11-20","Monday","daily",FALSE,0,0,NA
"1995-11-21","Tuesday","daily",FALSE,0,0,NA
"1995-11-22","Wednesday","daily",FALSE,0,0,NA
"1995-11-23","Thursday","daily",FALSE,0,0,NA
"1995-11-24","Friday","daily",FALSE,0,0,NA
"1995-11-25","Saturday","daily",FALSE,0,0,NA
"1995-11-26","Sunday","daily",FALSE,0,0,NA
"1995-11-27","Monday","daily",FALSE,0,0,NA
"1995-11-28","Tuesday","daily",FALSE,0,0,NA
"1995-11-29","Wednesday","daily",FALSE,0,0,NA
"1995-11-30","Thursday","daily",FALSE,0,0,NA
"1995-12-01","Friday","daily",FALSE,0,0,NA
"1995-12-02","Saturday","daily",FALSE,0,0,NA
"1995-12-03","Sunday","daily",FALSE,0,0,NA
"1995-12-04","Monday","daily",FALSE,0,0,NA
"1995-12-05","Tuesday","daily",FALSE,0,0,NA
"1995-12-06","Wednesday","daily",FALSE,0,0,NA
"1995-12-07","Thursday","daily",FALSE,0,0,NA
"1995-12-08","Friday","daily",TRUE,3,0,NA
"1995-12-09","Saturday","daily",FALSE,0,0,NA
"1995-12-10","Sunday","daily",FALSE,0,0,NA
"1995-12-11","Monday","daily",FALSE,0,0,NA
"1995-12-12","Tuesday","daily",FALSE,0,0,NA
"1995-12-13","Wednesday","daily",FALSE,0,4,NA
"1995-12-14","Thursday","daily",FALSE,0,0,NA
"1995-12-15","Friday","daily",FALSE,0,0,NA
"1995-12-16","Saturday","daily",FALSE,0,0,NA
"1995-12-17","Sunday","daily",FALSE,0,0,NA
"1995-12-18","Monday","daily",FALSE,0,0,NA
"1995-12-19","Tuesday","daily",FALSE,0,0,NA
"1995-12-20","Wednesday","daily",FALSE,0,0,NA
"1995-12-21","Thursday","daily",FALSE,0,0,NA
"1995-12-22","Friday","daily",FALSE,0,0,NA
"1995-12-23","Saturday","daily",FALSE,0,0,NA
"1995-12-24","Sunday","daily",FALSE,0,0,NA
"1995-12-25","Monday","daily",FALSE,0,0,NA
"1995-12-26","Tuesday","daily",FALSE,0,0,NA
"1995-12-27","Wednesday","daily",FALSE,0,0,NA
"1995-12-28","Thursday","daily",FALSE,0,0,NA
"1995-12-29","Friday","daily",FALSE,0,0,NA
"1995-12-30","Saturday","daily",FALSE,0,0,NA
"1995-12-31","Sunday","daily",FALSE,0,0,NA
"1996-01-01","Monday","daily",FALSE,0,0,NA
"1996-01-02","Tuesday","daily",FALSE,0,0,NA
"1996-01-03","Wednesday","daily",FALSE,0,0,NA
"1996-01-04","Thursday","daily",FALSE,0,0,NA
"1996-01-05","Friday","daily",FALSE,0,0,NA
"1996-01-06","Saturday","daily",FALSE,0,0,NA
"1996-01-07","Sunday","daily",TRUE,7,0,NA
"1996-01-08","Monday","daily",FALSE,0,0,NA
"1996-01-09","Tuesday","daily",FALSE,0,0,NA
"1996-01-10","Wednesday","daily",FALSE,0,0,NA
"1996-01-11","Thursday","daily",FALSE,0,0,NA
"1996-01-12","Friday","daily",FALSE,0,0,NA
"1996-01-13","Saturday","daily",FALSE,0,0,NA
"1996-01-14","Sunday","daily",FALSE,0,0,NA
"1996-01-15","Monday","daily",FALSE,0,0,NA
"1996-01-16","Tuesday","daily",FALSE,0,0,NA
"1996-01-17","Wednesday","daily",FALSE,0,0,NA
"1996-01-18","Thursday","daily",FALSE,0,0,NA
"1996-01-19","Friday","daily",FALSE,0,0,NA
"1996-01-20","Saturday","daily",FALSE,0,0,NA
"1996-01-21","Sunday","daily",FALSE,0,0,NA
"1996-01-22","Monday","daily",FALSE,0,0,NA
"1996-01-23","Tuesday","daily",FALSE,0,0,NA
"1996-01-24","Wednesday","daily",FALSE,0,0,NA
"1996-01-25","Thursday","daily",FALSE,0,0,NA
"1996-01-26","Friday","daily",FALSE,0,0,NA
"1996-01-27","Saturday","daily",FALSE,0,0,NA
"1996-01-28","Sunday","daily",FALSE,0,0,NA
"1996-01-29","Monday","daily",FALSE,0,0,NA
"1996-01-30","Tuesday","daily",FALSE,0,0,NA
"1996-01-31","Wednesday","daily",FALSE,0,0,NA
"1996-02-01","Thursday","daily",FALSE,0,0,NA
"1996-02-02","Friday","daily",FALSE,0,0,NA
"1996-02-03","Saturday","daily",FALSE,0,0,NA
"1996-02-04","Sunday","daily",FALSE,0,0,NA
"1996-02-05","Monday","daily",FALSE,0,0,NA
"1996-02-06","Tuesday","daily",FALSE,0,0,NA
"1996-02-07","Wednesday","daily",FALSE,0,0,NA
"1996-02-08","Thursday","daily",FALSE,0,0,NA
"1996-02-09","Friday","daily",FALSE,0,0,NA
"1996-02-10","Saturday","daily",TRUE,6,0,NA
"1996-02-11","Sunday","daily",FALSE,0,0,NA
"1996-02-12","Monday","daily",FALSE,0,0,NA
"1996-02-13","Tuesday","daily",FALSE,0,0,NA
"1996-02-14","Wednesday","daily",FALSE,0,0,NA
"1996-02-15","Thursday","daily",FALSE,0,0,NA
"1996-02-16","Friday","daily",FALSE,0,0,NA
"1996-02-17","Saturday","daily",FALSE,0,0,NA
"1996-02-18","Sunday","daily",FALSE,0,0,NA
"1996-02-19","Monday","daily",FALSE,0,0,NA
"1996-02-20","Tuesday","daily",FALSE,0,0,NA
"1996-02-21","Wednesday","daily",FALSE,0,0,NA
"1996-02-22","Thursday","daily",FALSE,0,0,NA
"1996-02-23","Friday","daily",FALSE,0,0,NA
"1996-02-24","Saturday","daily",FALSE,0,0,NA
"1996-02-25","Sunday","daily",FALSE,0,0,NA
"1996-02-26","Monday","daily",FALSE,0,0,NA
"1996-02-27","Tuesday","daily",FALSE,0,0,NA
"1996-02-28","Wednesday","daily",FALSE,0,0,NA
"1996-02-29","Thursday","daily",FALSE,0,0,NA
"1996-03-01","Friday","daily",FALSE,0,0,NA
"1996-03-02","Saturday","daily",FALSE,0,0,NA
"1996-03-03","Sunday","daily",FALSE,0,0,NA
"1996-03-04","Monday","daily",FALSE,0,0,NA
"1996-03-05","Tuesday","daily",FALSE,0,0,NA
"1996-03-06","Wednesday","daily",FALSE,0,0,NA
"1996-03-07","Thursday","daily",FALSE,0,0,NA
"1996-03-08","Friday","daily",FALSE,0,0,NA
"1996-03-09","Saturday","daily",FALSE,0,0,NA
"1996-03-10","Sunday","daily",FALSE,0,0,NA
"1996-03-11","Monday","daily",FALSE,0,0,NA
"1996-03-12","Tuesday","daily",FALSE,0,0,NA
"1996-03-13","Wednesday","daily",FALSE,0,0,NA
"1996-03-14","Thursday","daily",FALSE,0,0,NA
"1996-03-15","Friday","daily",FALSE,0,0,NA
"1996-03-16","Saturday","daily",FALSE,0,0,NA
"1996-03-17","Sunday","daily",TRUE,14,0,NA
"1996-03-18","Monday","daily",FALSE,0,0,NA
"1996-03-19","Tuesday","daily",FALSE,0,0,NA
"1996-03-20","Wednesday","daily",FALSE,0,0,NA
"1996-03-21","Thursday","daily",FALSE,0,0,NA
"1996-03-22","Friday","daily",FALSE,0,0,NA
"1996-03-23","Saturday","daily",FALSE,0,0,NA
"1996-03-24","Sunday","daily",FALSE,0,0,NA
"1996-03-25","Monday","daily",FALSE,0,0,NA
"1996-03-26","Tuesday","daily",FALSE,0,0,NA
"1996-03-27","Wednesday","daily",FALSE,0,0,NA
"1996-03-28","Thursday","daily",FALSE,0,0,NA
"1996-03-29","Friday","daily",FALSE,0,0,NA
"1996-03-30","Saturday","daily",FALSE,0,0,NA
"1996-03-31","Sunday","daily",FALSE,0,0,NA
"1996-04-01","Monday","daily",FALSE,0,0,NA
"1996-04-02","Tuesday","daily",FALSE,0,0,NA
"1996-04-03","Wednesday","daily",FALSE,0,0,NA
"1996-04-04","Thursday","daily",FALSE,0,0,NA
"1996-04-05","Friday","daily",FALSE,0,0,NA
"1996-04-06","Saturday","daily",FALSE,0,0,NA
"1996-04-07","Sunday","daily",FALSE,0,0,NA
"1996-04-08","Monday","daily",FALSE,0,0,NA
"1996-04-09","Tuesday","daily",FALSE,0,0,NA
"1996-04-10","Wednesday","daily",FALSE,0,0,NA
"1996-04-11","Thursday","daily",FALSE,0,0,NA
"1996-04-12","Friday","daily",FALSE,0,0,NA
"1996-04-13","Saturday","daily",FALSE,0,0,NA
"1996-04-14","Sunday","daily",FALSE,0,0,NA
"1996-04-15","Monday","daily",FALSE,0,0,NA
"1996-04-16","Tuesday","daily",FALSE,0,0,NA
"1996-04-17","Wednesday","daily",FALSE,0,0,NA
"1996-04-18","Thursday","daily",FALSE,0,0,NA
"1996-04-19","Friday","daily",FALSE,0,0,NA
"1996-04-20","Saturday","daily",FALSE,0,0,NA
"1996-04-21","Sunday","daily",FALSE,0,0,NA
"1996-04-22","Monday","daily",FALSE,0,0,NA
"1996-04-23","Tuesday","daily",FALSE,0,0,NA
"1996-04-24","Wednesday","daily",FALSE,0,0,NA
"1996-04-25","Thursday","daily",FALSE,0,0,NA
"1996-04-26","Friday","daily",FALSE,0,0,NA
"1996-04-27","Saturday","daily",FALSE,0,0,NA
"1996-04-28","Sunday","daily",FALSE,0,0,NA
"1996-04-29","Monday","daily",FALSE,0,0,NA
"1996-04-30","Tuesday","daily",FALSE,0,0,NA
"1996-05-01","Wednesday","daily",FALSE,0,0,NA
"1996-05-02","Thursday","daily",FALSE,0,0,NA
"1996-05-03","Friday","daily",FALSE,0,0,NA
"1996-05-04","Saturday","daily",FALSE,0,0,NA
"1996-05-05","Sunday","daily",FALSE,0,0,NA
"1996-05-06","Monday","daily",FALSE,0,0,NA
"1996-05-07","Tuesday","daily",FALSE,0,0,NA
"1996-05-08","Wednesday","daily",FALSE,0,0,NA
"1996-05-09","Thursday","daily",FALSE,0,0,NA
"1996-05-10","Friday","daily",FALSE,0,0,NA
"1996-05-11","Saturday","daily",FALSE,0,0,NA
"1996-05-12","Sunday","daily",FALSE,0,0,NA
"1996-05-13","Monday","daily",FALSE,0,0,NA
"1996-05-14","Tuesday","daily",FALSE,0,0,NA
"1996-05-15","Wednesday","daily",FALSE,0,0,NA
"1996-05-16","Thursday","daily",FALSE,0,0,NA
"1996-05-17","Friday","daily",FALSE,0,0,NA
"1996-05-18","Saturday","daily",FALSE,0,0,NA
"1996-05-19","Sunday","daily",FALSE,0,0,NA
"1996-05-20","Monday","daily",FALSE,0,0,NA
"1996-05-21","Tuesday","daily",FALSE,0,0,NA
"1996-05-22","Wednesday","daily",FALSE,0,0,NA
"1996-05-23","Thursday","daily",FALSE,0,13,NA
"1996-05-24","Friday","daily",FALSE,0,0,NA
"1996-05-25","Saturday","daily",FALSE,0,0,NA
"1996-05-26","Sunday","daily",FALSE,0,0,NA
"1996-05-27","Monday","daily",FALSE,0,0,NA
"1996-05-28","Tuesday","daily",FALSE,0,0,NA
"1996-05-29","Wednesday","daily",FALSE,0,0,NA
"1996-05-30","Thursday","daily",FALSE,0,0,NA
"1996-05-31","Friday","daily",FALSE,0,0,NA
"1996-06-01","Saturday","daily",FALSE,0,0,NA
"1996-06-02","Sunday","daily",FALSE,0,0,NA
"1996-06-03","Monday","daily",FALSE,0,0,NA
"1996-06-04","Tuesday","daily",FALSE,0,0,NA
"1996-06-05","Wednesday","daily",FALSE,0,0,NA
"1996-06-06","Thursday","daily",FALSE,0,0,NA
"1996-06-07","Friday","daily",FALSE,0,0,NA
"1996-06-08","Saturday","daily",FALSE,0,0,NA
"1996-06-09","Sunday","daily",FALSE,0,0,NA
"1996-06-10","Monday","daily",FALSE,0,0,NA
"1996-06-11","Tuesday","daily",FALSE,0,0,NA
"1996-06-12","Wednesday","daily",FALSE,0,0,NA
"1996-06-13","Thursday","daily",FALSE,0,0,NA
"1996-06-14","Friday","daily",FALSE,0,0,NA
"1996-06-15","Saturday","daily",FALSE,0,0,NA
"1996-06-16","Sunday","daily",FALSE,0,0,NA
"1996-06-17","Monday","daily",FALSE,0,0,NA
"1996-06-18","Tuesday","daily",FALSE,0,0,NA
"1996-06-19","Wednesday","daily",FALSE,0,0,NA
"1996-06-20","Thursday","daily",FALSE,0,0,NA
"1996-06-21","Friday","daily",FALSE,0,0,NA
"1996-06-22","Saturday","daily",FALSE,0,0,NA
"1996-06-23","Sunday","daily",TRUE,10,0,NA
"1996-06-24","Monday","daily",FALSE,0,0,NA
"1996-06-25","Tuesday","daily",FALSE,0,0,NA
"1996-06-26","Wednesday","daily",FALSE,0,0,NA
"1996-06-27","Thursday","daily",FALSE,0,0,NA
"1996-06-28","Friday","daily",FALSE,0,0,NA
"1996-06-29","Saturday","daily",FALSE,0,0,NA
"1996-06-30","Sunday","daily",FALSE,0,0,NA
"1996-07-01","Monday","daily",FALSE,0,0,NA
"1996-07-02","Tuesday","daily",FALSE,0,0,NA
"1996-07-03","Wednesday","daily",FALSE,0,0,NA
"1996-07-04","Thursday","daily",FALSE,0,0,NA
"1996-07-05","Friday","daily",FALSE,0,0,NA
"1996-07-06","Saturday","daily",FALSE,0,0,NA
"1996-07-07","Sunday","daily",FALSE,0,0,NA
"1996-07-08","Monday","daily",FALSE,0,0,NA
"1996-07-09","Tuesday","daily",FALSE,0,0,NA
"1996-07-10","Wednesday","daily",FALSE,0,0,NA
"1996-07-11","Thursday","daily",FALSE,0,0,NA
"1996-07-12","Friday","daily",FALSE,0,0,NA
"1996-07-13","Saturday","daily",FALSE,0,0,NA
"1996-07-14","Sunday","daily",FALSE,0,0,NA
"1996-07-15","Monday","daily",FALSE,0,0,NA
"1996-07-16","Tuesday","daily",FALSE,0,0,NA
"1996-07-17","Wednesday","daily",FALSE,0,0,NA
"1996-07-18","Thursday","daily",FALSE,0,0,NA
"1996-07-19","Friday","daily",FALSE,0,0,NA
"1996-07-20","Saturday","daily",FALSE,0,0,NA
"1996-07-21","Sunday","daily",FALSE,0,0,NA
"1996-07-22","Monday","daily",FALSE,0,0,NA
"1996-07-23","Tuesday","daily",FALSE,0,0,NA
"1996-07-24","Wednesday","daily",FALSE,0,0,NA
"1996-07-25","Thursday","daily",FALSE,0,0,NA
"1996-07-26","Friday","daily",FALSE,0,0,NA
"1996-07-27","Saturday","daily",FALSE,0,0,NA
"1996-07-28","Sunday","daily",FALSE,0,0,NA
"1996-07-29","Monday","daily",FALSE,0,0,NA
"1996-07-30","Tuesday","daily",FALSE,0,0,NA
"1996-07-31","Wednesday","daily",FALSE,0,0,NA
"1996-08-01","Thursday","daily",FALSE,0,0,NA
"1996-08-02","Friday","daily",FALSE,0,0,NA
"1996-08-03","Saturday","daily",TRUE,6,0,NA
"1996-08-04","Sunday","daily",FALSE,0,0,NA
"1996-08-05","Monday","daily",FALSE,0,0,NA
"1996-08-06","Tuesday","daily",FALSE,0,0,NA
"1996-08-07","Wednesday","daily",FALSE,0,0,NA
"1996-08-08","Thursday","daily",FALSE,0,0,NA
"1996-08-09","Friday","daily",FALSE,0,0,NA
"1996-08-10","Saturday","daily",FALSE,0,0,NA
"1996-08-11","Sunday","daily",FALSE,0,0,NA
"1996-08-12","Monday","daily",FALSE,0,0,NA
"1996-08-13","Tuesday","daily",FALSE,0,0,NA
"1996-08-14","Wednesday","daily",FALSE,0,0,NA
"1996-08-15","Thursday","daily",FALSE,0,0,NA
"1996-08-16","Friday","daily",FALSE,0,0,NA
"1996-08-17","Saturday","daily",FALSE,0,0,NA
"1996-08-18","Sunday","daily",FALSE,0,0,NA
"1996-08-19","Monday","daily",FALSE,0,0,NA
"1996-08-20","Tuesday","daily",FALSE,0,0,NA
"1996-08-21","Wednesday","daily",FALSE,0,0,NA
"1996-08-22","Thursday","daily",FALSE,0,0,NA
"1996-08-23","Friday","daily",FALSE,0,0,NA
"1996-08-24","Saturday","daily",FALSE,0,0,NA
"1996-08-25","Sunday","daily",FALSE,0,0,NA
"1996-08-26","Monday","daily",FALSE,0,0,NA
"1996-08-27","Tuesday","daily",FALSE,0,0,NA
"1996-08-28","Wednesday","daily",FALSE,0,0,NA
"1996-08-29","Thursday","daily",FALSE,0,0,NA
"1996-08-30","Friday","daily",FALSE,0,0,NA
"1996-08-31","Saturday","daily",FALSE,0,0,NA
"1996-09-01","Sunday","daily",FALSE,0,0,NA
"1996-09-02","Monday","daily",FALSE,0,0,NA
"1996-09-03","Tuesday","daily",FALSE,0,0,NA
"1996-09-04","Wednesday","daily",FALSE,0,0,NA
"1996-09-05","Thursday","daily",FALSE,0,0,NA
"1996-09-06","Friday","daily",FALSE,0,0,NA
"1996-09-07","Saturday","daily",FALSE,0,0,NA
"1996-09-08","Sunday","daily",TRUE,6,0,NA
"1996-09-09","Monday","daily",FALSE,0,0,NA
"1996-09-10","Tuesday","daily",FALSE,0,0,NA
"1996-09-11","Wednesday","daily",FALSE,0,0,NA
"1996-09-12","Thursday","daily",FALSE,0,0,NA
"1996-09-13","Friday","daily",FALSE,0,0,NA
"1996-09-14","Saturday","daily",FALSE,0,0,NA
"1996-09-15","Sunday","daily",FALSE,0,0,NA
"1996-09-16","Monday","daily",FALSE,0,0,NA
"1996-09-17","Tuesday","daily",FALSE,0,0,NA
"1996-09-18","Wednesday","daily",FALSE,0,0,NA
"1996-09-19","Thursday","daily",FALSE,0,0,NA
"1996-09-20","Friday","daily",FALSE,0,0,NA
"1996-09-21","Saturday","daily",FALSE,0,0,NA
"1996-09-22","Sunday","daily",FALSE,0,0,NA
"1996-09-23","Monday","daily",FALSE,0,0,NA
"1996-09-24","Tuesday","daily",FALSE,0,0,NA
"1996-09-25","Wednesday","daily",FALSE,0,0,NA
"1996-09-26","Thursday","daily",FALSE,0,0,NA
"1996-09-27","Friday","daily",FALSE,0,0,NA
"1996-09-28","Saturday","daily",FALSE,0,0,NA
"1996-09-29","Sunday","daily",FALSE,0,0,NA
"1996-09-30","Monday","daily",FALSE,0,0,NA
"1996-10-01","Tuesday","daily",FALSE,0,0,NA
"1996-10-02","Wednesday","daily",FALSE,0,0,NA
"1996-10-03","Thursday","daily",FALSE,0,0,NA
"1996-10-04","Friday","daily",FALSE,0,0,NA
"1996-10-05","Saturday","daily",FALSE,0,0,NA
"1996-10-06","Sunday","daily",FALSE,0,0,NA
"1996-10-07","Monday","daily",FALSE,0,0,NA
"1996-10-08","Tuesday","daily",FALSE,0,0,NA
"1996-10-09","Wednesday","daily",FALSE,0,0,NA
"1996-10-10","Thursday","daily",FALSE,0,0,NA
"1996-10-11","Friday","daily",FALSE,0,0,NA
"1996-10-12","Saturday","daily",FALSE,0,0,NA
"1996-10-13","Sunday","daily",FALSE,0,0,NA
"1996-10-14","Monday","daily",FALSE,0,0,NA
"1996-10-15","Tuesday","daily",FALSE,0,0,NA
"1996-10-16","Wednesday","daily",FALSE,0,0,NA
"1996-10-17","Thursday","daily",FALSE,0,0,NA
"1996-10-18","Friday","daily",FALSE,0,0,NA
"1996-10-19","Saturday","daily",FALSE,0,0,NA
"1996-10-20","Sunday","daily",FALSE,0,0,NA
"1996-10-21","Monday","daily",FALSE,0,0,NA
"1996-10-22","Tuesday","daily",FALSE,0,0,NA
"1996-10-23","Wednesday","daily",FALSE,0,0,NA
"1996-10-24","Thursday","daily",FALSE,0,0,NA
"1996-10-25","Friday","daily",FALSE,0,0,NA
"1996-10-26","Saturday","daily",FALSE,0,0,NA
"1996-10-27","Sunday","daily",TRUE,8,0,NA
"1996-10-28","Monday","daily",FALSE,0,0,NA
"1996-10-29","Tuesday","daily",FALSE,0,0,NA
"1996-10-30","Wednesday","daily",FALSE,0,0,NA
"1996-10-31","Thursday","daily",TRUE,6,0,NA
"1996-11-01","Friday","daily",FALSE,0,0,NA
"1996-11-02","Saturday","daily",FALSE,0,0,NA
"1996-11-03","Sunday","daily",FALSE,0,0,NA
"1996-11-04","Monday","daily",FALSE,0,0,NA
"1996-11-05","Tuesday","daily",FALSE,0,0,NA
"1996-11-06","Wednesday","daily",FALSE,0,0,NA
"1996-11-07","Thursday","daily",FALSE,0,0,NA
"1996-11-08","Friday","daily",FALSE,0,0,NA
"1996-11-09","Saturday","daily",FALSE,0,0,NA
"1996-11-10","Sunday","daily",FALSE,0,0,NA
"1996-11-11","Monday","daily",FALSE,0,0,NA
"1996-11-12","Tuesday","daily",FALSE,0,0,NA
"1996-11-13","Wednesday","daily",FALSE,0,0,NA
"1996-11-14","Thursday","daily",FALSE,0,0,NA
"1996-11-15","Friday","daily",FALSE,0,0,NA
"1996-11-16","Saturday","daily",FALSE,0,0,NA
"1996-11-17","Sunday","daily",FALSE,0,0,NA
"1996-11-18","Monday","daily",FALSE,0,0,NA
"1996-11-19","Tuesday","daily",FALSE,0,0,NA
"1996-11-20","Wednesday","daily",FALSE,0,0,NA
"1996-11-21","Thursday","daily",FALSE,0,0,NA
"1996-11-22","Friday","daily",FALSE,0,0,NA
"1996-11-23","Saturday","daily",FALSE,0,0,NA
"1996-11-24","Sunday","daily",FALSE,0,0,NA
"1996-11-25","Monday","daily",FALSE,0,0,NA
"1996-11-26","Tuesday","daily",FALSE,0,0,NA
"1996-11-27","Wednesday","daily",FALSE,0,0,NA
"1996-11-28","Thursday","daily",FALSE,0,0,NA
"1996-11-29","Friday","daily",TRUE,4,0,NA
"1996-11-30","Saturday","daily",FALSE,0,0,NA
"1996-12-01","Sunday","daily",FALSE,0,0,NA
"1996-12-02","Monday","daily",FALSE,0,0,NA
"1996-12-03","Tuesday","daily",FALSE,0,0,NA
"1996-12-04","Wednesday","daily",FALSE,0,0,NA
"1996-12-05","Thursday","daily",FALSE,0,0,NA
"1996-12-06","Friday","daily",FALSE,0,0,NA
"1996-12-07","Saturday","daily",FALSE,0,0,NA
"1996-12-08","Sunday","daily",FALSE,0,0,NA
"1996-12-09","Monday","daily",FALSE,0,0,NA
"1996-12-10","Tuesday","daily",FALSE,0,0,NA
"1996-12-11","Wednesday","daily",FALSE,0,0,NA
"1996-12-12","Thursday","daily",FALSE,0,6,NA
"1996-12-13","Friday","daily",FALSE,0,0,NA
"1996-12-14","Saturday","daily",FALSE,0,0,NA
"1996-12-15","Sunday","daily",FALSE,0,0,NA
"1996-12-16","Monday","daily",FALSE,0,0,NA
"1996-12-17","Tuesday","daily",FALSE,0,0,NA
"1996-12-18","Wednesday","daily",FALSE,0,0,NA
"1996-12-19","Thursday","daily",FALSE,0,0,NA
"1996-12-20","Friday","daily",FALSE,0,0,NA
"1996-12-21","Saturday","daily",FALSE,0,0,NA
"1996-12-22","Sunday","daily",FALSE,0,0,NA
"1996-12-23","Monday","daily",FALSE,0,0,NA
"1996-12-24","Tuesday","daily",FALSE,0,0,NA
"1996-12-25","Wednesday","daily",FALSE,0,0,NA
"1996-12-26","Thursday","daily",FALSE,0,0,NA
"1996-12-27","Friday","daily",FALSE,0,0,NA
"1996-12-28","Saturday","daily",FALSE,0,0,NA
"1996-12-29","Sunday","daily",FALSE,0,0,NA
"1996-12-30","Monday","daily",FALSE,0,0,NA
"1996-12-31","Tuesday","daily",FALSE,0,0,NA
"1997-01-01","Wednesday","daily",FALSE,0,0,NA
"1997-01-02","Thursday","daily",FALSE,0,0,NA
"1997-01-03","Friday","daily",FALSE,0,0,NA
"1997-01-04","Saturday","daily",FALSE,0,0,NA
"1997-01-05","Sunday","daily",FALSE,0,0,NA
"1997-01-06","Monday","daily",FALSE,0,0,NA
"1997-01-07","Tuesday","daily",FALSE,0,0,NA
"1997-01-08","Wednesday","daily",FALSE,0,0,NA
"1997-01-09","Thursday","daily",FALSE,0,0,NA
"1997-01-10","Friday","daily",FALSE,0,0,NA
"1997-01-11","Saturday","daily",FALSE,0,0,NA
"1997-01-12","Sunday","daily",FALSE,0,0,NA
"1997-01-13","Monday","daily",FALSE,0,0,NA
"1997-01-14","Tuesday","daily",FALSE,0,0,NA
"1997-01-15","Wednesday","daily",FALSE,0,0,NA
"1997-01-16","Thursday","daily",FALSE,0,0,NA
"1997-01-17","Friday","daily",FALSE,0,0,NA
"1997-01-18","Saturday","daily",FALSE,0,0,NA
"1997-01-19","Sunday","daily",FALSE,0,0,NA
"1997-01-20","Monday","daily",FALSE,0,0,NA
"1997-01-21","Tuesday","daily",FALSE,0,0,NA
"1997-01-22","Wednesday","daily",FALSE,0,0,NA
"1997-01-23","Thursday","daily",FALSE,0,0,NA
"1997-01-24","Friday","daily",FALSE,0,0,NA
"1997-01-25","Saturday","daily",FALSE,0,0,NA
"1997-01-26","Sunday","daily",FALSE,0,0,NA
"1997-01-27","Monday","daily",FALSE,0,0,NA
"1997-01-28","Tuesday","daily",FALSE,0,0,NA
"1997-01-29","Wednesday","daily",FALSE,0,0,NA
"1997-01-30","Thursday","daily",FALSE,0,0,NA
"1997-01-31","Friday","daily",FALSE,0,0,NA
"1997-02-01","Saturday","daily",FALSE,0,0,NA
"1997-02-02","Sunday","daily",FALSE,0,0,NA
"1997-02-03","Monday","daily",FALSE,0,0,NA
"1997-02-04","Tuesday","daily",FALSE,0,0,NA
"1997-02-05","Wednesday","daily",FALSE,0,0,NA
"1997-02-06","Thursday","daily",FALSE,0,0,NA
"1997-02-07","Friday","daily",FALSE,0,0,NA
"1997-02-08","Saturday","daily",FALSE,0,0,NA
"1997-02-09","Sunday","daily",FALSE,0,0,NA
"1997-02-10","Monday","daily",FALSE,0,0,NA
"1997-02-11","Tuesday","daily",FALSE,0,0,NA
"1997-02-12","Wednesday","daily",FALSE,0,0,NA
"1997-02-13","Thursday","daily",FALSE,0,0,NA
"1997-02-14","Friday","daily",TRUE,6,0,NA
"1997-02-15","Saturday","daily",FALSE,0,0,NA
"1997-02-16","Sunday","daily",FALSE,0,0,NA
"1997-02-17","Monday","daily",FALSE,0,0,NA
"1997-02-18","Tuesday","daily",FALSE,0,0,NA
"1997-02-19","Wednesday","daily",FALSE,0,0,NA
"1997-02-20","Thursday","daily",FALSE,0,0,NA
"1997-02-21","Friday","daily",FALSE,0,0,NA
"1997-02-22","Saturday","daily",FALSE,0,0,NA
"1997-02-23","Sunday","daily",FALSE,0,0,NA
"1997-02-24","Monday","daily",FALSE,0,0,NA
"1997-02-25","Tuesday","daily",FALSE,0,0,NA
"1997-02-26","Wednesday","daily",FALSE,0,0,NA
"1997-02-27","Thursday","daily",FALSE,0,0,NA
"1997-02-28","Friday","daily",FALSE,0,0,NA
"1997-03-01","Saturday","daily",FALSE,0,0,NA
"1997-03-02","Sunday","daily",FALSE,0,0,NA
"1997-03-03","Monday","daily",FALSE,0,0,NA
"1997-03-04","Tuesday","daily",FALSE,0,0,NA
"1997-03-05","Wednesday","daily",FALSE,0,0,NA
"1997-03-06","Thursday","daily",FALSE,0,0,NA
"1997-03-07","Friday","daily",FALSE,0,0,NA
"1997-03-08","Saturday","daily",FALSE,0,0,NA
"1997-03-09","Sunday","daily",TRUE,12,0,NA
"1997-03-10","Monday","daily",FALSE,0,0,NA
"1997-03-11","Tuesday","daily",FALSE,0,0,NA
"1997-03-12","Wednesday","daily",FALSE,0,0,NA
"1997-03-13","Thursday","daily",FALSE,0,0,NA
"1997-03-14","Friday","daily",FALSE,0,0,NA
"1997-03-15","Saturday","daily",FALSE,0,0,NA
"1997-03-16","Sunday","daily",FALSE,0,0,NA
"1997-03-17","Monday","daily",FALSE,0,0,NA
"1997-03-18","Tuesday","daily",FALSE,0,0,NA
"1997-03-19","Wednesday","daily",FALSE,0,0,NA
"1997-03-20","Thursday","daily",FALSE,0,0,NA
"1997-03-21","Friday","daily",FALSE,0,0,NA
"1997-03-22","Saturday","daily",FALSE,0,0,NA
"1997-03-23","Sunday","daily",FALSE,0,0,NA
"1997-03-24","Monday","daily",FALSE,0,0,NA
"1997-03-25","Tuesday","daily",FALSE,0,0,NA
"1997-03-26","Wednesday","daily",FALSE,0,0,NA
"1997-03-27","Thursday","daily",FALSE,0,0,NA
"1997-03-28","Friday","daily",FALSE,0,0,NA
"1997-03-29","Saturday","daily",FALSE,0,0,NA
"1997-03-30","Sunday","daily",FALSE,0,0,NA
"1997-03-31","Monday","daily",FALSE,0,0,NA
"1997-04-01","Tuesday","daily",FALSE,0,0,NA
"1997-04-02","Wednesday","daily",FALSE,0,0,NA
"1997-04-03","Thursday","daily",FALSE,0,0,NA
"1997-04-04","Friday","daily",FALSE,0,0,NA
"1997-04-05","Saturday","daily",FALSE,0,0,NA
"1997-04-06","Sunday","daily",FALSE,0,0,NA
"1997-04-07","Monday","daily",FALSE,0,0,NA
"1997-04-08","Tuesday","daily",FALSE,0,0,NA
"1997-04-09","Wednesday","daily",FALSE,0,0,NA
"1997-04-10","Thursday","daily",FALSE,0,0,NA
"1997-04-11","Friday","daily",FALSE,0,0,NA
"1997-04-12","Saturday","daily",FALSE,0,0,NA
"1997-04-13","Sunday","daily",FALSE,0,0,NA
"1997-04-14","Monday","daily",FALSE,0,0,NA
"1997-04-15","Tuesday","daily",FALSE,0,0,NA
"1997-04-16","Wednesday","daily",FALSE,0,0,NA
"1997-04-17","Thursday","daily",TRUE,6,0,NA
"1997-04-18","Friday","daily",FALSE,0,0,NA
"1997-04-19","Saturday","daily",FALSE,0,0,NA
"1997-04-20","Sunday","daily",FALSE,0,0,NA
"1997-04-21","Monday","daily",FALSE,0,0,NA
"1997-04-22","Tuesday","daily",FALSE,0,0,NA
"1997-04-23","Wednesday","daily",FALSE,0,0,NA
"1997-04-24","Thursday","daily",FALSE,0,0,NA
"1997-04-25","Friday","daily",FALSE,0,0,NA
"1997-04-26","Saturday","daily",FALSE,0,0,NA
"1997-04-27","Sunday","daily",FALSE,0,0,NA
"1997-04-28","Monday","daily",FALSE,0,0,NA
"1997-04-29","Tuesday","daily",FALSE,0,0,NA
"1997-04-30","Wednesday","daily",FALSE,0,0,NA
"1997-05-01","Thursday","daily",FALSE,0,0,NA
"1997-05-02","Friday","daily",FALSE,0,0,NA
"1997-05-03","Saturday","daily",FALSE,0,0,NA
"1997-05-04","Sunday","daily",FALSE,0,0,NA
"1997-05-05","Monday","daily",FALSE,0,0,NA
"1997-05-06","Tuesday","daily",FALSE,0,0,NA
"1997-05-07","Wednesday","daily",FALSE,0,0,NA
"1997-05-08","Thursday","daily",FALSE,0,0,NA
"1997-05-09","Friday","daily",FALSE,0,0,NA
"1997-05-10","Saturday","daily",FALSE,0,0,NA
"1997-05-11","Sunday","daily",FALSE,0,0,NA
"1997-05-12","Monday","daily",FALSE,0,0,NA
"1997-05-13","Tuesday","daily",FALSE,0,0,NA
"1997-05-14","Wednesday","daily",FALSE,0,0,NA
"1997-05-15","Thursday","daily",TRUE,4,0,NA
"1997-05-16","Friday","daily",FALSE,0,0,NA
"1997-05-17","Saturday","daily",FALSE,0,0,NA
"1997-05-18","Sunday","daily",FALSE,0,0,NA
"1997-05-19","Monday","daily",FALSE,0,0,NA
"1997-05-20","Tuesday","daily",FALSE,0,0,NA
"1997-05-21","Wednesday","daily",FALSE,0,0,NA
"1997-05-22","Thursday","daily",FALSE,0,0,NA
"1997-05-23","Friday","daily",FALSE,0,0,NA
"1997-05-24","Saturday","daily",FALSE,0,0,NA
"1997-05-25","Sunday","daily",FALSE,0,0,NA
"1997-05-26","Monday","daily",FALSE,0,0,NA
"1997-05-27","Tuesday","daily",FALSE,0,0,NA
"1997-05-28","Wednesday","daily",FALSE,0,0,NA
"1997-05-29","Thursday","daily",FALSE,0,0,NA
"1997-05-30","Friday","daily",FALSE,0,0,NA
"1997-05-31","Saturday","daily",FALSE,0,0,NA
"1997-06-01","Sunday","daily",FALSE,0,0,NA
"1997-06-02","Monday","daily",FALSE,0,0,NA
"1997-06-03","Tuesday","daily",FALSE,0,0,NA
"1997-06-04","Wednesday","daily",FALSE,0,0,NA
"1997-06-05","Thursday","daily",FALSE,0,0,NA
"1997-06-06","Friday","daily",FALSE,0,0,NA
"1997-06-07","Saturday","daily",FALSE,0,0,NA
"1997-06-08","Sunday","daily",FALSE,0,0,NA
"1997-06-09","Monday","daily",FALSE,0,0,NA
"1997-06-10","Tuesday","daily",FALSE,0,0,NA
"1997-06-11","Wednesday","daily",FALSE,0,0,NA
"1997-06-12","Thursday","daily",FALSE,0,0,NA
"1997-06-13","Friday","daily",FALSE,0,0,NA
"1997-06-14","Saturday","daily",FALSE,0,0,NA
"1997-06-15","Sunday","daily",FALSE,0,0,NA
"1997-06-16","Monday","daily",FALSE,0,0,NA
"1997-06-17","Tuesday","daily",FALSE,0,0,NA
"1997-06-18","Wednesday","daily",FALSE,0,0,NA
"1997-06-19","Thursday","daily",FALSE,0,0,NA
"1997-06-20","Friday","daily",FALSE,0,0,NA
"1997-06-21","Saturday","daily",FALSE,0,0,NA
"1997-06-22","Sunday","daily",FALSE,0,0,NA
"1997-06-23","Monday","daily",FALSE,0,0,NA
"1997-06-24","Tuesday","daily",FALSE,0,0,NA
"1997-06-25","Wednesday","daily",FALSE,0,0,NA
"1997-06-26","Thursday","daily",FALSE,0,0,NA
"1997-06-27","Friday","daily",FALSE,0,0,NA
"1997-06-28","Saturday","daily",FALSE,0,0,NA
"1997-06-29","Sunday","daily",FALSE,0,0,NA
"1997-06-30","Monday","daily",FALSE,0,0,NA
"1997-07-01","Tuesday","daily",FALSE,0,0,NA
"1997-07-02","Wednesday","daily",FALSE,0,0,NA
"1997-07-03","Thursday","daily",TRUE,3,0,NA
"1997-07-04","Friday","daily",FALSE,0,0,NA
"1997-07-05","Saturday","daily",FALSE,0,0,NA
"1997-07-06","Sunday","daily",FALSE,0,0,NA
"1997-07-07","Monday","daily",FALSE,0,0,NA
"1997-07-08","Tuesday","daily",FALSE,0,0,NA
"1997-07-09","Wednesday","daily",FALSE,0,0,NA
"1997-07-10","Thursday","daily",FALSE,0,0,NA
"1997-07-11","Friday","daily",FALSE,0,0,NA
"1997-07-12","Saturday","daily",FALSE,0,0,NA
"1997-07-13","Sunday","daily",FALSE,0,0,NA
"1997-07-14","Monday","daily",FALSE,0,0,NA
"1997-07-15","Tuesday","daily",FALSE,0,0,NA
"1997-07-16","Wednesday","daily",FALSE,0,0,NA
"1997-07-17","Thursday","daily",FALSE,0,0,NA
"1997-07-18","Friday","daily",FALSE,0,0,NA
"1997-07-19","Saturday","daily",FALSE,0,0,NA
"1997-07-20","Sunday","daily",FALSE,0,0,NA
"1997-07-21","Monday","daily",FALSE,0,0,NA
"1997-07-22","Tuesday","daily",FALSE,0,0,NA
"1997-07-23","Wednesday","daily",FALSE,0,0,NA
"1997-07-24","Thursday","daily",TRUE,6,0,NA
"1997-07-25","Friday","daily",FALSE,0,0,NA
"1997-07-26","Saturday","daily",FALSE,0,0,NA
"1997-07-27","Sunday","daily",FALSE,0,0,NA
"1997-07-28","Monday","daily",FALSE,0,0,NA
"1997-07-29","Tuesday","daily",FALSE,0,0,NA
"1997-07-30","Wednesday","daily",FALSE,0,0,NA
"1997-07-31","Thursday","daily",FALSE,0,0,NA
"1997-08-01","Friday","daily",FALSE,0,0,NA
"1997-08-02","Saturday","daily",FALSE,0,0,NA
"1997-08-03","Sunday","daily",FALSE,0,0,NA
"1997-08-04","Monday","daily",FALSE,0,0,NA
"1997-08-05","Tuesday","daily",FALSE,0,0,NA
"1997-08-06","Wednesday","daily",FALSE,0,0,NA
"1997-08-07","Thursday","daily",FALSE,0,0,NA
"1997-08-08","Friday","daily",FALSE,0,0,NA
"1997-08-09","Saturday","daily",FALSE,0,0,NA
"1997-08-10","Sunday","daily",FALSE,0,0,NA
"1997-08-11","Monday","daily",FALSE,0,0,NA
"1997-08-12","Tuesday","daily",FALSE,0,0,NA
"1997-08-13","Wednesday","daily",FALSE,0,0,NA
"1997-08-14","Thursday","daily",FALSE,0,0,NA
"1997-08-15","Friday","daily",FALSE,0,0,NA
"1997-08-16","Saturday","daily",FALSE,0,0,NA
"1997-08-17","Sunday","daily",FALSE,0,0,NA
"1997-08-18","Monday","daily",FALSE,0,0,NA
"1997-08-19","Tuesday","daily",FALSE,0,0,NA
"1997-08-20","Wednesday","daily",FALSE,0,0,NA
"1997-08-21","Thursday","daily",FALSE,0,0,NA
"1997-08-22","Friday","daily",FALSE,0,0,NA
"1997-08-23","Saturday","daily",FALSE,0,0,NA
"1997-08-24","Sunday","daily",FALSE,0,0,NA
"1997-08-25","Monday","daily",FALSE,0,0,NA
"1997-08-26","Tuesday","daily",FALSE,0,0,NA
"1997-08-27","Wednesday","daily",FALSE,0,0,NA
"1997-08-28","Thursday","daily",FALSE,0,0,NA
"1997-08-29","Friday","daily",FALSE,0,0,NA
"1997-08-30","Saturday","daily",FALSE,0,0,NA
"1997-08-31","Sunday","daily",FALSE,0,0,NA
"1997-09-01","Monday","daily",FALSE,0,0,NA
"1997-09-02","Tuesday","daily",FALSE,0,0,NA
"1997-09-03","Wednesday","daily",FALSE,0,0,NA
"1997-09-04","Thursday","daily",FALSE,0,0,NA
"1997-09-05","Friday","daily",FALSE,0,0,NA
"1997-09-06","Saturday","daily",FALSE,0,0,NA
"1997-09-07","Sunday","daily",FALSE,0,0,NA
"1997-09-08","Monday","daily",FALSE,0,0,NA
"1997-09-09","Tuesday","daily",FALSE,0,0,NA
"1997-09-10","Wednesday","daily",FALSE,0,0,NA
"1997-09-11","Thursday","daily",FALSE,0,0,NA
"1997-09-12","Friday","daily",FALSE,0,0,NA
"1997-09-13","Saturday","daily",FALSE,0,0,NA
"1997-09-14","Sunday","daily",TRUE,8,0,NA
"1997-09-15","Monday","daily",FALSE,0,0,NA
"1997-09-16","Tuesday","daily",FALSE,0,0,NA
"1997-09-17","Wednesday","daily",FALSE,0,0,NA
"1997-09-18","Thursday","daily",FALSE,0,0,NA
"1997-09-19","Friday","daily",FALSE,0,0,NA
"1997-09-20","Saturday","daily",FALSE,0,0,NA
"1997-09-21","Sunday","daily",FALSE,0,0,NA
"1997-09-22","Monday","daily",FALSE,0,0,NA
"1997-09-23","Tuesday","daily",FALSE,0,0,NA
"1997-09-24","Wednesday","daily",FALSE,0,0,NA
"1997-09-25","Thursday","daily",FALSE,0,0,NA
"1997-09-26","Friday","daily",FALSE,0,0,NA
"1997-09-27","Saturday","daily",FALSE,0,0,NA
"1997-09-28","Sunday","daily",FALSE,0,0,NA
"1997-09-29","Monday","daily",FALSE,0,0,NA
"1997-09-30","Tuesday","daily",FALSE,0,0,NA
"1997-10-01","Wednesday","daily",FALSE,0,0,NA
"1997-10-02","Thursday","daily",FALSE,0,0,NA
"1997-10-03","Friday","daily",FALSE,0,0,NA
"1997-10-04","Saturday","daily",FALSE,0,0,NA
"1997-10-05","Sunday","daily",FALSE,0,0,NA
"1997-10-06","Monday","daily",FALSE,0,0,NA
"1997-10-07","Tuesday","daily",FALSE,0,0,NA
"1997-10-08","Wednesday","daily",FALSE,0,0,NA
"1997-10-09","Thursday","daily",FALSE,0,0,NA
"1997-10-10","Friday","daily",FALSE,0,0,NA
"1997-10-11","Saturday","daily",FALSE,0,0,NA
"1997-10-12","Sunday","daily",FALSE,0,0,NA
"1997-10-13","Monday","daily",FALSE,0,0,NA
"1997-10-14","Tuesday","daily",FALSE,0,0,NA
"1997-10-15","Wednesday","daily",FALSE,0,0,NA
"1997-10-16","Thursday","daily",FALSE,0,0,NA
"1997-10-17","Friday","daily",FALSE,0,0,NA
"1997-10-18","Saturday","daily",FALSE,0,0,NA
"1997-10-19","Sunday","daily",FALSE,0,0,NA
"1997-10-20","Monday","daily",FALSE,0,0,NA
"1997-10-21","Tuesday","daily",FALSE,0,0,NA
"1997-10-22","Wednesday","daily",FALSE,0,0,NA
"1997-10-23","Thursday","daily",FALSE,0,0,NA
"1997-10-24","Friday","daily",FALSE,0,0,NA
"1997-10-25","Saturday","daily",FALSE,0,0,NA
"1997-10-26","Sunday","daily",FALSE,0,0,NA
"1997-10-27","Monday","daily",FALSE,0,0,NA
"1997-10-28","Tuesday","daily",FALSE,0,0,NA
"1997-10-29","Wednesday","daily",FALSE,0,0,NA
"1997-10-30","Thursday","daily",FALSE,0,0,NA
"1997-10-31","Friday","daily",FALSE,0,0,NA
"1997-11-01","Saturday","daily",FALSE,0,0,NA
"1997-11-02","Sunday","daily",TRUE,8,0,NA
"1997-11-03","Monday","daily",FALSE,0,0,NA
"1997-11-04","Tuesday","daily",FALSE,0,0,NA
"1997-11-05","Wednesday","daily",FALSE,0,0,NA
"1997-11-06","Thursday","daily",FALSE,0,0,NA
"1997-11-07","Friday","daily",FALSE,0,0,NA
"1997-11-08","Saturday","daily",FALSE,0,0,NA
"1997-11-09","Sunday","daily",FALSE,0,0,NA
"1997-11-10","Monday","daily",FALSE,0,0,NA
"1997-11-11","Tuesday","daily",FALSE,0,0,NA
"1997-11-12","Wednesday","daily",FALSE,0,0,NA
"1997-11-13","Thursday","daily",FALSE,0,0,NA
"1997-11-14","Friday","daily",FALSE,0,0,NA
"1997-11-15","Saturday","daily",FALSE,0,0,NA
"1997-11-16","Sunday","daily",FALSE,0,0,NA
"1997-11-17","Monday","daily",FALSE,0,0,NA
"1997-11-18","Tuesday","daily",FALSE,0,0,NA
"1997-11-19","Wednesday","daily",FALSE,0,0,NA
"1997-11-20","Thursday","daily",FALSE,0,0,NA
"1997-11-21","Friday","daily",FALSE,0,0,NA
"1997-11-22","Saturday","daily",FALSE,0,0,NA
"1997-11-23","Sunday","daily",FALSE,0,0,NA
"1997-11-24","Monday","daily",FALSE,0,0,NA
"1997-11-25","Tuesday","daily",FALSE,0,0,NA
"1997-11-26","Wednesday","daily",FALSE,0,0,NA
"1997-11-27","Thursday","daily",FALSE,0,0,NA
"1997-11-28","Friday","daily",FALSE,0,0,NA
"1997-11-29","Saturday","daily",FALSE,0,0,NA
"1997-11-30","Sunday","daily",FALSE,0,0,NA
"1997-12-01","Monday","daily",FALSE,0,0,NA
"1997-12-02","Tuesday","daily",FALSE,0,0,NA
"1997-12-03","Wednesday","daily",FALSE,0,0,NA
"1997-12-04","Thursday","daily",FALSE,0,0,NA
"1997-12-05","Friday","daily",FALSE,0,0,NA
"1997-12-06","Saturday","daily",FALSE,0,0,NA
"1997-12-07","Sunday","daily",FALSE,0,0,NA
"1997-12-08","Monday","daily",FALSE,0,0,NA
"1997-12-09","Tuesday","daily",FALSE,0,0,NA
"1997-12-10","Wednesday","daily",FALSE,0,0,NA
"1997-12-11","Thursday","daily",FALSE,0,0,NA
"1997-12-12","Friday","daily",FALSE,0,0,NA
"1997-12-13","Saturday","daily",FALSE,0,0,NA
"1997-12-14","Sunday","daily",FALSE,0,0,NA
"1997-12-15","Monday","daily",FALSE,0,0,NA
"1997-12-16","Tuesday","daily",FALSE,0,0,NA
"1997-12-17","Wednesday","daily",FALSE,0,0,NA
"1997-12-18","Thursday","daily",FALSE,0,0,NA
"1997-12-19","Friday","daily",FALSE,0,0,NA
"1997-12-20","Saturday","daily",FALSE,0,0,NA
"1997-12-21","Sunday","daily",FALSE,0,0,NA
"1997-12-22","Monday","daily",FALSE,0,0,NA
"1997-12-23","Tuesday","daily",FALSE,0,0,NA
"1997-12-24","Wednesday","daily",FALSE,0,0,NA
"1997-12-25","Thursday","daily",FALSE,0,0,NA
"1997-12-26","Friday","daily",FALSE,0,0,NA
"1997-12-27","Saturday","daily",FALSE,0,0,NA
"1997-12-28","Sunday","daily",FALSE,0,0,NA
"1997-12-29","Monday","daily",FALSE,0,0,NA
"1997-12-30","Tuesday","daily",FALSE,0,0,NA
"1997-12-31","Wednesday","daily",FALSE,0,0,NA
"1998-01-01","Thursday","daily",FALSE,0,0,NA
"1998-01-02","Friday","daily",FALSE,0,0,NA
"1998-01-03","Saturday","daily",FALSE,0,0,NA
"1998-01-04","Sunday","daily",FALSE,0,0,NA
"1998-01-05","Monday","daily",FALSE,0,0,NA
"1998-01-06","Tuesday","daily",FALSE,0,0,NA
"1998-01-07","Wednesday","daily",FALSE,0,0,NA
"1998-01-08","Thursday","daily",FALSE,0,0,NA
"1998-01-09","Friday","daily",FALSE,0,0,NA
"1998-01-10","Saturday","daily",FALSE,0,0,NA
"1998-01-11","Sunday","daily",FALSE,0,0,NA
"1998-01-12","Monday","daily",FALSE,0,0,NA
"1998-01-13","Tuesday","daily",FALSE,0,0,NA
"1998-01-14","Wednesday","daily",FALSE,0,0,NA
"1998-01-15","Thursday","daily",FALSE,0,0,NA
"1998-01-16","Friday","daily",FALSE,0,0,NA
"1998-01-17","Saturday","daily",FALSE,0,0,NA
"1998-01-18","Sunday","daily",FALSE,0,0,NA
"1998-01-19","Monday","daily",FALSE,0,0,NA
"1998-01-20","Tuesday","daily",FALSE,0,2,NA
"1998-01-21","Wednesday","daily",FALSE,0,0,NA
"1998-01-22","Thursday","daily",FALSE,0,0,NA
"1998-01-23","Friday","daily",FALSE,0,0,NA
"1998-01-24","Saturday","daily",FALSE,0,0,NA
"1998-01-25","Sunday","daily",FALSE,0,0,NA
"1998-01-26","Monday","daily",FALSE,0,0,NA
"1998-01-27","Tuesday","daily",FALSE,0,0,NA
"1998-01-28","Wednesday","daily",FALSE,0,0,NA
"1998-01-29","Thursday","daily",FALSE,0,0,NA
"1998-01-30","Friday","daily",FALSE,0,0,NA
"1998-01-31","Saturday","daily",FALSE,0,0,NA
"1998-02-01","Sunday","daily",FALSE,0,0,NA
"1998-02-02","Monday","daily",FALSE,0,0,NA
"1998-02-03","Tuesday","daily",FALSE,0,0,NA
"1998-02-04","Wednesday","daily",FALSE,0,0,NA
"1998-02-05","Thursday","daily",FALSE,0,0,NA
"1998-02-06","Friday","daily",FALSE,0,0,NA
"1998-02-07","Saturday","daily",FALSE,0,0,NA
"1998-02-08","Sunday","daily",FALSE,0,0,NA
"1998-02-09","Monday","daily",FALSE,0,0,NA
"1998-02-10","Tuesday","daily",FALSE,0,0,NA
"1998-02-11","Wednesday","daily",FALSE,0,0,NA
"1998-02-12","Thursday","daily",FALSE,0,0,NA
"1998-02-13","Friday","daily",FALSE,0,0,NA
"1998-02-14","Saturday","daily",FALSE,0,0,NA
"1998-02-15","Sunday","daily",FALSE,0,0,NA
"1998-02-16","Monday","daily",FALSE,0,0,NA
"1998-02-17","Tuesday","daily",FALSE,0,0,NA
"1998-02-18","Wednesday","daily",FALSE,0,0,NA
"1998-02-19","Thursday","daily",FALSE,0,0,NA
"1998-02-20","Friday","daily",FALSE,0,0,NA
"1998-02-21","Saturday","daily",FALSE,0,0,NA
"1998-02-22","Sunday","daily",FALSE,0,0,NA
"1998-02-23","Monday","daily",FALSE,0,0,NA
"1998-02-24","Tuesday","daily",FALSE,0,0,NA
"1998-02-25","Wednesday","daily",FALSE,0,0,NA
"1998-02-26","Thursday","daily",FALSE,0,0,NA
"1998-02-27","Friday","daily",FALSE,0,0,NA
"1998-02-28","Saturday","daily",FALSE,0,0,NA
"1998-03-01","Sunday","daily",FALSE,0,0,NA
"1998-03-02","Monday","daily",FALSE,0,0,NA
"1998-03-03","Tuesday","daily",FALSE,0,0,NA
"1998-03-04","Wednesday","daily",FALSE,0,0,NA
"1998-03-05","Thursday","daily",FALSE,0,0,NA
"1998-03-06","Friday","daily",FALSE,0,0,NA
"1998-03-07","Saturday","daily",FALSE,0,0,NA
"1998-03-08","Sunday","daily",FALSE,0,0,NA
"1998-03-09","Monday","daily",FALSE,0,0,NA
"1998-03-10","Tuesday","daily",FALSE,0,0,NA
"1998-03-11","Wednesday","daily",FALSE,0,0,NA
"1998-03-12","Thursday","daily",FALSE,0,0,NA
"1998-03-13","Friday","daily",FALSE,0,0,NA
"1998-03-14","Saturday","daily",FALSE,0,0,NA
"1998-03-15","Sunday","daily",FALSE,0,0,NA
"1998-03-16","Monday","daily",FALSE,0,0,NA
"1998-03-17","Tuesday","daily",FALSE,0,0,NA
"1998-03-18","Wednesday","daily",TRUE,9,0,NA
"1998-03-19","Thursday","daily",FALSE,0,0,NA
"1998-03-20","Friday","daily",FALSE,0,0,NA
"1998-03-21","Saturday","daily",FALSE,0,0,NA
"1998-03-22","Sunday","daily",FALSE,0,0,NA
"1998-03-23","Monday","daily",FALSE,0,0,NA
"1998-03-24","Tuesday","daily",FALSE,0,0,NA
"1998-03-25","Wednesday","daily",FALSE,0,0,NA
"1998-03-26","Thursday","daily",FALSE,0,0,NA
"1998-03-27","Friday","daily",FALSE,0,0,NA
"1998-03-28","Saturday","daily",FALSE,0,0,NA
"1998-03-29","Sunday","daily",TRUE,13,0,NA
"1998-03-30","Monday","daily",FALSE,0,0,NA
"1998-03-31","Tuesday","daily",FALSE,0,0,NA
"1998-04-01","Wednesday","daily",FALSE,0,0,NA
"1998-04-02","Thursday","daily",FALSE,0,0,NA
"1998-04-03","Friday","daily",FALSE,0,0,NA
"1998-04-04","Saturday","daily",FALSE,0,0,NA
"1998-04-05","Sunday","daily",FALSE,0,0,NA
"1998-04-06","Monday","daily",FALSE,0,0,NA
"1998-04-07","Tuesday","daily",FALSE,0,0,NA
"1998-04-08","Wednesday","daily",FALSE,0,0,NA
"1998-04-09","Thursday","daily",FALSE,0,0,NA
"1998-04-10","Friday","daily",FALSE,0,0,NA
"1998-04-11","Saturday","daily",FALSE,0,0,NA
"1998-04-12","Sunday","daily",FALSE,0,0,NA
"1998-04-13","Monday","daily",FALSE,0,0,NA
"1998-04-14","Tuesday","daily",FALSE,0,0,NA
"1998-04-15","Wednesday","daily",FALSE,0,0,NA
"1998-04-16","Thursday","daily",FALSE,0,0,NA
"1998-04-17","Friday","daily",FALSE,0,0,NA
"1998-04-18","Saturday","daily",FALSE,0,0,NA
"1998-04-19","Sunday","daily",FALSE,0,0,NA
"1998-04-20","Monday","daily",FALSE,0,0,NA
"1998-04-21","Tuesday","daily",FALSE,0,0,NA
"1998-04-22","Wednesday","daily",FALSE,0,0,NA
"1998-04-23","Thursday","daily",FALSE,0,0,NA
"1998-04-24","Friday","daily",FALSE,0,0,NA
"1998-04-25","Saturday","daily",FALSE,0,0,NA
"1998-04-26","Sunday","daily",FALSE,0,0,NA
"1998-04-27","Monday","daily",FALSE,0,0,NA
"1998-04-28","Tuesday","daily",FALSE,0,0,NA
"1998-04-29","Wednesday","daily",FALSE,0,0,NA
"1998-04-30","Thursday","daily",FALSE,0,0,NA
"1998-05-01","Friday","daily",FALSE,0,0,NA
"1998-05-02","Saturday","daily",FALSE,0,0,NA
"1998-05-03","Sunday","daily",FALSE,0,0,NA
"1998-05-04","Monday","daily",FALSE,0,0,NA
"1998-05-05","Tuesday","daily",FALSE,0,0,NA
"1998-05-06","Wednesday","daily",FALSE,0,0,NA
"1998-05-07","Thursday","daily",FALSE,0,0,NA
"1998-05-08","Friday","daily",FALSE,0,0,NA
"1998-05-09","Saturday","daily",FALSE,0,0,NA
"1998-05-10","Sunday","daily",FALSE,0,0,NA
"1998-05-11","Monday","daily",FALSE,0,0,NA
"1998-05-12","Tuesday","daily",FALSE,0,0,NA
"1998-05-13","Wednesday","daily",FALSE,0,0,NA
"1998-05-14","Thursday","daily",FALSE,0,0,NA
"1998-05-15","Friday","daily",FALSE,0,0,NA
"1998-05-16","Saturday","daily",FALSE,0,0,NA
"1998-05-17","Sunday","daily",FALSE,0,0,NA
"1998-05-18","Monday","daily",FALSE,0,0,NA
"1998-05-19","Tuesday","daily",FALSE,0,0,NA
"1998-05-20","Wednesday","daily",FALSE,0,0,NA
"1998-05-21","Thursday","daily",FALSE,0,0,NA
"1998-05-22","Friday","daily",FALSE,0,0,NA
"1998-05-23","Saturday","daily",FALSE,0,0,NA
"1998-05-24","Sunday","daily",FALSE,0,0,NA
"1998-05-25","Monday","daily",FALSE,0,0,NA
"1998-05-26","Tuesday","daily",FALSE,0,0,NA
"1998-05-27","Wednesday","daily",FALSE,0,0,NA
"1998-05-28","Thursday","daily",FALSE,0,0,NA
"1998-05-29","Friday","daily",FALSE,0,0,NA
"1998-05-30","Saturday","daily",FALSE,0,0,NA
"1998-05-31","Sunday","daily",FALSE,0,0,NA
"1998-06-01","Monday","daily",FALSE,0,0,NA
"1998-06-02","Tuesday","daily",FALSE,0,0,NA
"1998-06-03","Wednesday","daily",FALSE,0,0,NA
"1998-06-04","Thursday","daily",FALSE,0,0,NA
"1998-06-05","Friday","daily",FALSE,0,0,NA
"1998-06-06","Saturday","daily",FALSE,0,0,NA
"1998-06-07","Sunday","daily",FALSE,0,0,NA
"1998-06-08","Monday","daily",FALSE,0,0,NA
"1998-06-09","Tuesday","daily",FALSE,0,0,NA
"1998-06-10","Wednesday","daily",FALSE,0,0,NA
"1998-06-11","Thursday","daily",TRUE,6,0,NA
"1998-06-12","Friday","daily",FALSE,0,0,NA
"1998-06-13","Saturday","daily",FALSE,0,0,NA
"1998-06-14","Sunday","daily",FALSE,0,0,NA
"1998-06-15","Monday","daily",FALSE,0,0,NA
"1998-06-16","Tuesday","daily",FALSE,0,0,NA
"1998-06-17","Wednesday","daily",FALSE,0,0,NA
"1998-06-18","Thursday","daily",FALSE,0,0,NA
"1998-06-19","Friday","daily",FALSE,0,0,NA
"1998-06-20","Saturday","daily",FALSE,0,0,NA
"1998-06-21","Sunday","daily",FALSE,0,0,NA
"1998-06-22","Monday","daily",FALSE,0,0,NA
"1998-06-23","Tuesday","daily",FALSE,0,0,NA
"1998-06-24","Wednesday","daily",FALSE,0,0,NA
"1998-06-25","Thursday","daily",FALSE,0,0,NA
"1998-06-26","Friday","daily",FALSE,0,0,NA
"1998-06-27","Saturday","daily",FALSE,0,0,NA
"1998-06-28","Sunday","daily",FALSE,0,0,NA
"1998-06-29","Monday","daily",FALSE,0,0,NA
"1998-06-30","Tuesday","daily",FALSE,0,0,NA
"1998-07-01","Wednesday","daily",FALSE,0,0,NA
"1998-07-02","Thursday","daily",FALSE,0,0,NA
"1998-07-03","Friday","daily",FALSE,0,0,NA
"1998-07-04","Saturday","daily",FALSE,0,0,NA
"1998-07-05","Sunday","daily",FALSE,0,0,NA
"1998-07-06","Monday","daily",FALSE,0,0,NA
"1998-07-07","Tuesday","daily",FALSE,0,0,NA
"1998-07-08","Wednesday","daily",FALSE,0,0,NA
"1998-07-09","Thursday","daily",FALSE,0,0,NA
"1998-07-10","Friday","daily",FALSE,0,0,NA
"1998-07-11","Saturday","daily",FALSE,0,0,NA
"1998-07-12","Sunday","daily",FALSE,0,0,NA
"1998-07-13","Monday","daily",FALSE,0,0,NA
"1998-07-14","Tuesday","daily",FALSE,0,0,NA
"1998-07-15","Wednesday","daily",FALSE,0,0,NA
"1998-07-16","Thursday","daily",FALSE,0,0,NA
"1998-07-17","Friday","daily",FALSE,0,0,NA
"1998-07-18","Saturday","daily",FALSE,0,0,NA
"1998-07-19","Sunday","daily",FALSE,0,0,NA
"1998-07-20","Monday","daily",FALSE,0,0,NA
"1998-07-21","Tuesday","daily",FALSE,0,0,NA
"1998-07-22","Wednesday","daily",FALSE,0,0,NA
"1998-07-23","Thursday","daily",FALSE,0,0,NA
"1998-07-24","Friday","daily",FALSE,0,0,NA
"1998-07-25","Saturday","daily",FALSE,0,0,NA
"1998-07-26","Sunday","daily",FALSE,0,0,NA
"1998-07-27","Monday","daily",FALSE,0,0,NA
"1998-07-28","Tuesday","daily",FALSE,0,0,NA
"1998-07-29","Wednesday","daily",FALSE,0,0,NA
"1998-07-30","Thursday","daily",FALSE,0,0,NA
"1998-07-31","Friday","daily",FALSE,0,0,NA
"1998-08-01","Saturday","daily",FALSE,0,0,NA
"1998-08-02","Sunday","daily",FALSE,0,0,NA
"1998-08-03","Monday","daily",FALSE,0,0,NA
"1998-08-04","Tuesday","daily",FALSE,0,0,NA
"1998-08-05","Wednesday","daily",FALSE,0,0,NA
"1998-08-06","Thursday","daily",FALSE,0,0,NA
"1998-08-07","Friday","daily",FALSE,0,0,NA
"1998-08-08","Saturday","daily",FALSE,0,0,NA
"1998-08-09","Sunday","daily",FALSE,0,0,NA
"1998-08-10","Monday","daily",FALSE,0,0,NA
"1998-08-11","Tuesday","daily",FALSE,0,0,NA
"1998-08-12","Wednesday","daily",FALSE,0,0,NA
"1998-08-13","Thursday","daily",FALSE,0,0,NA
"1998-08-14","Friday","daily",FALSE,0,0,NA
"1998-08-15","Saturday","daily",FALSE,0,0,NA
"1998-08-16","Sunday","daily",FALSE,0,0,NA
"1998-08-17","Monday","daily",FALSE,0,0,NA
"1998-08-18","Tuesday","daily",FALSE,0,0,NA
"1998-08-19","Wednesday","daily",TRUE,6,0,NA
"1998-08-20","Thursday","daily",FALSE,0,0,NA
"1998-08-21","Friday","daily",FALSE,0,0,NA
"1998-08-22","Saturday","daily",FALSE,0,0,NA
"1998-08-23","Sunday","daily",FALSE,0,0,NA
"1998-08-24","Monday","daily",FALSE,0,0,NA
"1998-08-25","Tuesday","daily",FALSE,0,0,NA
"1998-08-26","Wednesday","daily",FALSE,0,0,NA
"1998-08-27","Thursday","daily",FALSE,0,0,NA
"1998-08-28","Friday","daily",FALSE,0,0,NA
"1998-08-29","Saturday","daily",FALSE,0,0,NA
"1998-08-30","Sunday","daily",FALSE,0,0,NA
"1998-08-31","Monday","daily",FALSE,0,0,NA
"1998-09-01","Tuesday","daily",FALSE,0,0,NA
"1998-09-02","Wednesday","daily",FALSE,0,0,NA
"1998-09-03","Thursday","daily",FALSE,0,0,NA
"1998-09-04","Friday","daily",FALSE,0,0,NA
"1998-09-05","Saturday","daily",FALSE,0,0,NA
"1998-09-06","Sunday","daily",FALSE,0,0,NA
"1998-09-07","Monday","daily",FALSE,0,0,NA
"1998-09-08","Tuesday","daily",FALSE,0,0,NA
"1998-09-09","Wednesday","daily",FALSE,0,0,NA
"1998-09-10","Thursday","daily",FALSE,0,0,NA
"1998-09-11","Friday","daily",FALSE,0,0,NA
"1998-09-12","Saturday","daily",FALSE,0,0,NA
"1998-09-13","Sunday","daily",FALSE,0,0,NA
"1998-09-14","Monday","daily",FALSE,0,0,NA
"1998-09-15","Tuesday","daily",FALSE,0,0,NA
"1998-09-16","Wednesday","daily",FALSE,0,0,NA
"1998-09-17","Thursday","daily",FALSE,0,0,NA
"1998-09-18","Friday","daily",FALSE,0,0,NA
"1998-09-19","Saturday","daily",FALSE,0,0,NA
"1998-09-20","Sunday","daily",TRUE,5,0,NA
"1998-09-21","Monday","daily",FALSE,0,0,NA
"1998-09-22","Tuesday","daily",FALSE,0,0,NA
"1998-09-23","Wednesday","daily",FALSE,0,0,NA
"1998-09-24","Thursday","daily",FALSE,0,0,NA
"1998-09-25","Friday","daily",FALSE,0,0,NA
"1998-09-26","Saturday","daily",FALSE,0,0,NA
"1998-09-27","Sunday","daily",FALSE,0,0,NA
"1998-09-28","Monday","daily",FALSE,0,0,NA
"1998-09-29","Tuesday","daily",FALSE,0,0,NA
"1998-09-30","Wednesday","daily",FALSE,0,0,NA
"1998-10-01","Thursday","daily",FALSE,0,0,NA
"1998-10-02","Friday","daily",FALSE,0,0,NA
"1998-10-03","Saturday","daily",FALSE,0,0,NA
"1998-10-04","Sunday","daily",FALSE,0,0,NA
"1998-10-05","Monday","daily",FALSE,0,0,NA
"1998-10-06","Tuesday","daily",FALSE,0,0,NA
"1998-10-07","Wednesday","daily",FALSE,0,0,NA
"1998-10-08","Thursday","daily",FALSE,0,0,NA
"1998-10-09","Friday","daily",FALSE,0,0,NA
"1998-10-10","Saturday","daily",FALSE,0,0,NA
"1998-10-11","Sunday","daily",FALSE,0,0,NA
"1998-10-12","Monday","daily",FALSE,0,0,NA
"1998-10-13","Tuesday","daily",FALSE,0,0,NA
"1998-10-14","Wednesday","daily",FALSE,0,0,NA
"1998-10-15","Thursday","daily",FALSE,0,0,NA
"1998-10-16","Friday","daily",FALSE,0,0,NA
"1998-10-17","Saturday","daily",FALSE,0,0,NA
"1998-10-18","Sunday","daily",FALSE,0,0,NA
"1998-10-19","Monday","daily",FALSE,0,0,NA
"1998-10-20","Tuesday","daily",FALSE,0,0,NA
"1998-10-21","Wednesday","daily",FALSE,0,0,NA
"1998-10-22","Thursday","daily",FALSE,0,0,NA
"1998-10-23","Friday","daily",FALSE,0,0,NA
"1998-10-24","Saturday","daily",FALSE,0,0,NA
"1998-10-25","Sunday","daily",FALSE,0,0,NA
"1998-10-26","Monday","daily",FALSE,0,0,NA
"1998-10-27","Tuesday","daily",FALSE,0,0,NA
"1998-10-28","Wednesday","daily",FALSE,0,0,NA
"1998-10-29","Thursday","daily",FALSE,0,0,NA
"1998-10-30","Friday","daily",FALSE,0,0,NA
"1998-10-31","Saturday","daily",FALSE,0,0,NA
"1998-11-01","Sunday","daily",FALSE,0,0,NA
"1998-11-02","Monday","daily",FALSE,0,0,NA
"1998-11-03","Tuesday","daily",FALSE,0,0,NA
"1998-11-04","Wednesday","daily",FALSE,0,0,NA
"1998-11-05","Thursday","daily",FALSE,0,0,NA
"1998-11-06","Friday","daily",FALSE,0,0,NA
"1998-11-07","Saturday","daily",FALSE,0,0,NA
"1998-11-08","Sunday","daily",FALSE,0,0,NA
"1998-11-09","Monday","daily",FALSE,0,0,NA
"1998-11-10","Tuesday","daily",FALSE,0,0,NA
"1998-11-11","Wednesday","daily",FALSE,0,0,NA
"1998-11-12","Thursday","daily",FALSE,0,0,NA
"1998-11-13","Friday","daily",FALSE,0,0,NA
"1998-11-14","Saturday","daily",FALSE,0,0,NA
"1998-11-15","Sunday","daily",FALSE,0,5,NA
"1998-11-16","Monday","daily",FALSE,0,0,NA
"1998-11-17","Tuesday","daily",FALSE,0,0,NA
"1998-11-18","Wednesday","daily",FALSE,0,0,NA
"1998-11-19","Thursday","daily",TRUE,3,0,NA
"1998-11-20","Friday","daily",FALSE,0,0,NA
"1998-11-21","Saturday","daily",FALSE,0,0,NA
"1998-11-22","Sunday","daily",FALSE,0,0,NA
"1998-11-23","Monday","daily",FALSE,0,0,NA
"1998-11-24","Tuesday","daily",FALSE,0,0,NA
"1998-11-25","Wednesday","daily",FALSE,0,0,NA
"1998-11-26","Thursday","daily",FALSE,0,0,NA
"1998-11-27","Friday","daily",FALSE,0,0,NA
"1998-11-28","Saturday","daily",FALSE,0,0,NA
"1998-11-29","Sunday","daily",FALSE,0,0,NA
"1998-11-30","Monday","daily",FALSE,0,0,NA
"1998-12-01","Tuesday","daily",FALSE,0,0,NA
"1998-12-02","Wednesday","daily",FALSE,0,0,NA
"1998-12-03","Thursday","daily",FALSE,0,0,NA
"1998-12-04","Friday","daily",FALSE,0,0,NA
"1998-12-05","Saturday","daily",FALSE,0,0,NA
"1998-12-06","Sunday","daily",FALSE,0,0,NA
"1998-12-07","Monday","daily",FALSE,0,0,NA
"1998-12-08","Tuesday","daily",FALSE,0,0,NA
"1998-12-09","Wednesday","daily",FALSE,0,0,NA
"1998-12-10","Thursday","daily",FALSE,0,0,NA
"1998-12-11","Friday","daily",FALSE,0,0,NA
"1998-12-12","Saturday","daily",FALSE,0,0,NA
"1998-12-13","Sunday","daily",FALSE,0,0,NA
"1998-12-14","Monday","daily",FALSE,0,0,NA
"1998-12-15","Tuesday","daily",FALSE,0,0,NA
"1998-12-16","Wednesday","daily",FALSE,0,0,NA
"1998-12-17","Thursday","daily",FALSE,0,0,NA
"1998-12-18","Friday","daily",FALSE,0,0,NA
"1998-12-19","Saturday","daily",FALSE,0,0,NA
"1998-12-20","Sunday","daily",FALSE,0,0,NA
"1998-12-21","Monday","daily",FALSE,0,0,NA
"1998-12-22","Tuesday","daily",FALSE,0,0,NA
"1998-12-23","Wednesday","daily",FALSE,0,0,NA
"1998-12-24","Thursday","daily",FALSE,0,0,NA
"1998-12-25","Friday","daily",FALSE,0,1,NA
"1998-12-26","Saturday","daily",FALSE,0,0,NA
"1998-12-27","Sunday","daily",FALSE,0,0,NA
"1998-12-28","Monday","daily",FALSE,0,0,NA
"1998-12-29","Tuesday","daily",FALSE,0,0,NA
"1998-12-30","Wednesday","daily",FALSE,0,0,NA
"1998-12-31","Thursday","daily",FALSE,0,0,NA
"1999-01-01","Friday","daily",FALSE,0,0,NA
"1999-01-02","Saturday","daily",FALSE,0,0,NA
"1999-01-03","Sunday","daily",FALSE,0,0,NA
"1999-01-04","Monday","daily",FALSE,0,0,NA
"1999-01-05","Tuesday","daily",FALSE,0,0,NA
"1999-01-06","Wednesday","daily",FALSE,0,0,NA
"1999-01-07","Thursday","daily",TRUE,6,0,NA
"1999-01-08","Friday","daily",FALSE,0,0,NA
"1999-01-09","Saturday","daily",FALSE,0,0,NA
"1999-01-10","Sunday","daily",FALSE,0,0,NA
"1999-01-11","Monday","daily",FALSE,0,0,NA
"1999-01-12","Tuesday","daily",FALSE,0,0,NA
"1999-01-13","Wednesday","daily",FALSE,0,0,NA
"1999-01-14","Thursday","daily",FALSE,0,0,NA
"1999-01-15","Friday","daily",FALSE,0,0,NA
"1999-01-16","Saturday","daily",FALSE,0,0,NA
"1999-01-17","Sunday","daily",FALSE,0,0,NA
"1999-01-18","Monday","daily",FALSE,0,0,NA
"1999-01-19","Tuesday","daily",FALSE,0,0,NA
"1999-01-20","Wednesday","daily",FALSE,0,0,NA
"1999-01-21","Thursday","daily",FALSE,0,0,NA
"1999-01-22","Friday","daily",FALSE,0,0,NA
"1999-01-23","Saturday","daily",FALSE,0,0,NA
"1999-01-24","Sunday","daily",FALSE,0,0,NA
"1999-01-25","Monday","daily",FALSE,0,0,NA
"1999-01-26","Tuesday","daily",FALSE,0,0,NA
"1999-01-27","Wednesday","daily",FALSE,0,0,NA
"1999-01-28","Thursday","daily",FALSE,0,9,NA
"1999-01-29","Friday","daily",FALSE,0,0,NA
"1999-01-30","Saturday","daily",FALSE,0,0,NA
"1999-01-31","Sunday","daily",FALSE,0,0,NA
"1999-02-01","Monday","daily",FALSE,0,0,NA
"1999-02-02","Tuesday","daily",FALSE,0,0,NA
"1999-02-03","Wednesday","daily",FALSE,0,0,NA
"1999-02-04","Thursday","daily",FALSE,0,0,NA
"1999-02-05","Friday","daily",FALSE,0,0,NA
"1999-02-06","Saturday","daily",FALSE,0,0,NA
"1999-02-07","Sunday","daily",FALSE,0,0,NA
"1999-02-08","Monday","daily",FALSE,0,0,NA
"1999-02-09","Tuesday","daily",FALSE,0,0,NA
"1999-02-10","Wednesday","daily",FALSE,0,0,NA
"1999-02-11","Thursday","daily",FALSE,0,0,NA
"1999-02-12","Friday","daily",FALSE,0,0,NA
"1999-02-13","Saturday","daily",FALSE,0,0,NA
"1999-02-14","Sunday","daily",FALSE,0,0,NA
"1999-02-15","Monday","daily",FALSE,0,0,NA
"1999-02-16","Tuesday","daily",FALSE,0,0,NA
"1999-02-17","Wednesday","daily",FALSE,0,0,NA
"1999-02-18","Thursday","daily",FALSE,0,0,NA
"1999-02-19","Friday","daily",FALSE,0,0,NA
"1999-02-20","Saturday","daily",FALSE,0,0,NA
"1999-02-21","Sunday","daily",FALSE,0,0,NA
"1999-02-22","Monday","daily",FALSE,0,0,NA
"1999-02-23","Tuesday","daily",FALSE,0,0,NA
"1999-02-24","Wednesday","daily",FALSE,0,0,NA
"1999-02-25","Thursday","daily",TRUE,4,0,NA
"1999-02-26","Friday","daily",FALSE,0,0,NA
"1999-02-27","Saturday","daily",FALSE,0,0,NA
"1999-02-28","Sunday","daily",FALSE,0,0,NA
"1999-03-01","Monday","daily",FALSE,0,0,NA
"1999-03-02","Tuesday","daily",FALSE,0,0,NA
"1999-03-03","Wednesday","daily",FALSE,0,0,NA
"1999-03-04","Thursday","daily",FALSE,0,0,NA
"1999-03-05","Friday","daily",FALSE,0,0,NA
"1999-03-06","Saturday","daily",FALSE,0,0,NA
"1999-03-07","Sunday","daily",FALSE,0,0,NA
"1999-03-08","Monday","daily",FALSE,0,0,NA
"1999-03-09","Tuesday","daily",FALSE,0,0,NA
"1999-03-10","Wednesday","daily",FALSE,0,0,NA
"1999-03-11","Thursday","daily",FALSE,0,4,NA
"1999-03-12","Friday","daily",FALSE,0,0,NA
"1999-03-13","Saturday","daily",FALSE,0,0,NA
"1999-03-14","Sunday","daily",FALSE,0,0,NA
"1999-03-15","Monday","daily",FALSE,0,0,NA
"1999-03-16","Tuesday","daily",FALSE,0,0,NA
"1999-03-17","Wednesday","daily",FALSE,0,0,NA
"1999-03-18","Thursday","daily",FALSE,0,0,NA
"1999-03-19","Friday","daily",FALSE,0,0,NA
"1999-03-20","Saturday","daily",FALSE,0,0,NA
"1999-03-21","Sunday","daily",FALSE,0,0,NA
"1999-03-22","Monday","daily",FALSE,0,0,NA
"1999-03-23","Tuesday","daily",FALSE,0,0,NA
"1999-03-24","Wednesday","daily",FALSE,0,0,NA
"1999-03-25","Thursday","daily",FALSE,0,0,NA
"1999-03-26","Friday","daily",FALSE,0,0,NA
"1999-03-27","Saturday","daily",FALSE,0,0,NA
"1999-03-28","Sunday","daily",TRUE,7,0,NA
"1999-03-29","Monday","daily",FALSE,0,0,NA
"1999-03-30","Tuesday","daily",FALSE,0,0,NA
"1999-03-31","Wednesday","daily",FALSE,0,0,NA
"1999-04-01","Thursday","daily",FALSE,0,0,NA
"1999-04-02","Friday","daily",FALSE,0,0,NA
"1999-04-03","Saturday","daily",FALSE,0,0,NA
"1999-04-04","Sunday","daily",FALSE,0,0,NA
"1999-04-05","Monday","daily",FALSE,0,0,NA
"1999-04-06","Tuesday","daily",FALSE,0,0,NA
"1999-04-07","Wednesday","daily",FALSE,0,0,NA
"1999-04-08","Thursday","daily",FALSE,0,0,NA
"1999-04-09","Friday","daily",FALSE,0,0,NA
"1999-04-10","Saturday","daily",FALSE,0,0,NA
"1999-04-11","Sunday","daily",FALSE,0,0,NA
"1999-04-12","Monday","daily",FALSE,0,0,NA
"1999-04-13","Tuesday","daily",FALSE,0,0,NA
"1999-04-14","Wednesday","daily",FALSE,0,0,NA
"1999-04-15","Thursday","daily",FALSE,0,0,NA
"1999-04-16","Friday","daily",FALSE,0,0,NA
"1999-04-17","Saturday","daily",FALSE,0,0,NA
"1999-04-18","Sunday","daily",FALSE,0,0,NA
"1999-04-19","Monday","daily",FALSE,0,0,NA
"1999-04-20","Tuesday","daily",FALSE,0,0,NA
"1999-04-21","Wednesday","daily",TRUE,6,0,NA
"1999-04-22","Thursday","daily",FALSE,0,0,NA
"1999-04-23","Friday","daily",FALSE,0,0,NA
"1999-04-24","Saturday","daily",FALSE,0,0,NA
"1999-04-25","Sunday","daily",FALSE,0,0,NA
"1999-04-26","Monday","daily",FALSE,0,0,NA
"1999-04-27","Tuesday","daily",FALSE,0,0,NA
"1999-04-28","Wednesday","daily",FALSE,0,0,NA
"1999-04-29","Thursday","daily",FALSE,0,0,NA
"1999-04-30","Friday","daily",FALSE,0,0,NA
"1999-05-01","Saturday","daily",FALSE,0,0,NA
"1999-05-02","Sunday","daily",FALSE,0,0,NA
"1999-05-03","Monday","daily",FALSE,0,0,NA
"1999-05-04","Tuesday","daily",FALSE,0,0,NA
"1999-05-05","Wednesday","daily",FALSE,0,0,NA
"1999-05-06","Thursday","daily",FALSE,0,0,NA
"1999-05-07","Friday","daily",FALSE,0,0,NA
"1999-05-08","Saturday","daily",FALSE,0,0,NA
"1999-05-09","Sunday","daily",FALSE,0,0,NA
"1999-05-10","Monday","daily",FALSE,0,0,NA
"1999-05-11","Tuesday","daily",FALSE,0,0,NA
"1999-05-12","Wednesday","daily",FALSE,0,0,NA
"1999-05-13","Thursday","daily",FALSE,0,1,NA
"1999-05-14","Friday","daily",FALSE,0,0,NA
"1999-05-15","Saturday","daily",FALSE,0,0,NA
"1999-05-16","Sunday","daily",FALSE,0,0,NA
"1999-05-17","Monday","daily",FALSE,0,0,NA
"1999-05-18","Tuesday","daily",FALSE,0,0,NA
"1999-05-19","Wednesday","daily",FALSE,0,0,NA
"1999-05-20","Thursday","daily",FALSE,0,0,NA
"1999-05-21","Friday","daily",FALSE,0,0,NA
"1999-05-22","Saturday","daily",FALSE,0,0,NA
"1999-05-23","Sunday","daily",FALSE,0,0,NA
"1999-05-24","Monday","daily",FALSE,0,0,NA
"1999-05-25","Tuesday","daily",FALSE,0,0,NA
"1999-05-26","Wednesday","daily",FALSE,0,0,NA
"1999-05-27","Thursday","daily",FALSE,0,0,NA
"1999-05-28","Friday","daily",FALSE,0,0,NA
"1999-05-29","Saturday","daily",FALSE,0,0,NA
"1999-05-30","Sunday","daily",FALSE,0,0,NA
"1999-05-31","Monday","daily",FALSE,0,0,NA
"1999-06-01","Tuesday","daily",FALSE,0,0,NA
"1999-06-02","Wednesday","daily",FALSE,0,0,NA
"1999-06-03","Thursday","daily",FALSE,0,0,NA
"1999-06-04","Friday","daily",FALSE,0,0,NA
"1999-06-05","Saturday","daily",FALSE,0,0,NA
"1999-06-06","Sunday","daily",FALSE,0,0,NA
"1999-06-07","Monday","daily",FALSE,0,0,NA
"1999-06-08","Tuesday","daily",FALSE,0,0,NA
"1999-06-09","Wednesday","daily",FALSE,0,0,NA
"1999-06-10","Thursday","daily",FALSE,0,0,NA
"1999-06-11","Friday","daily",FALSE,0,0,NA
"1999-06-12","Saturday","daily",FALSE,0,0,NA
"1999-06-13","Sunday","daily",FALSE,0,0,NA
"1999-06-14","Monday","daily",FALSE,0,0,NA
"1999-06-15","Tuesday","daily",FALSE,0,0,NA
"1999-06-16","Wednesday","daily",FALSE,0,0,NA
"1999-06-17","Thursday","daily",FALSE,0,0,NA
"1999-06-18","Friday","daily",FALSE,0,0,NA
"1999-06-19","Saturday","daily",FALSE,0,0,NA
"1999-06-20","Sunday","daily",TRUE,6,0,NA
"1999-06-21","Monday","daily",FALSE,0,0,NA
"1999-06-22","Tuesday","daily",FALSE,0,0,NA
"1999-06-23","Wednesday","daily",FALSE,0,0,NA
"1999-06-24","Thursday","daily",FALSE,0,0,NA
"1999-06-25","Friday","daily",FALSE,0,0,NA
"1999-06-26","Saturday","daily",FALSE,0,0,NA
"1999-06-27","Sunday","daily",FALSE,0,0,NA
"1999-06-28","Monday","daily",FALSE,0,0,NA
"1999-06-29","Tuesday","daily",FALSE,0,0,NA
"1999-06-30","Wednesday","daily",FALSE,0,0,NA
"1999-07-01","Thursday","daily",FALSE,0,0,NA
"1999-07-02","Friday","daily",FALSE,0,0,NA
"1999-07-03","Saturday","daily",FALSE,0,0,NA
"1999-07-04","Sunday","daily",FALSE,0,0,NA
"1999-07-05","Monday","daily",FALSE,0,0,NA
"1999-07-06","Tuesday","daily",FALSE,0,0,NA
"1999-07-07","Wednesday","daily",FALSE,0,0,NA
"1999-07-08","Thursday","daily",FALSE,0,0,NA
"1999-07-09","Friday","daily",FALSE,0,0,NA
"1999-07-10","Saturday","daily",FALSE,0,0,NA
"1999-07-11","Sunday","daily",FALSE,0,0,NA
"1999-07-12","Monday","daily",FALSE,0,0,NA
"1999-07-13","Tuesday","daily",FALSE,0,0,NA
"1999-07-14","Wednesday","daily",FALSE,0,0,NA
"1999-07-15","Thursday","daily",FALSE,0,0,NA
"1999-07-16","Friday","daily",FALSE,0,0,NA
"1999-07-17","Saturday","daily",FALSE,0,0,NA
"1999-07-18","Sunday","daily",TRUE,13,0,NA
"1999-07-19","Monday","daily",FALSE,0,0,NA
"1999-07-20","Tuesday","daily",FALSE,0,0,NA
"1999-07-21","Wednesday","daily",FALSE,0,0,NA
"1999-07-22","Thursday","daily",FALSE,0,0,NA
"1999-07-23","Friday","daily",FALSE,0,0,NA
"1999-07-24","Saturday","daily",FALSE,0,0,NA
"1999-07-25","Sunday","daily",FALSE,0,0,NA
"1999-07-26","Monday","daily",FALSE,0,0,NA
"1999-07-27","Tuesday","daily",FALSE,0,0,NA
"1999-07-28","Wednesday","daily",FALSE,0,0,NA
"1999-07-29","Thursday","daily",FALSE,0,0,NA
"1999-07-30","Friday","daily",FALSE,0,0,NA
"1999-07-31","Saturday","daily",FALSE,0,0,NA
"1999-08-01","Sunday","daily",FALSE,0,0,NA
"1999-08-02","Monday","daily",FALSE,0,0,NA
"1999-08-03","Tuesday","daily",FALSE,0,0,NA
"1999-08-04","Wednesday","daily",FALSE,0,0,NA
"1999-08-05","Thursday","daily",FALSE,0,0,NA
"1999-08-06","Friday","daily",FALSE,0,0,NA
"1999-08-07","Saturday","daily",FALSE,0,0,NA
"1999-08-08","Sunday","daily",FALSE,0,0,NA
"1999-08-09","Monday","daily",FALSE,0,0,NA
"1999-08-10","Tuesday","daily",FALSE,0,0,NA
"1999-08-11","Wednesday","daily",FALSE,0,0,NA
"1999-08-12","Thursday","daily",TRUE,4,0,NA
"1999-08-13","Friday","daily",FALSE,0,0,NA
"1999-08-14","Saturday","daily",FALSE,0,0,NA
"1999-08-15","Sunday","daily",FALSE,0,0,NA
"1999-08-16","Monday","daily",FALSE,0,0,NA
"1999-08-17","Tuesday","daily",FALSE,0,0,NA
"1999-08-18","Wednesday","daily",FALSE,0,0,NA
"1999-08-19","Thursday","daily",FALSE,0,0,NA
"1999-08-20","Friday","daily",FALSE,0,0,NA
"1999-08-21","Saturday","daily",FALSE,0,0,NA
"1999-08-22","Sunday","daily",FALSE,0,0,NA
"1999-08-23","Monday","daily",FALSE,0,0,NA
"1999-08-24","Tuesday","daily",FALSE,0,0,NA
"1999-08-25","Wednesday","daily",FALSE,0,0,NA
"1999-08-26","Thursday","daily",FALSE,0,0,NA
"1999-08-27","Friday","daily",FALSE,0,0,NA
"1999-08-28","Saturday","daily",FALSE,0,0,NA
"1999-08-29","Sunday","daily",FALSE,0,0,NA
"1999-08-30","Monday","daily",FALSE,0,0,NA
"1999-08-31","Tuesday","daily",FALSE,0,0,NA
"1999-09-01","Wednesday","daily",FALSE,0,0,NA
"1999-09-02","Thursday","daily",FALSE,0,6,NA
"1999-09-03","Friday","daily",FALSE,0,0,NA
"1999-09-04","Saturday","daily",FALSE,0,0,NA
"1999-09-05","Sunday","daily",FALSE,0,0,NA
"1999-09-06","Monday","daily",FALSE,0,0,NA
"1999-09-07","Tuesday","daily",FALSE,0,0,NA
"1999-09-08","Wednesday","daily",FALSE,0,0,NA
"1999-09-09","Thursday","daily",FALSE,0,0,NA
"1999-09-10","Friday","daily",FALSE,0,0,NA
"1999-09-11","Saturday","daily",FALSE,0,0,NA
"1999-09-12","Sunday","daily",FALSE,0,0,NA
"1999-09-13","Monday","daily",FALSE,0,0,NA
"1999-09-14","Tuesday","daily",FALSE,0,0,NA
"1999-09-15","Wednesday","daily",FALSE,0,0,NA
"1999-09-16","Thursday","daily",FALSE,0,0,NA
"1999-09-17","Friday","daily",FALSE,0,0,NA
"1999-09-18","Saturday","daily",FALSE,0,0,NA
"1999-09-19","Sunday","daily",FALSE,0,0,NA
"1999-09-20","Monday","daily",FALSE,0,0,NA
"1999-09-21","Tuesday","daily",FALSE,0,0,NA
"1999-09-22","Wednesday","daily",FALSE,0,0,NA
"1999-09-23","Thursday","daily",FALSE,0,0,NA
"1999-09-24","Friday","daily",FALSE,0,0,NA
"1999-09-25","Saturday","daily",FALSE,0,0,NA
"1999-09-26","Sunday","daily",FALSE,0,0,NA
"1999-09-27","Monday","daily",FALSE,0,0,NA
"1999-09-28","Tuesday","daily",FALSE,0,0,NA
"1999-09-29","Wednesday","daily",FALSE,0,0,NA
"1999-09-30","Thursday","daily",FALSE,0,0,NA
"1999-10-01","Friday","daily",FALSE,0,0,NA
"1999-10-02","Saturday","daily",FALSE,0,0,NA
"1999-10-03","Sunday","daily",FALSE,0,0,NA
"1999-10-04","Monday","daily",FALSE,0,0,NA
"1999-10-05","Tuesday","daily",FALSE,0,0,NA
"1999-10-06","Wednesday","daily",FALSE,0,0,NA
"1999-10-07","Thursday","daily",FALSE,0,0,NA
"1999-10-08","Friday","daily",FALSE,0,0,NA
"1999-10-09","Saturday","daily",FALSE,0,0,NA
"1999-10-10","Sunday","daily",FALSE,0,0,NA
"1999-10-11","Monday","daily",FALSE,0,0,NA
"1999-10-12","Tuesday","daily",FALSE,0,0,NA
"1999-10-13","Wednesday","daily",FALSE,0,0,NA
"1999-10-14","Thursday","daily",FALSE,0,0,NA
"1999-10-15","Friday","daily",FALSE,0,0,NA
"1999-10-16","Saturday","daily",FALSE,0,0,NA
"1999-10-17","Sunday","daily",FALSE,0,0,NA
"1999-10-18","Monday","daily",FALSE,0,0,NA
"1999-10-19","Tuesday","daily",FALSE,0,0,NA
"1999-10-20","Wednesday","daily",FALSE,0,0,NA
"1999-10-21","Thursday","daily",FALSE,0,0,NA
"1999-10-22","Friday","daily",FALSE,0,0,NA
"1999-10-23","Saturday","daily",FALSE,0,0,NA
"1999-10-24","Sunday","daily",FALSE,0,0,NA
"1999-10-25","Monday","daily",FALSE,0,0,NA
"1999-10-26","Tuesday","daily",FALSE,0,0,NA
"1999-10-27","Wednesday","daily",FALSE,0,0,NA
"1999-10-28","Thursday","daily",FALSE,0,0,NA
"1999-10-29","Friday","daily",FALSE,0,0,NA
"1999-10-30","Saturday","daily",FALSE,0,0,NA
"1999-10-31","Sunday","daily",TRUE,20,0,NA
"1999-11-01","Monday","daily",FALSE,0,0,NA
"1999-11-02","Tuesday","daily",FALSE,0,0,NA
"1999-11-03","Wednesday","daily",FALSE,0,0,NA
"1999-11-04","Thursday","daily",FALSE,0,0,NA
"1999-11-05","Friday","daily",FALSE,0,0,NA
"1999-11-06","Saturday","daily",FALSE,0,0,NA
"1999-11-07","Sunday","daily",FALSE,0,0,NA
"1999-11-08","Monday","daily",FALSE,0,0,NA
"1999-11-09","Tuesday","daily",FALSE,0,0,NA
"1999-11-10","Wednesday","daily",FALSE,0,0,NA
"1999-11-11","Thursday","daily",FALSE,0,0,NA
"1999-11-12","Friday","daily",FALSE,0,0,NA
"1999-11-13","Saturday","daily",FALSE,0,0,NA
"1999-11-14","Sunday","daily",FALSE,0,0,NA
"1999-11-15","Monday","daily",FALSE,0,0,NA
"1999-11-16","Tuesday","daily",FALSE,0,0,NA
"1999-11-17","Wednesday","daily",FALSE,0,0,NA
"1999-11-18","Thursday","daily",FALSE,0,0,NA
"1999-11-19","Friday","daily",FALSE,0,0,NA
"1999-11-20","Saturday","daily",FALSE,0,0,NA
"1999-11-21","Sunday","daily",FALSE,0,0,NA
"1999-11-22","Monday","daily",FALSE,0,0,NA
"1999-11-23","Tuesday","daily",FALSE,0,0,NA
"1999-11-24","Wednesday","daily",FALSE,0,0,NA
"1999-11-25","Thursday","daily",FALSE,0,0,NA
"1999-11-26","Friday","daily",FALSE,0,0,NA
"1999-11-27","Saturday","daily",FALSE,0,0,NA
"1999-11-28","Sunday","daily",FALSE,0,0,NA
"1999-11-29","Monday","daily",FALSE,0,0,NA
"1999-11-30","Tuesday","daily",FALSE,0,0,NA
"1999-12-01","Wednesday","daily",FALSE,0,0,NA
"1999-12-02","Thursday","daily",FALSE,0,0,NA
"1999-12-03","Friday","daily",FALSE,0,0,NA
"1999-12-04","Saturday","daily",FALSE,0,0,NA
"1999-12-05","Sunday","daily",FALSE,0,0,NA
"1999-12-06","Monday","daily",FALSE,0,0,NA
"1999-12-07","Tuesday","daily",FALSE,0,0,NA
"1999-12-08","Wednesday","daily",FALSE,0,0,NA
"1999-12-09","Thursday","daily",FALSE,0,0,NA
"1999-12-10","Friday","daily",FALSE,0,0,NA
"1999-12-11","Saturday","daily",FALSE,0,0,NA
"1999-12-12","Sunday","daily",FALSE,0,0,NA
"1999-12-13","Monday","daily",FALSE,0,0,NA
"1999-12-14","Tuesday","daily",FALSE,0,0,NA
"1999-12-15","Wednesday","daily",TRUE,6,0,NA
"1999-12-16","Thursday","daily",FALSE,0,0,NA
"1999-12-17","Friday","daily",FALSE,0,0,NA
"1999-12-18","Saturday","daily",FALSE,0,0,NA
"1999-12-19","Sunday","daily",FALSE,0,0,NA
"1999-12-20","Monday","daily",FALSE,0,0,NA
"1999-12-21","Tuesday","daily",FALSE,0,0,NA
"1999-12-22","Wednesday","daily",FALSE,0,0,NA
"1999-12-23","Thursday","daily",FALSE,0,0,NA
"1999-12-24","Friday","daily",FALSE,0,0,NA
"1999-12-25","Saturday","daily",FALSE,0,0,NA
"1999-12-26","Sunday","daily",FALSE,0,0,NA
"1999-12-27","Monday","daily",FALSE,0,0,NA
"1999-12-28","Tuesday","daily",FALSE,0,0,NA
"1999-12-29","Wednesday","daily",FALSE,0,0,NA
"1999-12-30","Thursday","daily",FALSE,0,0,NA
"1999-12-31","Friday","daily",FALSE,0,0,NA
"2000-01-01","Saturday","daily",FALSE,0,0,NA
"2000-01-02","Sunday","daily",FALSE,0,0,NA
"2000-01-03","Monday","daily",FALSE,0,0,NA
"2000-01-04","Tuesday","daily",FALSE,0,0,NA
"2000-01-05","Wednesday","daily",FALSE,0,0,NA
"2000-01-06","Thursday","daily",FALSE,0,0,NA
"2000-01-07","Friday","daily",FALSE,0,0,NA
"2000-01-08","Saturday","daily",FALSE,0,0,NA
"2000-01-09","Sunday","daily",FALSE,0,0,NA
"2000-01-10","Monday","daily",FALSE,0,0,NA
"2000-01-11","Tuesday","daily",FALSE,0,0,NA
"2000-01-12","Wednesday","daily",FALSE,0,0,NA
"2000-01-13","Thursday","daily",FALSE,0,0,NA
"2000-01-14","Friday","daily",FALSE,0,0,NA
"2000-01-15","Saturday","daily",FALSE,0,0,NA
"2000-01-16","Sunday","daily",FALSE,0,0,NA
"2000-01-17","Monday","daily",FALSE,0,0,NA
"2000-01-18","Tuesday","daily",FALSE,0,0,NA
"2000-01-19","Wednesday","daily",FALSE,0,0,NA
"2000-01-20","Thursday","daily",FALSE,0,0,NA
"2000-01-21","Friday","daily",FALSE,0,0,NA
"2000-01-22","Saturday","daily",FALSE,0,0,NA
"2000-01-23","Sunday","daily",FALSE,0,0,NA
"2000-01-24","Monday","daily",FALSE,0,0,NA
"2000-01-25","Tuesday","daily",FALSE,0,0,NA
"2000-01-26","Wednesday","daily",FALSE,0,0,NA
"2000-01-27","Thursday","daily",FALSE,0,0,NA
"2000-01-28","Friday","daily",FALSE,0,0,NA
"2000-01-29","Saturday","daily",FALSE,0,0,NA
"2000-01-30","Sunday","daily",FALSE,0,0,NA
"2000-01-31","Monday","daily",FALSE,0,0,NA
"2000-02-01","Tuesday","daily",FALSE,0,0,NA
"2000-02-02","Wednesday","daily",FALSE,0,0,NA
"2000-02-03","Thursday","daily",FALSE,0,0,NA
"2000-02-04","Friday","daily",FALSE,0,0,NA
"2000-02-05","Saturday","daily",FALSE,0,0,NA
"2000-02-06","Sunday","daily",FALSE,0,0,NA
"2000-02-07","Monday","daily",FALSE,0,0,NA
"2000-02-08","Tuesday","daily",FALSE,0,0,NA
"2000-02-09","Wednesday","daily",FALSE,0,0,NA
"2000-02-10","Thursday","daily",FALSE,0,0,NA
"2000-02-11","Friday","daily",FALSE,0,3,NA
"2000-02-12","Saturday","daily",FALSE,0,0,NA
"2000-02-13","Sunday","daily",FALSE,0,0,NA
"2000-02-14","Monday","daily",FALSE,0,0,NA
"2000-02-15","Tuesday","daily",FALSE,0,0,NA
"2000-02-16","Wednesday","daily",FALSE,0,0,NA
"2000-02-17","Thursday","daily",FALSE,0,0,NA
"2000-02-18","Friday","daily",FALSE,0,0,NA
"2000-02-19","Saturday","daily",FALSE,0,0,NA
"2000-02-20","Sunday","daily",FALSE,0,0,NA
"2000-02-21","Monday","daily",FALSE,0,0,NA
"2000-02-22","Tuesday","daily",FALSE,0,0,NA
"2000-02-23","Wednesday","daily",FALSE,0,0,NA
"2000-02-24","Thursday","daily",FALSE,0,0,NA
"2000-02-25","Friday","daily",FALSE,0,0,NA
"2000-02-26","Saturday","daily",FALSE,0,0,NA
"2000-02-27","Sunday","daily",TRUE,7,0,NA
"2000-02-28","Monday","daily",FALSE,0,0,NA
"2000-02-29","Tuesday","daily",FALSE,0,0,NA
"2000-03-01","Wednesday","daily",FALSE,0,0,NA
"2000-03-02","Thursday","daily",FALSE,0,0,NA
"2000-03-03","Friday","daily",FALSE,0,0,NA
"2000-03-04","Saturday","daily",FALSE,0,0,NA
"2000-03-05","Sunday","daily",FALSE,0,0,NA
"2000-03-06","Monday","daily",FALSE,0,0,NA
"2000-03-07","Tuesday","daily",FALSE,0,0,NA
"2000-03-08","Wednesday","daily",FALSE,0,0,NA
"2000-03-09","Thursday","daily",FALSE,0,0,NA
"2000-03-10","Friday","daily",FALSE,0,0,NA
"2000-03-11","Saturday","daily",FALSE,0,0,NA
"2000-03-12","Sunday","daily",FALSE,0,0,NA
"2000-03-13","Monday","daily",FALSE,0,0,NA
"2000-03-14","Tuesday","daily",FALSE,0,0,NA
"2000-03-15","Wednesday","daily",FALSE,0,0,NA
"2000-03-16","Thursday","daily",FALSE,0,0,NA
"2000-03-17","Friday","daily",FALSE,0,0,NA
"2000-03-18","Saturday","daily",FALSE,0,0,NA
"2000-03-19","Sunday","daily",FALSE,0,0,NA
"2000-03-20","Monday","daily",FALSE,0,0,NA
"2000-03-21","Tuesday","daily",FALSE,0,0,NA
"2000-03-22","Wednesday","daily",FALSE,0,0,NA
"2000-03-23","Thursday","daily",FALSE,0,9,NA
"2000-03-24","Friday","daily",FALSE,0,0,NA
"2000-03-25","Saturday","daily",FALSE,0,0,NA
"2000-03-26","Sunday","daily",FALSE,0,0,NA
"2000-03-27","Monday","daily",FALSE,0,0,NA
"2000-03-28","Tuesday","daily",FALSE,0,0,NA
"2000-03-29","Wednesday","daily",FALSE,0,0,NA
"2000-03-30","Thursday","daily",FALSE,0,0,NA
"2000-03-31","Friday","daily",FALSE,0,0,NA
"2000-04-01","Saturday","daily",FALSE,0,0,NA
"2000-04-02","Sunday","daily",FALSE,0,0,NA
"2000-04-03","Monday","daily",FALSE,0,0,NA
"2000-04-04","Tuesday","daily",FALSE,0,0,NA
"2000-04-05","Wednesday","daily",FALSE,0,0,NA
"2000-04-06","Thursday","daily",FALSE,0,0,NA
"2000-04-07","Friday","daily",FALSE,0,0,NA
"2000-04-08","Saturday","daily",FALSE,0,0,NA
"2000-04-09","Sunday","daily",FALSE,0,0,NA
"2000-04-10","Monday","daily",FALSE,0,0,NA
"2000-04-11","Tuesday","daily",FALSE,0,0,NA
"2000-04-12","Wednesday","daily",FALSE,0,0,NA
"2000-04-13","Thursday","daily",FALSE,0,0,NA
"2000-04-14","Friday","daily",FALSE,0,0,NA
"2000-04-15","Saturday","daily",FALSE,0,0,NA
"2000-04-16","Sunday","daily",FALSE,0,0,NA
"2000-04-17","Monday","daily",FALSE,0,0,NA
"2000-04-18","Tuesday","daily",FALSE,0,0,NA
"2000-04-19","Wednesday","daily",FALSE,0,0,NA
"2000-04-20","Thursday","daily",TRUE,4,0,NA
"2000-04-21","Friday","daily",FALSE,0,0,NA
"2000-04-22","Saturday","daily",FALSE,0,0,NA
"2000-04-23","Sunday","daily",FALSE,0,0,NA
"2000-04-24","Monday","daily",FALSE,0,0,NA
"2000-04-25","Tuesday","daily",FALSE,0,0,NA
"2000-04-26","Wednesday","daily",FALSE,0,0,NA
"2000-04-27","Thursday","daily",FALSE,0,0,NA
"2000-04-28","Friday","daily",FALSE,0,0,NA
"2000-04-29","Saturday","daily",FALSE,0,0,NA
"2000-04-30","Sunday","daily",FALSE,0,0,NA
"2000-05-01","Monday","daily",FALSE,0,0,NA
"2000-05-02","Tuesday","daily",FALSE,0,0,NA
"2000-05-03","Wednesday","daily",FALSE,0,0,NA
"2000-05-04","Thursday","daily",FALSE,0,0,NA
"2000-05-05","Friday","daily",FALSE,0,0,NA
"2000-05-06","Saturday","daily",FALSE,0,0,NA
"2000-05-07","Sunday","daily",FALSE,0,0,NA
"2000-05-08","Monday","daily",FALSE,0,0,NA
"2000-05-09","Tuesday","daily",FALSE,0,0,NA
"2000-05-10","Wednesday","daily",FALSE,0,0,NA
"2000-05-11","Thursday","daily",FALSE,0,0,NA
"2000-05-12","Friday","daily",FALSE,0,0,NA
"2000-05-13","Saturday","daily",FALSE,0,0,NA
"2000-05-14","Sunday","daily",FALSE,0,0,NA
"2000-05-15","Monday","daily",FALSE,0,0,NA
"2000-05-16","Tuesday","daily",FALSE,0,0,NA
"2000-05-17","Wednesday","daily",FALSE,0,0,NA
"2000-05-18","Thursday","daily",FALSE,0,0,NA
"2000-05-19","Friday","daily",FALSE,0,0,NA
"2000-05-20","Saturday","daily",FALSE,0,0,NA
"2000-05-21","Sunday","daily",FALSE,0,0,NA
"2000-05-22","Monday","daily",FALSE,0,0,NA
"2000-05-23","Tuesday","daily",FALSE,0,0,NA
"2000-05-24","Wednesday","daily",FALSE,0,0,NA
"2000-05-25","Thursday","daily",FALSE,0,0,NA
"2000-05-26","Friday","daily",FALSE,0,0,NA
"2000-05-27","Saturday","daily",FALSE,0,0,NA
"2000-05-28","Sunday","daily",FALSE,0,0,NA
"2000-05-29","Monday","daily",FALSE,0,0,NA
"2000-05-30","Tuesday","daily",FALSE,0,0,NA
"2000-05-31","Wednesday","daily",FALSE,0,0,NA
"2000-06-01","Thursday","daily",FALSE,0,0,NA
"2000-06-02","Friday","daily",FALSE,0,0,NA
"2000-06-03","Saturday","daily",FALSE,0,0,NA
"2000-06-04","Sunday","daily",FALSE,0,0,NA
"2000-06-05","Monday","daily",FALSE,0,0,NA
"2000-06-06","Tuesday","daily",FALSE,0,0,NA
"2000-06-07","Wednesday","daily",FALSE,0,0,NA
"2000-06-08","Thursday","daily",FALSE,0,0,NA
"2000-06-09","Friday","daily",FALSE,0,0,NA
"2000-06-10","Saturday","daily",FALSE,0,0,NA
"2000-06-11","Sunday","daily",FALSE,0,0,NA
"2000-06-12","Monday","daily",FALSE,0,0,NA
"2000-06-13","Tuesday","daily",FALSE,0,0,NA
"2000-06-14","Wednesday","daily",FALSE,0,0,NA
"2000-06-15","Thursday","daily",FALSE,0,0,NA
"2000-06-16","Friday","daily",FALSE,0,0,NA
"2000-06-17","Saturday","daily",FALSE,0,0,NA
"2000-06-18","Sunday","daily",FALSE,0,0,NA
"2000-06-19","Monday","daily",FALSE,0,0,NA
"2000-06-20","Tuesday","daily",FALSE,0,0,NA
"2000-06-21","Wednesday","daily",FALSE,0,0,NA
"2000-06-22","Thursday","daily",FALSE,0,0,NA
"2000-06-23","Friday","daily",FALSE,0,0,NA
"2000-06-24","Saturday","daily",FALSE,0,0,NA
"2000-06-25","Sunday","daily",FALSE,0,0,NA
"2000-06-26","Monday","daily",FALSE,0,0,NA
"2000-06-27","Tuesday","daily",FALSE,0,0,NA
"2000-06-28","Wednesday","daily",FALSE,0,0,NA
"2000-06-29","Thursday","daily",FALSE,0,0,NA
"2000-06-30","Friday","daily",FALSE,0,0,NA
"2000-07-01","Saturday","daily",FALSE,0,0,NA
"2000-07-02","Sunday","daily",TRUE,11,0,NA
"2000-07-03","Monday","daily",FALSE,0,0,NA
"2000-07-04","Tuesday","daily",FALSE,0,0,NA
"2000-07-05","Wednesday","daily",FALSE,0,0,NA
"2000-07-06","Thursday","daily",FALSE,0,0,NA
"2000-07-07","Friday","daily",FALSE,0,0,NA
"2000-07-08","Saturday","daily",FALSE,0,0,NA
"2000-07-09","Sunday","daily",FALSE,0,0,NA
"2000-07-10","Monday","daily",FALSE,0,0,NA
"2000-07-11","Tuesday","daily",FALSE,0,0,NA
"2000-07-12","Wednesday","daily",FALSE,0,0,NA
"2000-07-13","Thursday","daily",TRUE,6,0,NA
"2000-07-14","Friday","daily",FALSE,0,0,NA
"2000-07-15","Saturday","daily",FALSE,0,0,NA
"2000-07-16","Sunday","daily",FALSE,0,0,NA
"2000-07-17","Monday","daily",FALSE,0,0,NA
"2000-07-18","Tuesday","daily",FALSE,0,0,NA
"2000-07-19","Wednesday","daily",FALSE,0,0,NA
"2000-07-20","Thursday","daily",FALSE,0,0,NA
"2000-07-21","Friday","daily",FALSE,0,0,NA
"2000-07-22","Saturday","daily",FALSE,0,0,NA
"2000-07-23","Sunday","daily",FALSE,0,0,NA
"2000-07-24","Monday","daily",FALSE,0,0,NA
"2000-07-25","Tuesday","daily",FALSE,0,0,NA
"2000-07-26","Wednesday","daily",FALSE,0,0,NA
"2000-07-27","Thursday","daily",FALSE,0,0,NA
"2000-07-28","Friday","daily",FALSE,0,0,NA
"2000-07-29","Saturday","daily",FALSE,0,0,NA
"2000-07-30","Sunday","daily",FALSE,0,0,NA
"2000-07-31","Monday","daily",FALSE,0,0,NA
"2000-08-01","Tuesday","daily",FALSE,0,0,NA
"2000-08-02","Wednesday","daily",FALSE,0,0,NA
"2000-08-03","Thursday","daily",FALSE,0,0,NA
"2000-08-04","Friday","daily",FALSE,0,0,NA
"2000-08-05","Saturday","daily",FALSE,0,0,NA
"2000-08-06","Sunday","daily",FALSE,0,0,NA
"2000-08-07","Monday","daily",FALSE,0,0,NA
"2000-08-08","Tuesday","daily",FALSE,0,0,NA
"2000-08-09","Wednesday","daily",FALSE,0,0,NA
"2000-08-10","Thursday","daily",FALSE,0,0,NA
"2000-08-11","Friday","daily",FALSE,0,0,NA
"2000-08-12","Saturday","daily",FALSE,0,0,NA
"2000-08-13","Sunday","daily",FALSE,0,0,NA
"2000-08-14","Monday","daily",FALSE,0,0,NA
"2000-08-15","Tuesday","daily",FALSE,0,0,NA
"2000-08-16","Wednesday","daily",FALSE,0,0,NA
"2000-08-17","Thursday","daily",FALSE,0,0,NA
"2000-08-18","Friday","daily",FALSE,0,0,NA
"2000-08-19","Saturday","daily",FALSE,0,0,NA
"2000-08-20","Sunday","daily",FALSE,0,0,NA
"2000-08-21","Monday","daily",FALSE,0,0,NA
"2000-08-22","Tuesday","daily",FALSE,0,0,NA
"2000-08-23","Wednesday","daily",FALSE,0,0,NA
"2000-08-24","Thursday","daily",FALSE,0,0,NA
"2000-08-25","Friday","daily",FALSE,0,0,NA
"2000-08-26","Saturday","daily",FALSE,0,0,NA
"2000-08-27","Sunday","daily",FALSE,0,0,NA
"2000-08-28","Monday","daily",FALSE,0,0,NA
"2000-08-29","Tuesday","daily",FALSE,0,0,NA
"2000-08-30","Wednesday","daily",FALSE,0,0,NA
"2000-08-31","Thursday","daily",FALSE,0,0,NA
"2000-09-01","Friday","daily",FALSE,0,0,NA
"2000-09-02","Saturday","daily",FALSE,0,0,NA
"2000-09-03","Sunday","daily",FALSE,0,0,NA
"2000-09-04","Monday","daily",FALSE,0,0,NA
"2000-09-05","Tuesday","daily",FALSE,0,0,NA
"2000-09-06","Wednesday","daily",FALSE,0,0,NA
"2000-09-07","Thursday","daily",FALSE,0,0,NA
"2000-09-08","Friday","daily",FALSE,0,0,NA
"2000-09-09","Saturday","daily",FALSE,0,0,NA
"2000-09-10","Sunday","daily",TRUE,9,0,NA
"2000-09-11","Monday","daily",FALSE,0,0,NA
"2000-09-12","Tuesday","daily",FALSE,0,0,NA
"2000-09-13","Wednesday","daily",FALSE,0,4,NA
"2000-09-14","Thursday","daily",FALSE,0,0,NA
"2000-09-15","Friday","daily",FALSE,0,0,NA
"2000-09-16","Saturday","daily",FALSE,0,0,NA
"2000-09-17","Sunday","daily",FALSE,0,0,NA
"2000-09-18","Monday","daily",FALSE,0,0,NA
"2000-09-19","Tuesday","daily",FALSE,0,0,NA
"2000-09-20","Wednesday","daily",FALSE,0,0,NA
"2000-09-21","Thursday","daily",FALSE,0,0,NA
"2000-09-22","Friday","daily",FALSE,0,0,NA
"2000-09-23","Saturday","daily",FALSE,0,0,NA
"2000-09-24","Sunday","daily",FALSE,0,0,NA
"2000-09-25","Monday","daily",FALSE,0,0,NA
"2000-09-26","Tuesday","daily",FALSE,0,0,NA
"2000-09-27","Wednesday","daily",FALSE,0,0,NA
"2000-09-28","Thursday","daily",FALSE,0,0,NA
"2000-09-29","Friday","daily",FALSE,0,0,NA
"2000-09-30","Saturday","daily",FALSE,0,0,NA
"2000-10-01","Sunday","daily",FALSE,0,0,NA
"2000-10-02","Monday","daily",FALSE,0,0,NA
"2000-10-03","Tuesday","daily",FALSE,0,0,NA
"2000-10-04","Wednesday","daily",FALSE,0,0,NA
"2000-10-05","Thursday","daily",FALSE,0,0,NA
"2000-10-06","Friday","daily",FALSE,0,0,NA
"2000-10-07","Saturday","daily",FALSE,0,0,NA
"2000-10-08","Sunday","daily",FALSE,0,0,NA
"2000-10-09","Monday","daily",FALSE,0,0,NA
"2000-10-10","Tuesday","daily",FALSE,0,0,NA
"2000-10-11","Wednesday","daily",FALSE,0,0,NA
"2000-10-12","Thursday","daily",FALSE,0,0,NA
"2000-10-13","Friday","daily",FALSE,0,0,NA
"2000-10-14","Saturday","daily",FALSE,0,0,NA
"2000-10-15","Sunday","daily",FALSE,0,0,NA
"2000-10-16","Monday","daily",FALSE,0,0,NA
"2000-10-17","Tuesday","daily",FALSE,0,0,NA
"2000-10-18","Wednesday","daily",FALSE,0,0,NA
"2000-10-19","Thursday","daily",FALSE,0,0,NA
"2000-10-20","Friday","daily",FALSE,0,0,NA
"2000-10-21","Saturday","daily",FALSE,0,0,NA
"2000-10-22","Sunday","daily",FALSE,0,0,NA
"2000-10-23","Monday","daily",FALSE,0,0,NA
"2000-10-24","Tuesday","daily",FALSE,0,0,NA
"2000-10-25","Wednesday","daily",FALSE,0,0,NA
"2000-10-26","Thursday","daily",FALSE,0,0,NA
"2000-10-27","Friday","daily",FALSE,0,0,NA
"2000-10-28","Saturday","daily",TRUE,4,0,NA
"2000-10-29","Sunday","daily",FALSE,0,0,NA
"2000-10-30","Monday","daily",FALSE,0,0,NA
"2000-10-31","Tuesday","daily",FALSE,0,0,NA
"2000-11-01","Wednesday","daily",FALSE,0,0,NA
"2000-11-02","Thursday","daily",FALSE,0,0,NA
"2000-11-03","Friday","daily",FALSE,0,0,NA
"2000-11-04","Saturday","daily",FALSE,0,0,NA
"2000-11-05","Sunday","daily",FALSE,0,0,NA
"2000-11-06","Monday","daily",FALSE,0,0,NA
"2000-11-07","Tuesday","daily",FALSE,0,0,NA
"2000-11-08","Wednesday","daily",FALSE,0,0,NA
"2000-11-09","Thursday","daily",FALSE,0,0,NA
"2000-11-10","Friday","daily",FALSE,0,0,NA
"2000-11-11","Saturday","daily",FALSE,0,0,NA
"2000-11-12","Sunday","daily",FALSE,0,0,NA
"2000-11-13","Monday","daily",FALSE,0,0,NA
"2000-11-14","Tuesday","daily",FALSE,0,0,NA
"2000-11-15","Wednesday","daily",FALSE,0,0,NA
"2000-11-16","Thursday","daily",FALSE,0,0,NA
"2000-11-17","Friday","daily",FALSE,0,0,NA
"2000-11-18","Saturday","daily",FALSE,0,0,NA
"2000-11-19","Sunday","daily",FALSE,0,0,NA
"2000-11-20","Monday","daily",FALSE,0,0,NA
"2000-11-21","Tuesday","daily",FALSE,0,0,NA
"2000-11-22","Wednesday","daily",FALSE,0,0,NA
"2000-11-23","Thursday","daily",FALSE,0,0,NA
"2000-11-24","Friday","daily",FALSE,0,0,NA
"2000-11-25","Saturday","daily",FALSE,0,0,NA
"2000-11-26","Sunday","daily",FALSE,0,0,NA
"2000-11-27","Monday","daily",FALSE,0,0,NA
"2000-11-28","Tuesday","daily",FALSE,0,0,NA
"2000-11-29","Wednesday","daily",FALSE,0,0,NA
"2000-11-30","Thursday","daily",FALSE,0,0,NA
"2000-12-01","Friday","daily",FALSE,0,0,NA
"2000-12-02","Saturday","daily",FALSE,0,0,NA
"2000-12-03","Sunday","daily",FALSE,0,0,NA
"2000-12-04","Monday","daily",FALSE,0,0,NA
"2000-12-05","Tuesday","daily",FALSE,0,0,NA
"2000-12-06","Wednesday","daily",FALSE,0,0,NA
"2000-12-07","Thursday","daily",FALSE,0,0,NA
"2000-12-08","Friday","daily",FALSE,0,0,NA
"2000-12-09","Saturday","daily",FALSE,0,0,NA
"2000-12-10","Sunday","daily",FALSE,0,0,NA
"2000-12-11","Monday","daily",FALSE,0,0,NA
"2000-12-12","Tuesday","daily",FALSE,0,0,NA
"2000-12-13","Wednesday","daily",FALSE,0,0,NA
"2000-12-14","Thursday","daily",TRUE,12,0,NA
"2000-12-15","Friday","daily",FALSE,0,0,NA
"2000-12-16","Saturday","daily",FALSE,0,0,NA
"2000-12-17","Sunday","daily",FALSE,0,0,NA
"2000-12-18","Monday","daily",FALSE,0,0,NA
"2000-12-19","Tuesday","daily",FALSE,0,0,NA
"2000-12-20","Wednesday","daily",FALSE,0,0,NA
"2000-12-21","Thursday","daily",FALSE,0,0,NA
"2000-12-22","Friday","daily",FALSE,0,0,NA
"2000-12-23","Saturday","daily",FALSE,0,0,NA
"2000-12-24","Sunday","daily",FALSE,0,0,NA
"2000-12-25","Monday","daily",FALSE,0,0,NA
"2000-12-26","Tuesday","daily",FALSE,0,0,NA
"2000-12-27","Wednesday","daily",FALSE,0,0,NA
"2000-12-28","Thursday","daily",FALSE,0,0,NA
"2000-12-29","Friday","daily",FALSE,0,8,NA
"2000-12-30","Saturday","daily",FALSE,0,0,NA
"2000-12-31","Sunday","daily",TRUE,3,9,NA
"2001-01-01","Monday","daily",FALSE,0,0,NA
"2001-01-02","Tuesday","daily",FALSE,0,0,NA
"2001-01-03","Wednesday","daily",FALSE,0,0,NA
"2001-01-04","Thursday","daily",FALSE,0,0,NA
"2001-01-05","Friday","daily",FALSE,0,0,NA
"2001-01-06","Saturday","daily",FALSE,0,0,NA
"2001-01-07","Sunday","daily",FALSE,0,0,NA
"2001-01-08","Monday","daily",FALSE,0,0,NA
"2001-01-09","Tuesday","daily",FALSE,0,0,NA
"2001-01-10","Wednesday","daily",FALSE,0,0,NA
"2001-01-11","Thursday","daily",FALSE,0,0,NA
"2001-01-12","Friday","daily",FALSE,0,0,NA
"2001-01-13","Saturday","daily",FALSE,0,0,NA
"2001-01-14","Sunday","daily",FALSE,0,0,NA
"2001-01-15","Monday","daily",FALSE,0,0,NA
"2001-01-16","Tuesday","daily",FALSE,0,0,NA
"2001-01-17","Wednesday","daily",FALSE,0,0,NA
"2001-01-18","Thursday","daily",FALSE,0,0,NA
"2001-01-19","Friday","daily",FALSE,0,0,NA
"2001-01-20","Saturday","daily",FALSE,0,0,NA
"2001-01-21","Sunday","daily",FALSE,0,0,NA
"2001-01-22","Monday","daily",FALSE,0,0,NA
"2001-01-23","Tuesday","daily",FALSE,0,0,NA
"2001-01-24","Wednesday","daily",FALSE,0,0,NA
"2001-01-25","Thursday","daily",FALSE,0,0,NA
"2001-01-26","Friday","daily",FALSE,0,0,NA
"2001-01-27","Saturday","daily",FALSE,0,0,NA
"2001-01-28","Sunday","daily",FALSE,0,0,NA
"2001-01-29","Monday","daily",FALSE,0,0,NA
"2001-01-30","Tuesday","daily",FALSE,0,0,NA
"2001-01-31","Wednesday","daily",FALSE,0,0,NA
"2001-02-01","Thursday","daily",FALSE,0,0,NA
"2001-02-02","Friday","daily",FALSE,0,0,NA
"2001-02-03","Saturday","daily",FALSE,0,0,NA
"2001-02-04","Sunday","daily",FALSE,0,0,NA
"2001-02-05","Monday","daily",FALSE,0,0,NA
"2001-02-06","Tuesday","daily",FALSE,0,0,NA
"2001-02-07","Wednesday","daily",FALSE,0,0,NA
"2001-02-08","Thursday","daily",FALSE,0,0,NA
"2001-02-09","Friday","daily",FALSE,0,0,NA
"2001-02-10","Saturday","daily",FALSE,0,0,NA
"2001-02-11","Sunday","daily",FALSE,0,0,NA
"2001-02-12","Monday","daily",FALSE,0,0,NA
"2001-02-13","Tuesday","daily",FALSE,0,0,NA
"2001-02-14","Wednesday","daily",FALSE,0,0,NA
"2001-02-15","Thursday","daily",FALSE,0,0,NA
"2001-02-16","Friday","daily",FALSE,0,0,NA
"2001-02-17","Saturday","daily",FALSE,0,0,NA
"2001-02-18","Sunday","daily",FALSE,0,0,NA
"2001-02-19","Monday","daily",FALSE,0,0,NA
"2001-02-20","Tuesday","daily",FALSE,0,0,NA
"2001-02-21","Wednesday","daily",FALSE,0,0,NA
"2001-02-22","Thursday","daily",FALSE,0,0,NA
"2001-02-23","Friday","daily",FALSE,0,0,NA
"2001-02-24","Saturday","daily",FALSE,0,0,NA
"2001-02-25","Sunday","daily",FALSE,0,0,NA
"2001-02-26","Monday","daily",FALSE,0,0,NA
"2001-02-27","Tuesday","daily",FALSE,0,0,NA
"2001-02-28","Wednesday","daily",FALSE,0,0,NA
"2001-03-01","Thursday","daily",FALSE,0,0,NA
"2001-03-02","Friday","daily",FALSE,0,0,NA
"2001-03-03","Saturday","daily",FALSE,0,0,NA
"2001-03-04","Sunday","daily",FALSE,0,0,NA
"2001-03-05","Monday","daily",FALSE,0,0,NA
"2001-03-06","Tuesday","daily",FALSE,0,0,NA
"2001-03-07","Wednesday","daily",FALSE,0,0,NA
"2001-03-08","Thursday","daily",TRUE,20,0,NA
"2001-03-09","Friday","daily",FALSE,0,0,NA
"2001-03-10","Saturday","daily",FALSE,0,0,NA
"2001-03-11","Sunday","daily",FALSE,0,0,NA
"2001-03-12","Monday","daily",FALSE,0,0,NA
"2001-03-13","Tuesday","daily",FALSE,0,0,NA
"2001-03-14","Wednesday","daily",FALSE,0,0,NA
"2001-03-15","Thursday","daily",FALSE,0,0,NA
"2001-03-16","Friday","daily",FALSE,0,0,NA
"2001-03-17","Saturday","daily",FALSE,0,0,NA
"2001-03-18","Sunday","daily",FALSE,0,0,NA
"2001-03-19","Monday","daily",FALSE,0,0,NA
"2001-03-20","Tuesday","daily",FALSE,0,0,NA
"2001-03-21","Wednesday","daily",FALSE,0,0,NA
"2001-03-22","Thursday","daily",FALSE,0,0,NA
"2001-03-23","Friday","daily",FALSE,0,0,NA
"2001-03-24","Saturday","daily",FALSE,0,0,NA
"2001-03-25","Sunday","daily",FALSE,0,0,NA
"2001-03-26","Monday","daily",FALSE,0,0,NA
"2001-03-27","Tuesday","daily",FALSE,0,0,NA
"2001-03-28","Wednesday","daily",FALSE,0,0,NA
"2001-03-29","Thursday","daily",FALSE,0,0,NA
"2001-03-30","Friday","daily",FALSE,0,0,NA
"2001-03-31","Saturday","daily",FALSE,0,0,NA
"2001-04-01","Sunday","daily",FALSE,0,0,NA
"2001-04-02","Monday","daily",FALSE,0,0,NA
"2001-04-03","Tuesday","daily",FALSE,0,0,NA
"2001-04-04","Wednesday","daily",FALSE,0,0,NA
"2001-04-05","Thursday","daily",FALSE,0,0,NA
"2001-04-06","Friday","daily",FALSE,0,0,NA
"2001-04-07","Saturday","daily",FALSE,0,0,NA
"2001-04-08","Sunday","daily",FALSE,0,0,NA
"2001-04-09","Monday","daily",FALSE,0,0,NA
"2001-04-10","Tuesday","daily",FALSE,0,0,NA
"2001-04-11","Wednesday","daily",FALSE,0,0,NA
"2001-04-12","Thursday","daily",FALSE,0,0,NA
"2001-04-13","Friday","daily",FALSE,0,0,NA
"2001-04-14","Saturday","daily",FALSE,0,0,NA
"2001-04-15","Sunday","daily",FALSE,0,0,NA
"2001-04-16","Monday","daily",FALSE,0,0,NA
"2001-04-17","Tuesday","daily",FALSE,0,0,NA
"2001-04-18","Wednesday","daily",FALSE,0,0,NA
"2001-04-19","Thursday","daily",TRUE,5,0,NA
"2001-04-20","Friday","daily",FALSE,0,0,NA
"2001-04-21","Saturday","daily",FALSE,0,0,NA
"2001-04-22","Sunday","daily",FALSE,0,0,NA
"2001-04-23","Monday","daily",FALSE,0,0,NA
"2001-04-24","Tuesday","daily",FALSE,0,0,NA
"2001-04-25","Wednesday","daily",FALSE,0,0,NA
"2001-04-26","Thursday","daily",FALSE,0,0,NA
"2001-04-27","Friday","daily",FALSE,0,0,NA
"2001-04-28","Saturday","daily",FALSE,0,0,NA
"2001-04-29","Sunday","daily",FALSE,0,0,NA
"2001-04-30","Monday","daily",FALSE,0,0,NA
"2001-05-01","Tuesday","daily",FALSE,0,0,NA
"2001-05-02","Wednesday","daily",FALSE,0,0,NA
"2001-05-03","Thursday","daily",FALSE,0,0,NA
"2001-05-04","Friday","daily",FALSE,0,0,NA
"2001-05-05","Saturday","daily",FALSE,0,0,NA
"2001-05-06","Sunday","daily",FALSE,0,0,NA
"2001-05-07","Monday","daily",FALSE,0,0,NA
"2001-05-08","Tuesday","daily",FALSE,0,0,NA
"2001-05-09","Wednesday","daily",FALSE,0,0,NA
"2001-05-10","Thursday","daily",FALSE,0,0,NA
"2001-05-11","Friday","daily",FALSE,0,0,NA
"2001-05-12","Saturday","daily",FALSE,0,0,NA
"2001-05-13","Sunday","daily",FALSE,0,0,NA
"2001-05-14","Monday","daily",FALSE,0,0,NA
"2001-05-15","Tuesday","daily",FALSE,0,0,NA
"2001-05-16","Wednesday","daily",FALSE,0,0,NA
"2001-05-17","Thursday","daily",FALSE,0,0,NA
"2001-05-18","Friday","daily",FALSE,0,0,NA
"2001-05-19","Saturday","daily",FALSE,0,0,NA
"2001-05-20","Sunday","daily",FALSE,0,0,NA
"2001-05-21","Monday","daily",FALSE,0,0,NA
"2001-05-22","Tuesday","daily",FALSE,0,0,NA
"2001-05-23","Wednesday","daily",FALSE,0,0,NA
"2001-05-24","Thursday","daily",FALSE,0,0,NA
"2001-05-25","Friday","daily",FALSE,0,0,NA
"2001-05-26","Saturday","daily",FALSE,0,0,NA
"2001-05-27","Sunday","daily",FALSE,0,0,NA
"2001-05-28","Monday","daily",FALSE,0,0,NA
"2001-05-29","Tuesday","daily",FALSE,0,0,NA
"2001-05-30","Wednesday","daily",FALSE,0,0,NA
"2001-05-31","Thursday","daily",TRUE,8,0,NA
"2001-06-01","Friday","daily",FALSE,0,0,NA
"2001-06-02","Saturday","daily",FALSE,0,0,NA
"2001-06-03","Sunday","daily",FALSE,0,0,NA
"2001-06-04","Monday","daily",FALSE,0,0,NA
"2001-06-05","Tuesday","daily",FALSE,0,0,NA
"2001-06-06","Wednesday","daily",FALSE,0,0,NA
"2001-06-07","Thursday","daily",FALSE,0,0,NA
"2001-06-08","Friday","daily",FALSE,0,0,NA
"2001-06-09","Saturday","daily",FALSE,0,0,NA
"2001-06-10","Sunday","daily",FALSE,0,0,NA
"2001-06-11","Monday","daily",FALSE,0,0,NA
"2001-06-12","Tuesday","daily",FALSE,0,0,NA
"2001-06-13","Wednesday","daily",FALSE,0,0,NA
"2001-06-14","Thursday","daily",FALSE,0,0,NA
"2001-06-15","Friday","daily",FALSE,0,0,NA
"2001-06-16","Saturday","daily",FALSE,0,0,NA
"2001-06-17","Sunday","daily",FALSE,0,0,NA
"2001-06-18","Monday","daily",FALSE,0,0,NA
"2001-06-19","Tuesday","daily",FALSE,0,0,NA
"2001-06-20","Wednesday","daily",FALSE,0,0,NA
"2001-06-21","Thursday","daily",FALSE,0,0,NA
"2001-06-22","Friday","daily",FALSE,0,0,NA
"2001-06-23","Saturday","daily",FALSE,0,0,NA
"2001-06-24","Sunday","daily",FALSE,0,0,NA
"2001-06-25","Monday","daily",FALSE,0,0,NA
"2001-06-26","Tuesday","daily",FALSE,0,0,NA
"2001-06-27","Wednesday","daily",FALSE,0,0,NA
"2001-06-28","Thursday","daily",FALSE,0,0,NA
"2001-06-29","Friday","daily",FALSE,0,0,NA
"2001-06-30","Saturday","daily",FALSE,0,0,NA
"2001-07-01","Sunday","daily",FALSE,0,0,NA
"2001-07-02","Monday","daily",FALSE,0,0,NA
"2001-07-03","Tuesday","daily",FALSE,0,0,NA
"2001-07-04","Wednesday","daily",FALSE,0,0,NA
"2001-07-05","Thursday","daily",TRUE,10,0,NA
"2001-07-06","Friday","daily",FALSE,0,0,NA
"2001-07-07","Saturday","daily",FALSE,0,0,NA
"2001-07-08","Sunday","daily",FALSE,0,0,NA
"2001-07-09","Monday","daily",FALSE,0,0,NA
"2001-07-10","Tuesday","daily",FALSE,0,0,NA
"2001-07-11","Wednesday","daily",FALSE,0,0,NA
"2001-07-12","Thursday","daily",FALSE,0,0,NA
"2001-07-13","Friday","daily",FALSE,0,0,NA
"2001-07-14","Saturday","daily",FALSE,0,0,NA
"2001-07-15","Sunday","daily",FALSE,0,0,NA
"2001-07-16","Monday","daily",FALSE,0,0,NA
"2001-07-17","Tuesday","daily",FALSE,0,0,NA
"2001-07-18","Wednesday","daily",FALSE,0,0,NA
"2001-07-19","Thursday","daily",FALSE,0,0,NA
"2001-07-20","Friday","daily",FALSE,0,0,NA
"2001-07-21","Saturday","daily",FALSE,0,0,NA
"2001-07-22","Sunday","daily",FALSE,0,0,NA
"2001-07-23","Monday","daily",FALSE,0,0,NA
"2001-07-24","Tuesday","daily",FALSE,0,0,NA
"2001-07-25","Wednesday","daily",FALSE,0,0,NA
"2001-07-26","Thursday","daily",FALSE,0,0,NA
"2001-07-27","Friday","daily",FALSE,0,0,NA
"2001-07-28","Saturday","daily",FALSE,0,0,NA
"2001-07-29","Sunday","daily",FALSE,0,0,NA
"2001-07-30","Monday","daily",FALSE,0,0,NA
"2001-07-31","Tuesday","daily",FALSE,0,0,NA
"2001-08-01","Wednesday","daily",FALSE,0,0,NA
"2001-08-02","Thursday","daily",FALSE,0,0,NA
"2001-08-03","Friday","daily",FALSE,0,0,NA
"2001-08-04","Saturday","daily",FALSE,0,0,NA
"2001-08-05","Sunday","daily",FALSE,0,0,NA
"2001-08-06","Monday","daily",FALSE,0,0,NA
"2001-08-07","Tuesday","daily",FALSE,0,0,NA
"2001-08-08","Wednesday","daily",FALSE,0,0,NA
"2001-08-09","Thursday","daily",FALSE,0,0,NA
"2001-08-10","Friday","daily",FALSE,0,0,NA
"2001-08-11","Saturday","daily",FALSE,0,0,NA
"2001-08-12","Sunday","daily",TRUE,22,0,NA
"2001-08-13","Monday","daily",FALSE,0,0,NA
"2001-08-14","Tuesday","daily",FALSE,0,0,NA
"2001-08-15","Wednesday","daily",FALSE,0,0,NA
"2001-08-16","Thursday","daily",FALSE,0,0,NA
"2001-08-17","Friday","daily",FALSE,0,0,NA
"2001-08-18","Saturday","daily",FALSE,0,0,NA
"2001-08-19","Sunday","daily",FALSE,0,0,NA
"2001-08-20","Monday","daily",FALSE,0,0,NA
"2001-08-21","Tuesday","daily",FALSE,0,0,NA
"2001-08-22","Wednesday","daily",FALSE,0,0,NA
"2001-08-23","Thursday","daily",FALSE,0,0,NA
"2001-08-24","Friday","daily",FALSE,0,0,NA
"2001-08-25","Saturday","daily",FALSE,0,0,NA
"2001-08-26","Sunday","daily",FALSE,0,0,NA
"2001-08-27","Monday","daily",FALSE,0,0,NA
"2001-08-28","Tuesday","daily",FALSE,0,0,NA
"2001-08-29","Wednesday","daily",FALSE,0,0,NA
"2001-08-30","Thursday","daily",FALSE,0,0,NA
"2001-08-31","Friday","daily",FALSE,0,0,NA
"2001-09-01","Saturday","daily",FALSE,0,0,NA
"2001-09-02","Sunday","daily",FALSE,0,0,NA
"2001-09-03","Monday","daily",FALSE,0,0,NA
"2001-09-04","Tuesday","daily",FALSE,0,0,NA
"2001-09-05","Wednesday","daily",FALSE,0,0,NA
"2001-09-06","Thursday","daily",FALSE,0,0,NA
"2001-09-07","Friday","daily",FALSE,0,0,NA
"2001-09-08","Saturday","daily",FALSE,0,0,NA
"2001-09-09","Sunday","daily",FALSE,0,0,NA
"2001-09-10","Monday","daily",FALSE,0,0,NA
"2001-09-11","Tuesday","daily",FALSE,0,0,NA
"2001-09-12","Wednesday","daily",FALSE,0,0,NA
"2001-09-13","Thursday","daily",FALSE,0,0,NA
"2001-09-14","Friday","daily",FALSE,0,0,NA
"2001-09-15","Saturday","daily",FALSE,0,0,NA
"2001-09-16","Sunday","daily",FALSE,0,0,NA
"2001-09-17","Monday","daily",FALSE,0,0,NA
"2001-09-18","Tuesday","daily",FALSE,0,0,NA
"2001-09-19","Wednesday","daily",FALSE,0,2,NA
"2001-09-20","Thursday","daily",FALSE,0,0,NA
"2001-09-21","Friday","daily",FALSE,0,0,NA
"2001-09-22","Saturday","daily",FALSE,0,0,NA
"2001-09-23","Sunday","daily",FALSE,0,0,NA
"2001-09-24","Monday","daily",FALSE,0,0,NA
"2001-09-25","Tuesday","daily",FALSE,0,0,NA
"2001-09-26","Wednesday","daily",FALSE,0,0,NA
"2001-09-27","Thursday","daily",FALSE,0,0,NA
"2001-09-28","Friday","daily",FALSE,0,0,NA
"2001-09-29","Saturday","daily",FALSE,0,0,NA
"2001-09-30","Sunday","daily",FALSE,0,0,NA
"2001-10-01","Monday","daily",FALSE,0,0,NA
"2001-10-02","Tuesday","daily",FALSE,0,0,NA
"2001-10-03","Wednesday","daily",FALSE,0,0,NA
"2001-10-04","Thursday","daily",FALSE,0,0,NA
"2001-10-05","Friday","daily",FALSE,0,0,NA
"2001-10-06","Saturday","daily",FALSE,0,0,NA
"2001-10-07","Sunday","daily",FALSE,0,0,NA
"2001-10-08","Monday","daily",FALSE,0,0,NA
"2001-10-09","Tuesday","daily",FALSE,0,0,NA
"2001-10-10","Wednesday","daily",FALSE,0,0,NA
"2001-10-11","Thursday","daily",FALSE,0,0,NA
"2001-10-12","Friday","daily",FALSE,0,0,NA
"2001-10-13","Saturday","daily",FALSE,0,0,NA
"2001-10-14","Sunday","daily",FALSE,0,0,NA
"2001-10-15","Monday","daily",FALSE,0,0,NA
"2001-10-16","Tuesday","daily",FALSE,0,0,NA
"2001-10-17","Wednesday","daily",FALSE,0,0,NA
"2001-10-18","Thursday","daily",TRUE,6,0,NA
"2001-10-19","Friday","daily",FALSE,0,0,NA
"2001-10-20","Saturday","daily",FALSE,0,0,NA
"2001-10-21","Sunday","daily",FALSE,0,0,NA
"2001-10-22","Monday","daily",FALSE,0,0,NA
"2001-10-23","Tuesday","daily",FALSE,0,0,NA
"2001-10-24","Wednesday","daily",FALSE,0,0,NA
"2001-10-25","Thursday","daily",FALSE,0,0,NA
"2001-10-26","Friday","daily",FALSE,0,0,NA
"2001-10-27","Saturday","daily",FALSE,0,0,NA
"2001-10-28","Sunday","daily",FALSE,0,0,NA
"2001-10-29","Monday","daily",FALSE,0,0,NA
"2001-10-30","Tuesday","daily",FALSE,0,0,NA
"2001-10-31","Wednesday","daily",FALSE,0,0,NA
"2001-11-01","Thursday","daily",FALSE,0,0,NA
"2001-11-02","Friday","daily",FALSE,0,0,NA
"2001-11-03","Saturday","daily",FALSE,0,0,NA
"2001-11-04","Sunday","daily",FALSE,0,0,NA
"2001-11-05","Monday","daily",FALSE,0,0,NA
"2001-11-06","Tuesday","daily",FALSE,0,0,NA
"2001-11-07","Wednesday","daily",FALSE,0,0,NA
"2001-11-08","Thursday","daily",FALSE,0,0,NA
"2001-11-09","Friday","daily",FALSE,0,0,NA
"2001-11-10","Saturday","daily",FALSE,0,0,NA
"2001-11-11","Sunday","daily",FALSE,0,0,NA
"2001-11-12","Monday","daily",FALSE,0,0,NA
"2001-11-13","Tuesday","daily",FALSE,0,0,NA
"2001-11-14","Wednesday","daily",FALSE,0,0,NA
"2001-11-15","Thursday","daily",FALSE,0,0,NA
"2001-11-16","Friday","daily",FALSE,0,0,NA
"2001-11-17","Saturday","daily",FALSE,0,0,NA
"2001-11-18","Sunday","daily",FALSE,0,0,NA
"2001-11-19","Monday","daily",FALSE,0,0,NA
"2001-11-20","Tuesday","daily",FALSE,0,0,NA
"2001-11-21","Wednesday","daily",FALSE,0,0,NA
"2001-11-22","Thursday","daily",FALSE,0,0,NA
"2001-11-23","Friday","daily",FALSE,0,0,NA
"2001-11-24","Saturday","daily",FALSE,0,0,NA
"2001-11-25","Sunday","daily",FALSE,0,0,NA
"2001-11-26","Monday","daily",FALSE,0,0,NA
"2001-11-27","Tuesday","daily",FALSE,0,0,NA
"2001-11-28","Wednesday","daily",FALSE,0,0,NA
"2001-11-29","Thursday","daily",FALSE,0,0,NA
"2001-11-30","Friday","daily",FALSE,0,0,NA
"2001-12-01","Saturday","daily",FALSE,0,0,NA
"2001-12-02","Sunday","daily",TRUE,9,0,NA
"2001-12-03","Monday","daily",FALSE,0,0,NA
"2001-12-04","Tuesday","daily",FALSE,0,0,NA
"2001-12-05","Wednesday","daily",FALSE,0,0,NA
"2001-12-06","Thursday","daily",FALSE,0,0,NA
"2001-12-07","Friday","daily",FALSE,0,0,NA
"2001-12-08","Saturday","daily",FALSE,0,0,NA
"2001-12-09","Sunday","daily",FALSE,0,0,NA
"2001-12-10","Monday","daily",FALSE,0,0,NA
"2001-12-11","Tuesday","daily",FALSE,0,0,NA
"2001-12-12","Wednesday","daily",FALSE,0,0,NA
"2001-12-13","Thursday","daily",FALSE,0,0,NA
"2001-12-14","Friday","daily",FALSE,0,0,NA
"2001-12-15","Saturday","daily",FALSE,0,0,NA
"2001-12-16","Sunday","daily",FALSE,0,0,NA
"2001-12-17","Monday","daily",FALSE,0,0,NA
"2001-12-18","Tuesday","daily",FALSE,0,0,NA
"2001-12-19","Wednesday","daily",FALSE,0,0,NA
"2001-12-20","Thursday","daily",FALSE,0,0,NA
"2001-12-21","Friday","daily",FALSE,0,0,NA
"2001-12-22","Saturday","daily",FALSE,0,0,NA
"2001-12-23","Sunday","daily",FALSE,0,0,NA
"2001-12-24","Monday","daily",FALSE,0,0,NA
"2001-12-25","Tuesday","daily",FALSE,0,0,NA
"2001-12-26","Wednesday","daily",FALSE,0,0,NA
"2001-12-27","Thursday","daily",FALSE,0,0,NA
"2001-12-28","Friday","daily",FALSE,0,0,NA
"2001-12-29","Saturday","daily",FALSE,0,0,NA
"2001-12-30","Sunday","daily",TRUE,12,2,NA
"2001-12-31","Monday","daily",FALSE,0,0,NA
"2002-01-01","Tuesday","daily",FALSE,0,4,NA
"2002-01-02","Wednesday","daily",FALSE,0,0,NA
"2002-01-03","Thursday","daily",FALSE,0,0,NA
"2002-01-04","Friday","daily",FALSE,0,0,NA
"2002-01-05","Saturday","daily",FALSE,0,0,NA
"2002-01-06","Sunday","daily",FALSE,0,0,NA
"2002-01-07","Monday","daily",FALSE,0,0,NA
"2002-01-08","Tuesday","daily",FALSE,0,0,NA
"2002-01-09","Wednesday","daily",FALSE,0,0,NA
"2002-01-10","Thursday","daily",FALSE,0,0,NA
"2002-01-11","Friday","daily",FALSE,0,0,NA
"2002-01-12","Saturday","daily",FALSE,0,0,NA
"2002-01-13","Sunday","daily",FALSE,0,0,NA
"2002-01-14","Monday","daily",FALSE,0,0,NA
"2002-01-15","Tuesday","daily",FALSE,0,0,NA
"2002-01-16","Wednesday","daily",FALSE,0,0,NA
"2002-01-17","Thursday","daily",FALSE,0,0,NA
"2002-01-18","Friday","daily",FALSE,0,0,NA
"2002-01-19","Saturday","daily",FALSE,0,0,NA
"2002-01-20","Sunday","daily",FALSE,0,0,NA
"2002-01-21","Monday","daily",FALSE,0,0,NA
"2002-01-22","Tuesday","daily",FALSE,0,0,NA
"2002-01-23","Wednesday","daily",FALSE,0,0,NA
"2002-01-24","Thursday","daily",FALSE,0,0,NA
"2002-01-25","Friday","daily",FALSE,0,0,NA
"2002-01-26","Saturday","daily",FALSE,0,0,NA
"2002-01-27","Sunday","daily",FALSE,0,0,NA
"2002-01-28","Monday","daily",FALSE,0,0,NA
"2002-01-29","Tuesday","daily",FALSE,0,0,NA
"2002-01-30","Wednesday","daily",FALSE,0,0,NA
"2002-01-31","Thursday","daily",TRUE,4,0,NA
"2002-02-01","Friday","daily",FALSE,0,0,NA
"2002-02-02","Saturday","daily",FALSE,0,0,NA
"2002-02-03","Sunday","daily",FALSE,0,0,NA
"2002-02-04","Monday","daily",FALSE,0,0,NA
"2002-02-05","Tuesday","daily",FALSE,0,0,NA
"2002-02-06","Wednesday","daily",FALSE,0,0,NA
"2002-02-07","Thursday","daily",FALSE,0,0,NA
"2002-02-08","Friday","daily",FALSE,0,0,NA
"2002-02-09","Saturday","daily",FALSE,0,0,NA
"2002-02-10","Sunday","daily",FALSE,0,0,NA
"2002-02-11","Monday","daily",FALSE,0,0,NA
"2002-02-12","Tuesday","daily",FALSE,0,0,NA
"2002-02-13","Wednesday","daily",FALSE,0,0,NA
"2002-02-14","Thursday","daily",FALSE,0,0,NA
"2002-02-15","Friday","daily",FALSE,0,0,NA
"2002-02-16","Saturday","daily",FALSE,0,0,NA
"2002-02-17","Sunday","daily",FALSE,0,0,NA
"2002-02-18","Monday","daily",FALSE,0,0,NA
"2002-02-19","Tuesday","daily",FALSE,0,0,NA
"2002-02-20","Wednesday","daily",FALSE,0,0,NA
"2002-02-21","Thursday","daily",FALSE,0,0,NA
"2002-02-22","Friday","daily",FALSE,0,0,NA
"2002-02-23","Saturday","daily",FALSE,0,0,NA
"2002-02-24","Sunday","daily",FALSE,0,0,NA
"2002-02-25","Monday","daily",FALSE,0,0,NA
"2002-02-26","Tuesday","daily",FALSE,0,0,NA
"2002-02-27","Wednesday","daily",FALSE,0,0,NA
"2002-02-28","Thursday","daily",FALSE,0,0,NA
"2002-03-01","Friday","daily",FALSE,0,0,NA
"2002-03-02","Saturday","daily",FALSE,0,0,NA
"2002-03-03","Sunday","daily",TRUE,9,0,NA
"2002-03-04","Monday","daily",FALSE,0,0,NA
"2002-03-05","Tuesday","daily",FALSE,0,0,NA
"2002-03-06","Wednesday","daily",FALSE,0,0,NA
"2002-03-07","Thursday","daily",FALSE,0,0,NA
"2002-03-08","Friday","daily",FALSE,0,0,NA
"2002-03-09","Saturday","daily",FALSE,0,0,NA
"2002-03-10","Sunday","daily",FALSE,0,0,NA
"2002-03-11","Monday","daily",FALSE,0,0,NA
"2002-03-12","Tuesday","daily",FALSE,0,0,NA
"2002-03-13","Wednesday","daily",FALSE,0,0,NA
"2002-03-14","Thursday","daily",FALSE,0,0,NA
"2002-03-15","Friday","daily",FALSE,0,0,NA
"2002-03-16","Saturday","daily",FALSE,0,0,NA
"2002-03-17","Sunday","daily",FALSE,0,0,NA
"2002-03-18","Monday","daily",FALSE,0,0,NA
"2002-03-19","Tuesday","daily",FALSE,0,0,NA
"2002-03-20","Wednesday","daily",FALSE,0,0,NA
"2002-03-21","Thursday","daily",FALSE,0,0,NA
"2002-03-22","Friday","daily",FALSE,0,0,NA
"2002-03-23","Saturday","daily",FALSE,0,0,NA
"2002-03-24","Sunday","daily",FALSE,0,0,NA
"2002-03-25","Monday","daily",FALSE,0,0,NA
"2002-03-26","Tuesday","daily",FALSE,0,0,NA
"2002-03-27","Wednesday","daily",FALSE,0,0,NA
"2002-03-28","Thursday","daily",FALSE,0,0,NA
"2002-03-29","Friday","daily",FALSE,0,0,NA
"2002-03-30","Saturday","daily",FALSE,0,0,NA
"2002-03-31","Sunday","daily",FALSE,0,0,NA
"2002-04-01","Monday","daily",FALSE,0,0,NA
"2002-04-02","Tuesday","daily",FALSE,0,0,NA
"2002-04-03","Wednesday","daily",FALSE,0,0,NA
"2002-04-04","Thursday","daily",TRUE,8,0,NA
"2002-04-05","Friday","daily",FALSE,0,0,NA
"2002-04-06","Saturday","daily",FALSE,0,0,NA
"2002-04-07","Sunday","daily",FALSE,0,0,NA
"2002-04-08","Monday","daily",FALSE,0,0,NA
"2002-04-09","Tuesday","daily",FALSE,0,0,NA
"2002-04-10","Wednesday","daily",FALSE,0,0,NA
"2002-04-11","Thursday","daily",FALSE,0,0,NA
"2002-04-12","Friday","daily",FALSE,0,0,NA
"2002-04-13","Saturday","daily",FALSE,0,0,NA
"2002-04-14","Sunday","daily",FALSE,0,0,NA
"2002-04-15","Monday","daily",FALSE,0,0,NA
"2002-04-16","Tuesday","daily",FALSE,0,0,NA
"2002-04-17","Wednesday","daily",FALSE,0,0,NA
"2002-04-18","Thursday","daily",TRUE,8,0,NA
"2002-04-19","Friday","daily",FALSE,0,0,NA
"2002-04-20","Saturday","daily",FALSE,0,0,NA
"2002-04-21","Sunday","daily",FALSE,0,0,NA
"2002-04-22","Monday","daily",FALSE,0,0,NA
"2002-04-23","Tuesday","daily",FALSE,0,0,NA
"2002-04-24","Wednesday","daily",FALSE,0,0,NA
"2002-04-25","Thursday","daily",FALSE,0,0,NA
"2002-04-26","Friday","daily",FALSE,0,0,NA
"2002-04-27","Saturday","daily",FALSE,0,0,NA
"2002-04-28","Sunday","daily",FALSE,0,0,NA
"2002-04-29","Monday","daily",FALSE,0,0,NA
"2002-04-30","Tuesday","daily",FALSE,0,0,NA
"2002-05-01","Wednesday","daily",FALSE,0,0,NA
"2002-05-02","Thursday","daily",FALSE,0,0,NA
"2002-05-03","Friday","daily",FALSE,0,0,NA
"2002-05-04","Saturday","daily",FALSE,0,0,NA
"2002-05-05","Sunday","daily",FALSE,0,0,NA
"2002-05-06","Monday","daily",FALSE,0,0,NA
"2002-05-07","Tuesday","daily",FALSE,0,0,NA
"2002-05-08","Wednesday","daily",FALSE,0,0,NA
"2002-05-09","Thursday","daily",FALSE,0,0,NA
"2002-05-10","Friday","daily",FALSE,0,0,NA
"2002-05-11","Saturday","daily",FALSE,0,0,NA
"2002-05-12","Sunday","daily",FALSE,0,0,NA
"2002-05-13","Monday","daily",FALSE,0,0,NA
"2002-05-14","Tuesday","daily",FALSE,0,0,NA
"2002-05-15","Wednesday","daily",FALSE,0,0,NA
"2002-05-16","Thursday","daily",FALSE,0,0,NA
"2002-05-17","Friday","daily",FALSE,0,0,NA
"2002-05-18","Saturday","daily",FALSE,0,0,NA
"2002-05-19","Sunday","daily",FALSE,0,0,NA
"2002-05-20","Monday","daily",FALSE,0,0,NA
"2002-05-21","Tuesday","daily",FALSE,0,0,NA
"2002-05-22","Wednesday","daily",FALSE,0,0,NA
"2002-05-23","Thursday","daily",FALSE,0,0,NA
"2002-05-24","Friday","daily",FALSE,0,0,NA
"2002-05-25","Saturday","daily",FALSE,0,0,NA
"2002-05-26","Sunday","daily",FALSE,0,0,NA
"2002-05-27","Monday","daily",FALSE,0,0,NA
"2002-05-28","Tuesday","daily",FALSE,0,0,NA
"2002-05-29","Wednesday","daily",FALSE,0,0,NA
"2002-05-30","Thursday","daily",TRUE,17,0,NA
"2002-05-31","Friday","daily",FALSE,0,0,NA
"2002-06-01","Saturday","daily",FALSE,0,0,NA
"2002-06-02","Sunday","daily",FALSE,0,0,NA
"2002-06-03","Monday","daily",FALSE,0,0,NA
"2002-06-04","Tuesday","daily",FALSE,0,0,NA
"2002-06-05","Wednesday","daily",FALSE,0,0,NA
"2002-06-06","Thursday","daily",FALSE,0,0,NA
"2002-06-07","Friday","daily",FALSE,0,0,NA
"2002-06-08","Saturday","daily",FALSE,0,0,NA
"2002-06-09","Sunday","daily",TRUE,9,0,NA
"2002-06-10","Monday","daily",FALSE,0,0,NA
"2002-06-11","Tuesday","daily",FALSE,0,0,NA
"2002-06-12","Wednesday","daily",FALSE,0,0,NA
"2002-06-13","Thursday","daily",FALSE,0,0,NA
"2002-06-14","Friday","daily",FALSE,0,0,NA
"2002-06-15","Saturday","daily",FALSE,0,0,NA
"2002-06-16","Sunday","daily",FALSE,0,0,NA
"2002-06-17","Monday","daily",FALSE,0,0,NA
"2002-06-18","Tuesday","daily",FALSE,0,0,NA
"2002-06-19","Wednesday","daily",FALSE,0,0,NA
"2002-06-20","Thursday","daily",FALSE,0,0,NA
"2002-06-21","Friday","daily",FALSE,0,0,NA
"2002-06-22","Saturday","daily",FALSE,0,0,NA
"2002-06-23","Sunday","daily",FALSE,0,0,NA
"2002-06-24","Monday","daily",FALSE,0,0,NA
"2002-06-25","Tuesday","daily",FALSE,0,0,NA
"2002-06-26","Wednesday","daily",FALSE,0,0,NA
"2002-06-27","Thursday","daily",FALSE,0,0,NA
"2002-06-28","Friday","daily",FALSE,0,0,NA
"2002-06-29","Saturday","daily",FALSE,0,0,NA
"2002-06-30","Sunday","daily",FALSE,0,0,NA
"2002-07-01","Monday","daily",FALSE,0,0,NA
"2002-07-02","Tuesday","daily",FALSE,0,0,NA
"2002-07-03","Wednesday","daily",FALSE,0,0,NA
"2002-07-04","Thursday","daily",FALSE,0,0,NA
"2002-07-05","Friday","daily",FALSE,0,0,NA
"2002-07-06","Saturday","daily",FALSE,0,0,NA
"2002-07-07","Sunday","daily",FALSE,0,0,NA
"2002-07-08","Monday","daily",FALSE,0,0,NA
"2002-07-09","Tuesday","daily",FALSE,0,0,NA
"2002-07-10","Wednesday","daily",FALSE,0,0,NA
"2002-07-11","Thursday","daily",FALSE,0,0,NA
"2002-07-12","Friday","daily",FALSE,0,0,NA
"2002-07-13","Saturday","daily",FALSE,0,0,NA
"2002-07-14","Sunday","daily",FALSE,0,12,NA
"2002-07-15","Monday","daily",FALSE,0,0,NA
"2002-07-16","Tuesday","daily",FALSE,0,0,NA
"2002-07-17","Wednesday","daily",FALSE,0,0,NA
"2002-07-18","Thursday","daily",FALSE,0,0,NA
"2002-07-19","Friday","daily",FALSE,0,0,NA
"2002-07-20","Saturday","daily",FALSE,0,0,NA
"2002-07-21","Sunday","daily",TRUE,13,0,NA
"2002-07-22","Monday","daily",FALSE,0,0,NA
"2002-07-23","Tuesday","daily",FALSE,0,0,NA
"2002-07-24","Wednesday","daily",FALSE,0,0,NA
"2002-07-25","Thursday","daily",FALSE,0,0,NA
"2002-07-26","Friday","daily",FALSE,0,0,NA
"2002-07-27","Saturday","daily",FALSE,0,0,NA
"2002-07-28","Sunday","daily",FALSE,0,0,NA
"2002-07-29","Monday","daily",FALSE,0,0,NA
"2002-07-30","Tuesday","daily",FALSE,0,0,NA
"2002-07-31","Wednesday","daily",FALSE,0,0,NA
"2002-08-01","Thursday","daily",FALSE,0,0,NA
"2002-08-02","Friday","daily",FALSE,0,0,NA
"2002-08-03","Saturday","daily",FALSE,0,0,NA
"2002-08-04","Sunday","daily",FALSE,0,0,NA
"2002-08-05","Monday","daily",FALSE,0,0,NA
"2002-08-06","Tuesday","daily",FALSE,0,0,NA
"2002-08-07","Wednesday","daily",FALSE,0,0,NA
"2002-08-08","Thursday","daily",FALSE,0,0,NA
"2002-08-09","Friday","daily",FALSE,0,0,NA
"2002-08-10","Saturday","daily",FALSE,0,0,NA
"2002-08-11","Sunday","daily",FALSE,0,0,NA
"2002-08-12","Monday","daily",FALSE,0,0,NA
"2002-08-13","Tuesday","daily",FALSE,0,0,NA
"2002-08-14","Wednesday","daily",FALSE,0,0,NA
"2002-08-15","Thursday","daily",FALSE,0,0,NA
"2002-08-16","Friday","daily",FALSE,0,0,NA
"2002-08-17","Saturday","daily",FALSE,0,0,NA
"2002-08-18","Sunday","daily",FALSE,0,0,NA
"2002-08-19","Monday","daily",FALSE,0,0,NA
"2002-08-20","Tuesday","daily",FALSE,0,0,NA
"2002-08-21","Wednesday","daily",TRUE,5,0,NA
"2002-08-22","Thursday","daily",FALSE,0,0,NA
"2002-08-23","Friday","daily",FALSE,0,0,NA
"2002-08-24","Saturday","daily",FALSE,0,0,NA
"2002-08-25","Sunday","daily",FALSE,0,0,NA
"2002-08-26","Monday","daily",FALSE,0,0,NA
"2002-08-27","Tuesday","daily",FALSE,0,0,NA
"2002-08-28","Wednesday","daily",FALSE,0,0,NA
"2002-08-29","Thursday","daily",FALSE,0,0,NA
"2002-08-30","Friday","daily",FALSE,0,0,NA
"2002-08-31","Saturday","daily",FALSE,0,0,NA
"2002-09-01","Sunday","daily",FALSE,0,0,NA
"2002-09-02","Monday","daily",FALSE,0,0,NA
"2002-09-03","Tuesday","daily",FALSE,0,0,NA
"2002-09-04","Wednesday","daily",FALSE,0,0,NA
"2002-09-05","Thursday","daily",TRUE,9,0,NA
"2002-09-06","Friday","daily",FALSE,0,0,NA
"2002-09-07","Saturday","daily",FALSE,0,0,NA
"2002-09-08","Sunday","daily",FALSE,0,0,NA
"2002-09-09","Monday","daily",FALSE,0,0,NA
"2002-09-10","Tuesday","daily",FALSE,0,0,NA
"2002-09-11","Wednesday","daily",FALSE,0,0,NA
"2002-09-12","Thursday","daily",FALSE,0,0,NA
"2002-09-13","Friday","daily",FALSE,0,0,NA
"2002-09-14","Saturday","daily",FALSE,0,0,NA
"2002-09-15","Sunday","daily",FALSE,0,0,NA
"2002-09-16","Monday","daily",FALSE,0,0,NA
"2002-09-17","Tuesday","daily",FALSE,0,0,NA
"2002-09-18","Wednesday","daily",FALSE,0,0,NA
"2002-09-19","Thursday","daily",FALSE,0,5,NA
"2002-09-20","Friday","daily",FALSE,0,0,NA
"2002-09-21","Saturday","daily",FALSE,0,0,NA
"2002-09-22","Sunday","daily",FALSE,0,0,NA
"2002-09-23","Monday","daily",FALSE,0,0,NA
"2002-09-24","Tuesday","daily",FALSE,0,0,NA
"2002-09-25","Wednesday","daily",FALSE,0,0,NA
"2002-09-26","Thursday","daily",FALSE,0,0,NA
"2002-09-27","Friday","daily",FALSE,0,0,NA
"2002-09-28","Saturday","daily",FALSE,0,0,NA
"2002-09-29","Sunday","daily",FALSE,0,0,NA
"2002-09-30","Monday","daily",FALSE,0,0,NA
"2002-10-01","Tuesday","daily",FALSE,0,0,NA
"2002-10-02","Wednesday","daily",FALSE,0,0,NA
"2002-10-03","Thursday","daily",FALSE,0,0,NA
"2002-10-04","Friday","daily",FALSE,0,0,NA
"2002-10-05","Saturday","daily",FALSE,0,0,NA
"2002-10-06","Sunday","daily",FALSE,0,0,NA
"2002-10-07","Monday","daily",FALSE,0,0,NA
"2002-10-08","Tuesday","daily",FALSE,0,0,NA
"2002-10-09","Wednesday","daily",FALSE,0,2,NA
"2002-10-10","Thursday","daily",FALSE,0,0,NA
"2002-10-11","Friday","daily",FALSE,0,0,NA
"2002-10-12","Saturday","daily",FALSE,0,0,NA
"2002-10-13","Sunday","daily",FALSE,0,0,NA
"2002-10-14","Monday","daily",FALSE,0,0,NA
"2002-10-15","Tuesday","daily",FALSE,0,0,NA
"2002-10-16","Wednesday","daily",FALSE,0,0,NA
"2002-10-17","Thursday","daily",FALSE,0,0,NA
"2002-10-18","Friday","daily",FALSE,0,0,NA
"2002-10-19","Saturday","daily",FALSE,0,0,NA
"2002-10-20","Sunday","daily",FALSE,0,0,NA
"2002-10-21","Monday","daily",FALSE,0,0,NA
"2002-10-22","Tuesday","daily",FALSE,0,0,NA
"2002-10-23","Wednesday","daily",FALSE,0,0,NA
"2002-10-24","Thursday","daily",FALSE,0,0,NA
"2002-10-25","Friday","daily",FALSE,0,0,NA
"2002-10-26","Saturday","daily",FALSE,0,0,NA
"2002-10-27","Sunday","daily",FALSE,0,0,NA
"2002-10-28","Monday","daily",FALSE,0,0,NA
"2002-10-29","Tuesday","daily",FALSE,0,0,NA
"2002-10-30","Wednesday","daily",FALSE,0,0,NA
"2002-10-31","Thursday","daily",FALSE,0,0,NA
"2002-11-01","Friday","daily",FALSE,0,0,NA
"2002-11-02","Saturday","daily",FALSE,0,0,NA
"2002-11-03","Sunday","daily",FALSE,0,0,NA
"2002-11-04","Monday","daily",FALSE,0,0,NA
"2002-11-05","Tuesday","daily",FALSE,0,0,NA
"2002-11-06","Wednesday","daily",FALSE,0,0,NA
"2002-11-07","Thursday","daily",FALSE,0,0,NA
"2002-11-08","Friday","daily",FALSE,0,0,NA
"2002-11-09","Saturday","daily",FALSE,0,0,NA
"2002-11-10","Sunday","daily",FALSE,0,0,NA
"2002-11-11","Monday","daily",FALSE,0,0,NA
"2002-11-12","Tuesday","daily",FALSE,0,0,NA
"2002-11-13","Wednesday","daily",FALSE,0,0,NA
"2002-11-14","Thursday","daily",TRUE,5,0,NA
"2002-11-15","Friday","daily",FALSE,0,0,NA
"2002-11-16","Saturday","daily",FALSE,0,0,NA
"2002-11-17","Sunday","daily",FALSE,0,0,NA
"2002-11-18","Monday","daily",FALSE,0,0,NA
"2002-11-19","Tuesday","daily",FALSE,0,0,NA
"2002-11-20","Wednesday","daily",FALSE,0,0,NA
"2002-11-21","Thursday","daily",FALSE,0,0,NA
"2002-11-22","Friday","daily",FALSE,0,0,NA
"2002-11-23","Saturday","daily",FALSE,0,0,NA
"2002-11-24","Sunday","daily",FALSE,0,0,NA
"2002-11-25","Monday","daily",FALSE,0,0,NA
"2002-11-26","Tuesday","daily",FALSE,0,0,NA
"2002-11-27","Wednesday","daily",FALSE,0,0,NA
"2002-11-28","Thursday","daily",FALSE,0,0,NA
"2002-11-29","Friday","daily",FALSE,0,0,NA
"2002-11-30","Saturday","daily",FALSE,0,0,NA
"2002-12-01","Sunday","daily",FALSE,0,0,NA
"2002-12-02","Monday","daily",FALSE,0,0,NA
"2002-12-03","Tuesday","daily",FALSE,0,0,NA
"2002-12-04","Wednesday","daily",FALSE,0,0,NA
"2002-12-05","Thursday","daily",FALSE,0,0,NA
"2002-12-06","Friday","daily",FALSE,0,0,NA
"2002-12-07","Saturday","daily",FALSE,0,0,NA
"2002-12-08","Sunday","daily",FALSE,0,10,NA
"2002-12-09","Monday","daily",FALSE,0,0,NA
"2002-12-10","Tuesday","daily",FALSE,0,0,NA
"2002-12-11","Wednesday","daily",FALSE,0,0,NA
"2002-12-12","Thursday","daily",FALSE,0,0,NA
"2002-12-13","Friday","daily",FALSE,0,0,NA
"2002-12-14","Saturday","daily",FALSE,0,0,NA
"2002-12-15","Sunday","daily",FALSE,0,0,NA
"2002-12-16","Monday","daily",FALSE,0,0,NA
"2002-12-17","Tuesday","daily",FALSE,0,0,NA
"2002-12-18","Wednesday","daily",FALSE,0,0,NA
"2002-12-19","Thursday","daily",FALSE,0,0,NA
"2002-12-20","Friday","daily",FALSE,0,0,NA
"2002-12-21","Saturday","daily",FALSE,0,0,NA
"2002-12-22","Sunday","daily",FALSE,0,0,NA
"2002-12-23","Monday","daily",FALSE,0,0,NA
"2002-12-24","Tuesday","daily",FALSE,0,0,NA
"2002-12-25","Wednesday","daily",FALSE,0,0,NA
"2002-12-26","Thursday","daily",FALSE,0,0,NA
"2002-12-27","Friday","daily",FALSE,0,0,NA
"2002-12-28","Saturday","daily",FALSE,0,0,NA
"2002-12-29","Sunday","daily",FALSE,0,0,NA
"2002-12-30","Monday","daily",FALSE,0,0,NA
"2002-12-31","Tuesday","daily",FALSE,0,0,NA
"2003-01-01","Wednesday","daily",FALSE,0,0,NA
"2003-01-02","Thursday","daily",FALSE,0,0,NA
"2003-01-03","Friday","daily",FALSE,0,0,NA
"2003-01-04","Saturday","daily",FALSE,0,0,NA
"2003-01-05","Sunday","daily",FALSE,0,0,NA
"2003-01-06","Monday","daily",FALSE,0,0,NA
"2003-01-07","Tuesday","daily",FALSE,0,0,NA
"2003-01-08","Wednesday","daily",FALSE,0,0,NA
"2003-01-09","Thursday","daily",FALSE,0,0,NA
"2003-01-10","Friday","daily",FALSE,0,0,NA
"2003-01-11","Saturday","daily",FALSE,0,0,NA
"2003-01-12","Sunday","daily",FALSE,0,0,NA
"2003-01-13","Monday","daily",FALSE,0,0,NA
"2003-01-14","Tuesday","daily",FALSE,0,0,NA
"2003-01-15","Wednesday","daily",FALSE,0,0,NA
"2003-01-16","Thursday","daily",FALSE,0,0,NA
"2003-01-17","Friday","daily",FALSE,0,0,NA
"2003-01-18","Saturday","daily",FALSE,0,0,NA
"2003-01-19","Sunday","daily",FALSE,0,0,NA
"2003-01-20","Monday","daily",FALSE,0,0,NA
"2003-01-21","Tuesday","daily",FALSE,0,0,NA
"2003-01-22","Wednesday","daily",FALSE,0,0,NA
"2003-01-23","Thursday","daily",FALSE,0,0,NA
"2003-01-24","Friday","daily",FALSE,0,0,NA
"2003-01-25","Saturday","daily",FALSE,0,0,NA
"2003-01-26","Sunday","daily",TRUE,16,0,NA
"2003-01-27","Monday","daily",FALSE,0,0,NA
"2003-01-28","Tuesday","daily",FALSE,0,0,NA
"2003-01-29","Wednesday","daily",FALSE,0,0,NA
"2003-01-30","Thursday","daily",FALSE,0,0,NA
"2003-01-31","Friday","daily",FALSE,0,0,NA
"2003-02-01","Saturday","daily",FALSE,0,0,NA
"2003-02-02","Sunday","daily",FALSE,0,0,NA
"2003-02-03","Monday","daily",FALSE,0,0,NA
"2003-02-04","Tuesday","daily",FALSE,0,0,NA
"2003-02-05","Wednesday","daily",TRUE,8,0,NA
"2003-02-06","Thursday","daily",FALSE,0,0,NA
"2003-02-07","Friday","daily",FALSE,0,0,NA
"2003-02-08","Saturday","daily",FALSE,0,0,NA
"2003-02-09","Sunday","daily",FALSE,0,0,NA
"2003-02-10","Monday","daily",FALSE,0,0,NA
"2003-02-11","Tuesday","daily",FALSE,0,0,NA
"2003-02-12","Wednesday","daily",FALSE,0,0,NA
"2003-02-13","Thursday","daily",FALSE,0,0,NA
"2003-02-14","Friday","daily",TRUE,3,0,NA
"2003-02-15","Saturday","daily",FALSE,0,0,NA
"2003-02-16","Sunday","daily",FALSE,0,0,NA
"2003-02-17","Monday","daily",FALSE,0,0,NA
"2003-02-18","Tuesday","daily",FALSE,0,0,NA
"2003-02-19","Wednesday","daily",FALSE,0,0,NA
"2003-02-20","Thursday","daily",FALSE,0,0,NA
"2003-02-21","Friday","daily",FALSE,0,0,NA
"2003-02-22","Saturday","daily",FALSE,0,0,NA
"2003-02-23","Sunday","daily",FALSE,0,0,NA
"2003-02-24","Monday","daily",FALSE,0,0,NA
"2003-02-25","Tuesday","daily",FALSE,0,0,NA
"2003-02-26","Wednesday","daily",FALSE,0,0,NA
"2003-02-27","Thursday","daily",FALSE,0,0,NA
"2003-02-28","Friday","daily",FALSE,0,0,NA
"2003-03-01","Saturday","daily",FALSE,0,0,NA
"2003-03-02","Sunday","daily",FALSE,0,0,NA
"2003-03-03","Monday","daily",FALSE,0,0,NA
"2003-03-04","Tuesday","daily",FALSE,0,0,NA
"2003-03-05","Wednesday","daily",FALSE,0,0,NA
"2003-03-06","Thursday","daily",FALSE,0,0,NA
"2003-03-07","Friday","daily",FALSE,0,0,NA
"2003-03-08","Saturday","daily",FALSE,0,0,NA
"2003-03-09","Sunday","daily",FALSE,0,0,NA
"2003-03-10","Monday","daily",FALSE,0,0,NA
"2003-03-11","Tuesday","daily",FALSE,0,0,NA
"2003-03-12","Wednesday","daily",FALSE,0,0,NA
"2003-03-13","Thursday","daily",FALSE,0,0,NA
"2003-03-14","Friday","daily",FALSE,0,0,NA
"2003-03-15","Saturday","daily",FALSE,0,0,NA
"2003-03-16","Sunday","daily",TRUE,4,0,NA
"2003-03-17","Monday","daily",FALSE,0,0,NA
"2003-03-18","Tuesday","daily",FALSE,0,0,NA
"2003-03-19","Wednesday","daily",FALSE,0,0,NA
"2003-03-20","Thursday","daily",FALSE,0,0,NA
"2003-03-21","Friday","daily",FALSE,0,0,NA
"2003-03-22","Saturday","daily",FALSE,0,0,NA
"2003-03-23","Sunday","daily",FALSE,0,0,NA
"2003-03-24","Monday","daily",FALSE,0,0,NA
"2003-03-25","Tuesday","daily",FALSE,0,0,NA
"2003-03-26","Wednesday","daily",TRUE,4,0,NA
"2003-03-27","Thursday","daily",FALSE,0,0,NA
"2003-03-28","Friday","daily",FALSE,0,0,NA
"2003-03-29","Saturday","daily",FALSE,0,0,NA
"2003-03-30","Sunday","daily",FALSE,0,0,NA
"2003-03-31","Monday","daily",FALSE,0,0,NA
"2003-04-01","Tuesday","daily",FALSE,0,0,NA
"2003-04-02","Wednesday","daily",FALSE,0,0,NA
"2003-04-03","Thursday","daily",FALSE,0,0,NA
"2003-04-04","Friday","daily",FALSE,0,0,NA
"2003-04-05","Saturday","daily",FALSE,0,0,NA
"2003-04-06","Sunday","daily",FALSE,0,0,NA
"2003-04-07","Monday","daily",FALSE,0,0,NA
"2003-04-08","Tuesday","daily",FALSE,0,0,NA
"2003-04-09","Wednesday","daily",FALSE,0,0,NA
"2003-04-10","Thursday","daily",FALSE,0,0,NA
"2003-04-11","Friday","daily",FALSE,0,0,NA
"2003-04-12","Saturday","daily",FALSE,0,0,NA
"2003-04-13","Sunday","daily",FALSE,0,0,NA
"2003-04-14","Monday","daily",FALSE,0,0,NA
"2003-04-15","Tuesday","daily",FALSE,0,0,NA
"2003-04-16","Wednesday","daily",FALSE,0,0,NA
"2003-04-17","Thursday","daily",TRUE,6,0,NA
"2003-04-18","Friday","daily",FALSE,0,0,NA
"2003-04-19","Saturday","daily",FALSE,0,0,NA
"2003-04-20","Sunday","daily",FALSE,0,0,NA
"2003-04-21","Monday","daily",FALSE,0,0,NA
"2003-04-22","Tuesday","daily",FALSE,0,0,NA
"2003-04-23","Wednesday","daily",FALSE,0,0,NA
"2003-04-24","Thursday","daily",FALSE,0,0,NA
"2003-04-25","Friday","daily",FALSE,0,0,NA
"2003-04-26","Saturday","daily",FALSE,0,0,NA
"2003-04-27","Sunday","daily",FALSE,0,0,NA
"2003-04-28","Monday","daily",FALSE,0,0,NA
"2003-04-29","Tuesday","daily",FALSE,0,0,NA
"2003-04-30","Wednesday","daily",FALSE,0,0,NA
"2003-05-01","Thursday","daily",FALSE,0,0,NA
"2003-05-02","Friday","daily",FALSE,0,0,NA
"2003-05-03","Saturday","daily",FALSE,0,0,NA
"2003-05-04","Sunday","daily",FALSE,0,0,NA
"2003-05-05","Monday","daily",FALSE,0,0,NA
"2003-05-06","Tuesday","daily",FALSE,0,0,NA
"2003-05-07","Wednesday","daily",FALSE,0,0,NA
"2003-05-08","Thursday","daily",FALSE,0,0,NA
"2003-05-09","Friday","daily",FALSE,0,0,NA
"2003-05-10","Saturday","daily",FALSE,0,0,NA
"2003-05-11","Sunday","daily",FALSE,0,0,NA
"2003-05-12","Monday","daily",FALSE,0,0,NA
"2003-05-13","Tuesday","daily",FALSE,0,0,NA
"2003-05-14","Wednesday","daily",FALSE,0,0,NA
"2003-05-15","Thursday","daily",TRUE,3,0,NA
"2003-05-16","Friday","daily",FALSE,0,0,NA
"2003-05-17","Saturday","daily",FALSE,0,0,NA
"2003-05-18","Sunday","daily",FALSE,0,0,NA
"2003-05-19","Monday","daily",FALSE,0,0,NA
"2003-05-20","Tuesday","daily",FALSE,0,0,NA
"2003-05-21","Wednesday","daily",FALSE,0,0,NA
"2003-05-22","Thursday","daily",TRUE,6,0,NA
"2003-05-23","Friday","daily",FALSE,0,0,NA
"2003-05-24","Saturday","daily",FALSE,0,0,NA
"2003-05-25","Sunday","daily",FALSE,0,0,NA
"2003-05-26","Monday","daily",FALSE,0,0,NA
"2003-05-27","Tuesday","daily",FALSE,0,0,NA
"2003-05-28","Wednesday","daily",FALSE,0,0,NA
"2003-05-29","Thursday","daily",FALSE,0,0,NA
"2003-05-30","Friday","daily",FALSE,0,0,NA
"2003-05-31","Saturday","daily",FALSE,0,0,NA
"2003-06-01","Sunday","daily",FALSE,0,0,NA
"2003-06-02","Monday","daily",FALSE,0,0,NA
"2003-06-03","Tuesday","daily",FALSE,0,0,NA
"2003-06-04","Wednesday","daily",FALSE,0,0,NA
"2003-06-05","Thursday","daily",FALSE,0,0,NA
"2003-06-06","Friday","daily",FALSE,0,0,NA
"2003-06-07","Saturday","daily",FALSE,0,0,NA
"2003-06-08","Sunday","daily",FALSE,0,0,NA
"2003-06-09","Monday","daily",FALSE,0,0,NA
"2003-06-10","Tuesday","daily",FALSE,0,0,NA
"2003-06-11","Wednesday","daily",FALSE,0,0,NA
"2003-06-12","Thursday","daily",FALSE,0,0,NA
"2003-06-13","Friday","daily",FALSE,0,0,NA
"2003-06-14","Saturday","daily",FALSE,0,0,NA
"2003-06-15","Sunday","daily",FALSE,0,0,NA
"2003-06-16","Monday","daily",FALSE,0,0,NA
"2003-06-17","Tuesday","daily",FALSE,0,0,NA
"2003-06-18","Wednesday","daily",FALSE,0,0,NA
"2003-06-19","Thursday","daily",FALSE,0,0,NA
"2003-06-20","Friday","daily",FALSE,0,0,NA
"2003-06-21","Saturday","daily",FALSE,0,0,NA
"2003-06-22","Sunday","daily",TRUE,10,0,NA
"2003-06-23","Monday","daily",FALSE,0,0,NA
"2003-06-24","Tuesday","daily",FALSE,0,0,NA
"2003-06-25","Wednesday","daily",FALSE,0,0,NA
"2003-06-26","Thursday","daily",FALSE,0,0,NA
"2003-06-27","Friday","daily",FALSE,0,0,NA
"2003-06-28","Saturday","daily",FALSE,0,0,NA
"2003-06-29","Sunday","daily",FALSE,0,0,NA
"2003-06-30","Monday","daily",FALSE,0,0,NA
"2003-07-01","Tuesday","daily",FALSE,0,0,NA
"2003-07-02","Wednesday","daily",FALSE,0,0,NA
"2003-07-03","Thursday","daily",FALSE,0,0,NA
"2003-07-04","Friday","daily",FALSE,0,0,NA
"2003-07-05","Saturday","daily",FALSE,0,0,NA
"2003-07-06","Sunday","daily",FALSE,0,0,NA
"2003-07-07","Monday","daily",FALSE,0,0,NA
"2003-07-08","Tuesday","daily",FALSE,0,0,NA
"2003-07-09","Wednesday","daily",FALSE,0,0,NA
"2003-07-10","Thursday","daily",FALSE,0,0,NA
"2003-07-11","Friday","daily",FALSE,0,0,NA
"2003-07-12","Saturday","daily",FALSE,0,0,NA
"2003-07-13","Sunday","daily",FALSE,0,0,NA
"2003-07-14","Monday","daily",FALSE,0,0,NA
"2003-07-15","Tuesday","daily",FALSE,0,0,NA
"2003-07-16","Wednesday","daily",FALSE,0,0,NA
"2003-07-17","Thursday","daily",TRUE,5,0,NA
"2003-07-18","Friday","daily",FALSE,0,0,NA
"2003-07-19","Saturday","daily",FALSE,0,0,NA
"2003-07-20","Sunday","daily",FALSE,0,0,NA
"2003-07-21","Monday","daily",FALSE,0,0,NA
"2003-07-22","Tuesday","daily",FALSE,0,0,NA
"2003-07-23","Wednesday","daily",FALSE,0,0,NA
"2003-07-24","Thursday","daily",FALSE,0,0,NA
"2003-07-25","Friday","daily",FALSE,0,0,NA
"2003-07-26","Saturday","daily",FALSE,0,0,NA
"2003-07-27","Sunday","daily",FALSE,0,0,NA
"2003-07-28","Monday","daily",FALSE,0,0,NA
"2003-07-29","Tuesday","daily",FALSE,0,0,NA
"2003-07-30","Wednesday","daily",FALSE,0,0,NA
"2003-07-31","Thursday","daily",FALSE,0,0,NA
"2003-08-01","Friday","daily",FALSE,0,0,NA
"2003-08-02","Saturday","daily",FALSE,0,0,NA
"2003-08-03","Sunday","daily",FALSE,0,0,NA
"2003-08-04","Monday","daily",FALSE,0,0,NA
"2003-08-05","Tuesday","daily",FALSE,0,4,NA
"2003-08-06","Wednesday","daily",FALSE,0,0,NA
"2003-08-07","Thursday","daily",FALSE,0,0,NA
"2003-08-08","Friday","daily",FALSE,0,0,NA
"2003-08-09","Saturday","daily",FALSE,0,0,NA
"2003-08-10","Sunday","daily",FALSE,0,0,NA
"2003-08-11","Monday","daily",FALSE,0,0,NA
"2003-08-12","Tuesday","daily",FALSE,0,0,NA
"2003-08-13","Wednesday","daily",FALSE,0,0,NA
"2003-08-14","Thursday","daily",FALSE,0,0,NA
"2003-08-15","Friday","daily",FALSE,0,0,NA
"2003-08-16","Saturday","daily",FALSE,0,0,NA
"2003-08-17","Sunday","daily",FALSE,0,12,NA
"2003-08-18","Monday","daily",FALSE,0,0,NA
"2003-08-19","Tuesday","daily",FALSE,0,0,NA
"2003-08-20","Wednesday","daily",FALSE,0,0,NA
"2003-08-21","Thursday","daily",TRUE,6,0,NA
"2003-08-22","Friday","daily",FALSE,0,0,NA
"2003-08-23","Saturday","daily",FALSE,0,0,NA
"2003-08-24","Sunday","daily",FALSE,0,0,NA
"2003-08-25","Monday","daily",FALSE,0,0,NA
"2003-08-26","Tuesday","daily",FALSE,0,0,NA
"2003-08-27","Wednesday","daily",FALSE,0,0,NA
"2003-08-28","Thursday","daily",FALSE,0,0,NA
"2003-08-29","Friday","daily",FALSE,0,0,NA
"2003-08-30","Saturday","daily",FALSE,0,0,NA
"2003-08-31","Sunday","daily",FALSE,0,0,NA
"2003-09-01","Monday","daily",FALSE,0,0,NA
"2003-09-02","Tuesday","daily",FALSE,0,0,NA
"2003-09-03","Wednesday","daily",FALSE,0,0,NA
"2003-09-04","Thursday","daily",TRUE,13,0,NA
"2003-09-05","Friday","daily",FALSE,0,0,NA
"2003-09-06","Saturday","daily",FALSE,0,0,NA
"2003-09-07","Sunday","daily",FALSE,0,0,NA
"2003-09-08","Monday","daily",FALSE,0,0,NA
"2003-09-09","Tuesday","daily",FALSE,0,0,NA
"2003-09-10","Wednesday","daily",FALSE,0,0,NA
"2003-09-11","Thursday","daily",FALSE,0,0,NA
"2003-09-12","Friday","daily",FALSE,0,0,NA
"2003-09-13","Saturday","daily",FALSE,0,0,NA
"2003-09-14","Sunday","daily",FALSE,0,0,NA
"2003-09-15","Monday","daily",FALSE,0,0,NA
"2003-09-16","Tuesday","daily",FALSE,0,0,NA
"2003-09-17","Wednesday","daily",FALSE,0,0,NA
"2003-09-18","Thursday","daily",FALSE,0,0,NA
"2003-09-19","Friday","daily",FALSE,0,0,NA
"2003-09-20","Saturday","daily",FALSE,0,0,NA
"2003-09-21","Sunday","daily",FALSE,0,0,NA
"2003-09-22","Monday","daily",FALSE,0,0,NA
"2003-09-23","Tuesday","daily",FALSE,0,0,NA
"2003-09-24","Wednesday","daily",FALSE,0,0,NA
"2003-09-25","Thursday","daily",FALSE,0,0,NA
"2003-09-26","Friday","daily",FALSE,0,0,NA
"2003-09-27","Saturday","daily",FALSE,0,0,NA
"2003-09-28","Sunday","daily",FALSE,0,0,NA
"2003-09-29","Monday","daily",FALSE,0,0,NA
"2003-09-30","Tuesday","daily",FALSE,0,1,NA
"2003-10-01","Wednesday","daily",FALSE,0,0,NA
"2003-10-02","Thursday","daily",FALSE,0,0,NA
"2003-10-03","Friday","daily",FALSE,0,0,NA
"2003-10-04","Saturday","daily",FALSE,0,0,NA
"2003-10-05","Sunday","daily",FALSE,0,0,NA
"2003-10-06","Monday","daily",FALSE,0,0,NA
"2003-10-07","Tuesday","daily",FALSE,0,0,NA
"2003-10-08","Wednesday","daily",FALSE,0,0,NA
"2003-10-09","Thursday","daily",TRUE,10,0,NA
"2003-10-10","Friday","daily",FALSE,0,0,NA
"2003-10-11","Saturday","daily",FALSE,0,0,NA
"2003-10-12","Sunday","daily",FALSE,0,0,NA
"2003-10-13","Monday","daily",FALSE,0,0,NA
"2003-10-14","Tuesday","daily",FALSE,0,0,NA
"2003-10-15","Wednesday","daily",FALSE,0,0,NA
"2003-10-16","Thursday","daily",FALSE,0,0,NA
"2003-10-17","Friday","daily",FALSE,0,0,NA
"2003-10-18","Saturday","daily",FALSE,0,0,NA
"2003-10-19","Sunday","daily",FALSE,0,0,NA
"2003-10-20","Monday","daily",FALSE,0,0,NA
"2003-10-21","Tuesday","daily",FALSE,0,0,NA
"2003-10-22","Wednesday","daily",FALSE,0,0,NA
"2003-10-23","Thursday","daily",FALSE,0,0,NA
"2003-10-24","Friday","daily",FALSE,0,0,NA
"2003-10-25","Saturday","daily",FALSE,0,0,NA
"2003-10-26","Sunday","daily",FALSE,0,0,NA
"2003-10-27","Monday","daily",FALSE,0,0,NA
"2003-10-28","Tuesday","daily",FALSE,0,0,NA
"2003-10-29","Wednesday","daily",FALSE,0,0,NA
"2003-10-30","Thursday","daily",FALSE,0,0,NA
"2003-10-31","Friday","daily",FALSE,0,0,NA
"2003-11-01","Saturday","daily",FALSE,0,0,NA
"2003-11-02","Sunday","daily",FALSE,0,0,NA
"2003-11-03","Monday","daily",FALSE,0,0,NA
"2003-11-04","Tuesday","daily",FALSE,0,0,NA
"2003-11-05","Wednesday","daily",FALSE,0,0,NA
"2003-11-06","Thursday","daily",TRUE,6,0,NA
"2003-11-07","Friday","daily",FALSE,0,0,NA
"2003-11-08","Saturday","daily",FALSE,0,0,NA
"2003-11-09","Sunday","daily",FALSE,0,0,NA
"2003-11-10","Monday","daily",FALSE,0,0,NA
"2003-11-11","Tuesday","daily",FALSE,0,0,NA
"2003-11-12","Wednesday","daily",FALSE,0,0,NA
"2003-11-13","Thursday","daily",FALSE,0,0,NA
"2003-11-14","Friday","daily",FALSE,0,0,NA
"2003-11-15","Saturday","daily",FALSE,0,0,NA
"2003-11-16","Sunday","daily",FALSE,0,0,NA
"2003-11-17","Monday","daily",FALSE,0,0,NA
"2003-11-18","Tuesday","daily",FALSE,0,0,NA
"2003-11-19","Wednesday","daily",FALSE,0,0,NA
"2003-11-20","Thursday","daily",FALSE,0,0,NA
"2003-11-21","Friday","daily",FALSE,0,0,NA
"2003-11-22","Saturday","daily",FALSE,0,0,NA
"2003-11-23","Sunday","daily",FALSE,0,0,NA
"2003-11-24","Monday","daily",FALSE,0,0,NA
"2003-11-25","Tuesday","daily",FALSE,0,0,NA
"2003-11-26","Wednesday","daily",FALSE,0,0,NA
"2003-11-27","Thursday","daily",FALSE,0,0,NA
"2003-11-28","Friday","daily",FALSE,0,0,NA
"2003-11-29","Saturday","daily",FALSE,0,0,NA
"2003-11-30","Sunday","daily",FALSE,0,0,NA
"2003-12-01","Monday","daily",FALSE,0,0,NA
"2003-12-02","Tuesday","daily",FALSE,0,0,NA
"2003-12-03","Wednesday","daily",FALSE,0,0,NA
"2003-12-04","Thursday","daily",FALSE,0,0,NA
"2003-12-05","Friday","daily",FALSE,0,0,NA
"2003-12-06","Saturday","daily",FALSE,0,0,NA
"2003-12-07","Sunday","daily",FALSE,0,0,NA
"2003-12-08","Monday","daily",FALSE,0,0,NA
"2003-12-09","Tuesday","daily",FALSE,0,0,NA
"2003-12-10","Wednesday","daily",TRUE,6,0,NA
"2003-12-11","Thursday","daily",FALSE,0,0,NA
"2003-12-12","Friday","daily",FALSE,0,0,NA
"2003-12-13","Saturday","daily",FALSE,0,0,NA
"2003-12-14","Sunday","daily",FALSE,0,0,NA
"2003-12-15","Monday","daily",FALSE,0,0,NA
"2003-12-16","Tuesday","daily",FALSE,0,0,NA
"2003-12-17","Wednesday","daily",FALSE,0,0,NA
"2003-12-18","Thursday","daily",FALSE,0,0,NA
"2003-12-19","Friday","daily",FALSE,0,0,NA
"2003-12-20","Saturday","daily",FALSE,0,0,NA
"2003-12-21","Sunday","daily",FALSE,0,0,NA
"2003-12-22","Monday","daily",FALSE,0,0,NA
"2003-12-23","Tuesday","daily",FALSE,0,0,NA
"2003-12-24","Wednesday","daily",FALSE,0,0,NA
"2003-12-25","Thursday","daily",FALSE,0,0,NA
"2003-12-26","Friday","daily",FALSE,0,0,NA
"2003-12-27","Saturday","daily",FALSE,0,0,NA
"2003-12-28","Sunday","daily",FALSE,0,0,NA
"2003-12-29","Monday","daily",FALSE,0,0,NA
"2003-12-30","Tuesday","daily",FALSE,0,0,NA
"2003-12-31","Wednesday","daily",FALSE,0,0,NA
"2004-01-01","Thursday","daily",FALSE,0,0,NA
"2004-01-02","Friday","daily",FALSE,0,0,NA
"2004-01-03","Saturday","daily",TRUE,4,0,NA
"2004-01-04","Sunday","daily",FALSE,0,0,NA
"2004-01-05","Monday","daily",FALSE,0,0,NA
"2004-01-06","Tuesday","daily",FALSE,0,0,NA
"2004-01-07","Wednesday","daily",FALSE,0,0,NA
"2004-01-08","Thursday","daily",FALSE,0,0,NA
"2004-01-09","Friday","daily",FALSE,0,0,NA
"2004-01-10","Saturday","daily",FALSE,0,0,NA
"2004-01-11","Sunday","daily",FALSE,0,0,NA
"2004-01-12","Monday","daily",FALSE,0,0,NA
"2004-01-13","Tuesday","daily",FALSE,0,0,NA
"2004-01-14","Wednesday","daily",FALSE,0,0,NA
"2004-01-15","Thursday","daily",FALSE,0,0,NA
"2004-01-16","Friday","daily",FALSE,0,0,NA
"2004-01-17","Saturday","daily",FALSE,0,0,NA
"2004-01-18","Sunday","daily",FALSE,0,0,NA
"2004-01-19","Monday","daily",FALSE,0,0,NA
"2004-01-20","Tuesday","daily",FALSE,0,0,NA
"2004-01-21","Wednesday","daily",FALSE,0,0,NA
"2004-01-22","Thursday","daily",FALSE,0,0,NA
"2004-01-23","Friday","daily",FALSE,0,0,NA
"2004-01-24","Saturday","daily",FALSE,0,0,NA
"2004-01-25","Sunday","daily",TRUE,8,0,NA
"2004-01-26","Monday","daily",FALSE,0,0,NA
"2004-01-27","Tuesday","daily",FALSE,0,0,NA
"2004-01-28","Wednesday","daily",FALSE,0,0,NA
"2004-01-29","Thursday","daily",FALSE,0,0,NA
"2004-01-30","Friday","daily",FALSE,0,0,NA
"2004-01-31","Saturday","daily",FALSE,0,0,NA
"2004-02-01","Sunday","daily",FALSE,0,0,NA
"2004-02-02","Monday","daily",FALSE,0,0,NA
"2004-02-03","Tuesday","daily",FALSE,0,0,NA
"2004-02-04","Wednesday","daily",FALSE,0,0,NA
"2004-02-05","Thursday","daily",FALSE,0,0,NA
"2004-02-06","Friday","daily",FALSE,0,0,NA
"2004-02-07","Saturday","daily",FALSE,0,0,NA
"2004-02-08","Sunday","daily",FALSE,0,0,NA
"2004-02-09","Monday","daily",FALSE,0,0,NA
"2004-02-10","Tuesday","daily",FALSE,0,0,NA
"2004-02-11","Wednesday","daily",FALSE,0,0,NA
"2004-02-12","Thursday","daily",FALSE,0,0,NA
"2004-02-13","Friday","daily",FALSE,0,0,NA
"2004-02-14","Saturday","daily",FALSE,0,0,NA
"2004-02-15","Sunday","daily",FALSE,0,0,NA
"2004-02-16","Monday","daily",FALSE,0,0,NA
"2004-02-17","Tuesday","daily",FALSE,0,0,NA
"2004-02-18","Wednesday","daily",FALSE,0,0,NA
"2004-02-19","Thursday","daily",FALSE,0,0,NA
"2004-02-20","Friday","daily",FALSE,0,0,NA
"2004-02-21","Saturday","daily",FALSE,0,0,NA
"2004-02-22","Sunday","daily",FALSE,0,0,NA
"2004-02-23","Monday","daily",FALSE,0,0,NA
"2004-02-24","Tuesday","daily",FALSE,0,0,NA
"2004-02-25","Wednesday","daily",FALSE,0,0,NA
"2004-02-26","Thursday","daily",FALSE,0,0,NA
"2004-02-27","Friday","daily",FALSE,0,0,NA
"2004-02-28","Saturday","daily",FALSE,0,0,NA
"2004-02-29","Sunday","daily",FALSE,0,0,NA
"2004-03-01","Monday","daily",FALSE,0,0,NA
"2004-03-02","Tuesday","daily",FALSE,0,0,NA
"2004-03-03","Wednesday","daily",FALSE,0,0,NA
"2004-03-04","Thursday","daily",TRUE,1,0,NA
"2004-03-05","Friday","daily",FALSE,0,0,NA
"2004-03-06","Saturday","daily",FALSE,0,0,NA
"2004-03-07","Sunday","daily",FALSE,0,0,NA
"2004-03-08","Monday","daily",FALSE,0,0,NA
"2004-03-09","Tuesday","daily",FALSE,0,0,NA
"2004-03-10","Wednesday","daily",FALSE,0,0,NA
"2004-03-11","Thursday","daily",FALSE,0,0,NA
"2004-03-12","Friday","daily",FALSE,0,0,NA
"2004-03-13","Saturday","daily",FALSE,0,0,NA
"2004-03-14","Sunday","daily",FALSE,0,0,NA
"2004-03-15","Monday","daily",TRUE,2,0,NA
"2004-03-16","Tuesday","daily",FALSE,0,0,NA
"2004-03-17","Wednesday","daily",FALSE,0,0,NA
"2004-03-18","Thursday","daily",FALSE,0,0,NA
"2004-03-19","Friday","daily",FALSE,0,0,NA
"2004-03-20","Saturday","daily",FALSE,0,0,NA
"2004-03-21","Sunday","daily",FALSE,0,0,NA
"2004-03-22","Monday","daily",FALSE,0,0,NA
"2004-03-23","Tuesday","daily",FALSE,0,0,NA
"2004-03-24","Wednesday","daily",FALSE,0,0,NA
"2004-03-25","Thursday","daily",TRUE,3,0,NA
"2004-03-26","Friday","daily",FALSE,0,0,NA
"2004-03-27","Saturday","daily",FALSE,0,0,NA
"2004-03-28","Sunday","daily",FALSE,0,0,NA
"2004-03-29","Monday","daily",FALSE,0,0,NA
"2004-03-30","Tuesday","daily",FALSE,0,0,NA
"2004-03-31","Wednesday","daily",FALSE,0,0,NA
"2004-04-01","Thursday","daily",FALSE,0,0,NA
"2004-04-02","Friday","daily",FALSE,0,0,NA
"2004-04-03","Saturday","daily",FALSE,0,0,NA
"2004-04-04","Sunday","daily",FALSE,0,0,NA
"2004-04-05","Monday","daily",FALSE,0,0,NA
"2004-04-06","Tuesday","daily",FALSE,0,0,NA
"2004-04-07","Wednesday","daily",FALSE,0,0,NA
"2004-04-08","Thursday","daily",FALSE,0,0,NA
"2004-04-09","Friday","daily",FALSE,0,0,NA
"2004-04-10","Saturday","daily",FALSE,0,0,NA
"2004-04-11","Sunday","daily",FALSE,0,0,NA
"2004-04-12","Monday","daily",FALSE,0,0,NA
"2004-04-13","Tuesday","daily",FALSE,0,0,NA
"2004-04-14","Wednesday","daily",FALSE,0,0,NA
"2004-04-15","Thursday","daily",FALSE,0,0,NA
"2004-04-16","Friday","daily",FALSE,0,0,NA
"2004-04-17","Saturday","daily",FALSE,0,0,NA
"2004-04-18","Sunday","daily",FALSE,0,0,NA
"2004-04-19","Monday","daily",FALSE,0,0,NA
"2004-04-20","Tuesday","daily",FALSE,0,0,NA
"2004-04-21","Wednesday","daily",FALSE,0,0,NA
"2004-04-22","Thursday","daily",FALSE,0,0,NA
"2004-04-23","Friday","daily",FALSE,0,0,NA
"2004-04-24","Saturday","daily",FALSE,0,0,NA
"2004-04-25","Sunday","daily",TRUE,9,0,NA
"2004-04-26","Monday","daily",FALSE,0,0,NA
"2004-04-27","Tuesday","daily",FALSE,0,0,NA
"2004-04-28","Wednesday","daily",FALSE,0,0,NA
"2004-04-29","Thursday","daily",FALSE,0,0,NA
"2004-04-30","Friday","daily",FALSE,0,0,NA
"2004-05-01","Saturday","daily",FALSE,0,0,NA
"2004-05-02","Sunday","daily",FALSE,0,0,NA
"2004-05-03","Monday","daily",FALSE,0,0,NA
"2004-05-04","Tuesday","daily",FALSE,0,0,NA
"2004-05-05","Wednesday","daily",FALSE,0,0,NA
"2004-05-06","Thursday","daily",FALSE,0,0,NA
"2004-05-07","Friday","daily",FALSE,0,0,NA
"2004-05-08","Saturday","daily",FALSE,0,0,NA
"2004-05-09","Sunday","daily",FALSE,0,0,NA
"2004-05-10","Monday","daily",FALSE,0,0,NA
"2004-05-11","Tuesday","daily",FALSE,0,0,NA
"2004-05-12","Wednesday","daily",FALSE,0,0,NA
"2004-05-13","Thursday","daily",TRUE,5,0,NA
"2004-05-14","Friday","daily",FALSE,0,0,NA
"2004-05-15","Saturday","daily",FALSE,0,0,NA
"2004-05-16","Sunday","daily",FALSE,0,0,NA
"2004-05-17","Monday","daily",FALSE,0,0,NA
"2004-05-18","Tuesday","daily",FALSE,0,0,NA
"2004-05-19","Wednesday","daily",FALSE,0,0,NA
"2004-05-20","Thursday","daily",FALSE,0,0,NA
"2004-05-21","Friday","daily",FALSE,0,0,NA
"2004-05-22","Saturday","daily",FALSE,0,0,NA
"2004-05-23","Sunday","daily",FALSE,0,0,NA
"2004-05-24","Monday","daily",FALSE,0,0,NA
"2004-05-25","Tuesday","daily",FALSE,0,0,NA
"2004-05-26","Wednesday","daily",FALSE,0,1,NA
"2004-05-27","Thursday","daily",FALSE,0,0,NA
"2004-05-28","Friday","daily",FALSE,0,0,NA
"2004-05-29","Saturday","daily",FALSE,0,0,NA
"2004-05-30","Sunday","daily",FALSE,0,0,NA
"2004-05-31","Monday","daily",FALSE,0,0,NA
"2004-06-01","Tuesday","daily",FALSE,0,0,NA
"2004-06-02","Wednesday","daily",FALSE,0,0,NA
"2004-06-03","Thursday","daily",FALSE,0,0,NA
"2004-06-04","Friday","daily",FALSE,0,0,NA
"2004-06-05","Saturday","daily",FALSE,0,0,NA
"2004-06-06","Sunday","daily",FALSE,0,0,NA
"2004-06-07","Monday","daily",FALSE,0,0,NA
"2004-06-08","Tuesday","daily",FALSE,0,0,NA
"2004-06-09","Wednesday","daily",FALSE,0,0,NA
"2004-06-10","Thursday","daily",FALSE,0,0,NA
"2004-06-11","Friday","daily",FALSE,0,0,NA
"2004-06-12","Saturday","daily",FALSE,0,0,NA
"2004-06-13","Sunday","daily",FALSE,0,0,NA
"2004-06-14","Monday","daily",FALSE,0,0,NA
"2004-06-15","Tuesday","daily",FALSE,0,0,NA
"2004-06-16","Wednesday","daily",FALSE,0,0,NA
"2004-06-17","Thursday","daily",FALSE,0,0,NA
"2004-06-18","Friday","daily",FALSE,0,0,NA
"2004-06-19","Saturday","daily",FALSE,0,0,NA
"2004-06-20","Sunday","daily",FALSE,0,0,NA
"2004-06-21","Monday","daily",FALSE,0,0,NA
"2004-06-22","Tuesday","daily",FALSE,0,0,NA
"2004-06-23","Wednesday","daily",FALSE,0,0,NA
"2004-06-24","Thursday","daily",FALSE,0,0,NA
"2004-06-25","Friday","daily",FALSE,0,0,NA
"2004-06-26","Saturday","daily",FALSE,0,0,NA
"2004-06-27","Sunday","daily",FALSE,0,0,NA
"2004-06-28","Monday","daily",FALSE,0,0,NA
"2004-06-29","Tuesday","daily",FALSE,0,0,NA
"2004-06-30","Wednesday","daily",FALSE,0,0,NA
"2004-07-01","Thursday","daily",FALSE,0,0,NA
"2004-07-02","Friday","daily",FALSE,0,0,NA
"2004-07-03","Saturday","daily",FALSE,0,0,NA
"2004-07-04","Sunday","daily",TRUE,13,0,NA
"2004-07-05","Monday","daily",FALSE,0,0,NA
"2004-07-06","Tuesday","daily",FALSE,0,0,NA
"2004-07-07","Wednesday","daily",FALSE,0,0,NA
"2004-07-08","Thursday","daily",FALSE,0,0,NA
"2004-07-09","Friday","daily",FALSE,0,0,NA
"2004-07-10","Saturday","daily",FALSE,0,0,NA
"2004-07-11","Sunday","daily",FALSE,0,0,NA
"2004-07-12","Monday","daily",FALSE,0,0,NA
"2004-07-13","Tuesday","daily",FALSE,0,0,NA
"2004-07-14","Wednesday","daily",FALSE,0,0,NA
"2004-07-15","Thursday","daily",TRUE,6,0,NA
"2004-07-16","Friday","daily",FALSE,0,0,NA
"2004-07-17","Saturday","daily",FALSE,0,0,NA
"2004-07-18","Sunday","daily",FALSE,0,0,NA
"2004-07-19","Monday","daily",FALSE,0,0,NA
"2004-07-20","Tuesday","daily",FALSE,0,0,NA
"2004-07-21","Wednesday","daily",FALSE,0,0,NA
"2004-07-22","Thursday","daily",FALSE,0,0,NA
"2004-07-23","Friday","daily",FALSE,0,0,NA
"2004-07-24","Saturday","daily",FALSE,0,0,NA
"2004-07-25","Sunday","daily",FALSE,0,0,NA
"2004-07-26","Monday","daily",FALSE,0,0,NA
"2004-07-27","Tuesday","daily",FALSE,0,0,NA
"2004-07-28","Wednesday","daily",FALSE,0,0,NA
"2004-07-29","Thursday","daily",FALSE,0,0,NA
"2004-07-30","Friday","daily",FALSE,0,0,NA
"2004-07-31","Saturday","daily",FALSE,0,0,NA
"2004-08-01","Sunday","daily",FALSE,0,0,NA
"2004-08-02","Monday","daily",FALSE,0,0,NA
"2004-08-03","Tuesday","daily",FALSE,0,0,NA
"2004-08-04","Wednesday","daily",FALSE,0,0,NA
"2004-08-05","Thursday","daily",FALSE,0,0,NA
"2004-08-06","Friday","daily",FALSE,0,0,NA
"2004-08-07","Saturday","daily",FALSE,0,0,NA
"2004-08-08","Sunday","daily",FALSE,0,13,NA
"2004-08-09","Monday","daily",FALSE,0,0,NA
"2004-08-10","Tuesday","daily",FALSE,0,0,NA
"2004-08-11","Wednesday","daily",FALSE,0,0,NA
"2004-08-12","Thursday","daily",FALSE,0,0,NA
"2004-08-13","Friday","daily",FALSE,0,0,NA
"2004-08-14","Saturday","daily",FALSE,0,0,NA
"2004-08-15","Sunday","daily",FALSE,0,1,NA
"2004-08-16","Monday","daily",FALSE,0,0,NA
"2004-08-17","Tuesday","daily",FALSE,0,0,NA
"2004-08-18","Wednesday","daily",TRUE,7,0,NA
"2004-08-19","Thursday","daily",FALSE,0,0,NA
"2004-08-20","Friday","daily",FALSE,0,0,NA
"2004-08-21","Saturday","daily",FALSE,0,0,NA
"2004-08-22","Sunday","daily",FALSE,0,0,NA
"2004-08-23","Monday","daily",FALSE,0,0,NA
"2004-08-24","Tuesday","daily",FALSE,0,0,NA
"2004-08-25","Wednesday","daily",FALSE,0,0,NA
"2004-08-26","Thursday","daily",FALSE,0,0,NA
"2004-08-27","Friday","daily",FALSE,0,0,NA
"2004-08-28","Saturday","daily",FALSE,0,0,NA
"2004-08-29","Sunday","daily",FALSE,0,0,NA
"2004-08-30","Monday","daily",FALSE,0,0,NA
"2004-08-31","Tuesday","daily",FALSE,0,0,NA
"2004-09-01","Wednesday","daily",FALSE,0,0,NA
"2004-09-02","Thursday","daily",FALSE,0,0,NA
"2004-09-03","Friday","daily",FALSE,0,0,NA
"2004-09-04","Saturday","daily",FALSE,0,0,NA
"2004-09-05","Sunday","daily",FALSE,0,0,NA
"2004-09-06","Monday","daily",FALSE,0,0,NA
"2004-09-07","Tuesday","daily",FALSE,0,0,NA
"2004-09-08","Wednesday","daily",FALSE,0,0,NA
"2004-09-09","Thursday","daily",FALSE,0,0,NA
"2004-09-10","Friday","daily",FALSE,0,0,NA
"2004-09-11","Saturday","daily",FALSE,0,0,NA
"2004-09-12","Sunday","daily",FALSE,0,0,NA
"2004-09-13","Monday","daily",FALSE,0,0,NA
"2004-09-14","Tuesday","daily",FALSE,0,0,NA
"2004-09-15","Wednesday","daily",FALSE,0,0,NA
"2004-09-16","Thursday","daily",TRUE,10,0,NA
"2004-09-17","Friday","daily",FALSE,0,0,NA
"2004-09-18","Saturday","daily",FALSE,0,0,NA
"2004-09-19","Sunday","daily",FALSE,0,0,NA
"2004-09-20","Monday","daily",FALSE,0,0,NA
"2004-09-21","Tuesday","daily",FALSE,0,0,NA
"2004-09-22","Wednesday","daily",FALSE,0,0,NA
"2004-09-23","Thursday","daily",FALSE,0,0,NA
"2004-09-24","Friday","daily",FALSE,0,0,NA
"2004-09-25","Saturday","daily",FALSE,0,0,NA
"2004-09-26","Sunday","daily",FALSE,0,0,NA
"2004-09-27","Monday","daily",FALSE,0,0,NA
"2004-09-28","Tuesday","daily",FALSE,0,0,NA
"2004-09-29","Wednesday","daily",FALSE,0,0,NA
"2004-09-30","Thursday","daily",FALSE,0,0,NA
"2004-10-01","Friday","daily",FALSE,0,0,NA
"2004-10-02","Saturday","daily",TRUE,3,0,NA
"2004-10-03","Sunday","daily",FALSE,0,0,NA
"2004-10-04","Monday","daily",FALSE,0,0,NA
"2004-10-05","Tuesday","daily",FALSE,0,0,NA
"2004-10-06","Wednesday","daily",FALSE,0,0,NA
"2004-10-07","Thursday","daily",FALSE,0,0,NA
"2004-10-08","Friday","daily",FALSE,0,0,NA
"2004-10-09","Saturday","daily",FALSE,0,0,NA
"2004-10-10","Sunday","daily",FALSE,0,0,NA
"2004-10-11","Monday","daily",FALSE,0,0,NA
"2004-10-12","Tuesday","daily",FALSE,0,0,NA
"2004-10-13","Wednesday","daily",FALSE,0,0,NA
"2004-10-14","Thursday","daily",FALSE,0,0,NA
"2004-10-15","Friday","daily",FALSE,0,0,NA
"2004-10-16","Saturday","daily",FALSE,0,0,NA
"2004-10-17","Sunday","daily",FALSE,0,0,NA
"2004-10-18","Monday","daily",FALSE,0,0,NA
"2004-10-19","Tuesday","daily",FALSE,0,0,NA
"2004-10-20","Wednesday","daily",FALSE,0,0,NA
"2004-10-21","Thursday","daily",FALSE,0,0,NA
"2004-10-22","Friday","daily",FALSE,0,0,NA
"2004-10-23","Saturday","daily",FALSE,0,0,NA
"2004-10-24","Sunday","daily",FALSE,0,0,NA
"2004-10-25","Monday","daily",FALSE,0,0,NA
"2004-10-26","Tuesday","daily",FALSE,0,0,NA
"2004-10-27","Wednesday","daily",FALSE,0,0,NA
"2004-10-28","Thursday","daily",TRUE,6,0,NA
"2004-10-29","Friday","daily",FALSE,0,0,NA
"2004-10-30","Saturday","daily",FALSE,0,0,NA
"2004-10-31","Sunday","daily",FALSE,0,0,NA
"2004-11-01","Monday","daily",FALSE,0,0,NA
"2004-11-02","Tuesday","daily",FALSE,0,0,NA
"2004-11-03","Wednesday","daily",FALSE,0,0,NA
"2004-11-04","Thursday","daily",TRUE,5,0,NA
"2004-11-05","Friday","daily",FALSE,0,0,NA
"2004-11-06","Saturday","daily",FALSE,0,0,NA
"2004-11-07","Sunday","daily",FALSE,0,0,NA
"2004-11-08","Monday","daily",FALSE,0,0,NA
"2004-11-09","Tuesday","daily",FALSE,0,0,NA
"2004-11-10","Wednesday","daily",FALSE,0,0,NA
"2004-11-11","Thursday","daily",FALSE,0,0,NA
"2004-11-12","Friday","daily",FALSE,0,0,NA
"2004-11-13","Saturday","daily",FALSE,0,0,NA
"2004-11-14","Sunday","daily",FALSE,0,16,NA
"2004-11-15","Monday","daily",FALSE,0,0,NA
"2004-11-16","Tuesday","daily",FALSE,0,0,NA
"2004-11-17","Wednesday","daily",FALSE,0,0,NA
"2004-11-18","Thursday","daily",FALSE,0,0,NA
"2004-11-19","Friday","daily",FALSE,0,0,NA
"2004-11-20","Saturday","daily",FALSE,0,0,NA
"2004-11-21","Sunday","daily",FALSE,0,0,NA
"2004-11-22","Monday","daily",FALSE,0,0,NA
"2004-11-23","Tuesday","daily",FALSE,0,0,NA
"2004-11-24","Wednesday","daily",FALSE,0,0,NA
"2004-11-25","Thursday","daily",FALSE,0,0,NA
"2004-11-26","Friday","daily",FALSE,0,0,NA
"2004-11-27","Saturday","daily",FALSE,0,0,NA
"2004-11-28","Sunday","daily",FALSE,0,0,NA
"2004-11-29","Monday","daily",FALSE,0,0,NA
"2004-11-30","Tuesday","daily",FALSE,0,0,NA
"2004-12-01","Wednesday","daily",FALSE,0,0,NA
"2004-12-02","Thursday","daily",FALSE,0,0,NA
"2004-12-03","Friday","daily",FALSE,0,0,NA
"2004-12-04","Saturday","daily",FALSE,0,0,NA
"2004-12-05","Sunday","daily",FALSE,0,0,NA
"2004-12-06","Monday","daily",FALSE,0,0,NA
"2004-12-07","Tuesday","daily",FALSE,0,0,NA
"2004-12-08","Wednesday","daily",FALSE,0,0,NA
"2004-12-09","Thursday","daily",FALSE,0,0,NA
"2004-12-10","Friday","daily",FALSE,0,0,NA
"2004-12-11","Saturday","daily",FALSE,0,0,NA
"2004-12-12","Sunday","daily",FALSE,0,0,NA
"2004-12-13","Monday","daily",FALSE,0,0,NA
"2004-12-14","Tuesday","daily",FALSE,0,0,NA
"2004-12-15","Wednesday","daily",FALSE,0,0,NA
"2004-12-16","Thursday","daily",FALSE,0,0,NA
"2004-12-17","Friday","daily",TRUE,4,0,NA
"2004-12-18","Saturday","daily",FALSE,0,0,NA
"2004-12-19","Sunday","daily",FALSE,0,0,NA
"2004-12-20","Monday","daily",FALSE,0,0,NA
"2004-12-21","Tuesday","daily",FALSE,0,0,NA
"2004-12-22","Wednesday","daily",FALSE,0,0,NA
"2004-12-23","Thursday","daily",TRUE,5,0,NA
"2004-12-24","Friday","daily",FALSE,0,0,NA
"2004-12-25","Saturday","daily",FALSE,0,0,NA
"2004-12-26","Sunday","daily",FALSE,0,0,NA
"2004-12-27","Monday","daily",FALSE,0,0,NA
"2004-12-28","Tuesday","daily",FALSE,0,0,NA
"2004-12-29","Wednesday","daily",FALSE,0,0,NA
"2004-12-30","Thursday","daily",FALSE,0,0,NA
"2004-12-31","Friday","daily",FALSE,0,0,NA
"2005-01-01","Saturday","daily",FALSE,0,0,NA
"2005-01-02","Sunday","daily",FALSE,0,0,NA
"2005-01-03","Monday","daily",FALSE,0,0,NA
"2005-01-04","Tuesday","daily",FALSE,0,0,NA
"2005-01-05","Wednesday","daily",FALSE,0,0,NA
"2005-01-06","Thursday","daily",FALSE,0,0,NA
"2005-01-07","Friday","daily",FALSE,0,0,NA
"2005-01-08","Saturday","daily",FALSE,0,0,NA
"2005-01-09","Sunday","daily",FALSE,0,0,NA
"2005-01-10","Monday","daily",FALSE,0,0,NA
"2005-01-11","Tuesday","daily",FALSE,0,0,NA
"2005-01-12","Wednesday","daily",FALSE,0,0,NA
"2005-01-13","Thursday","daily",FALSE,0,0,NA
"2005-01-14","Friday","daily",FALSE,0,0,NA
"2005-01-15","Saturday","daily",FALSE,0,0,NA
"2005-01-16","Sunday","daily",FALSE,0,0,NA
"2005-01-17","Monday","daily",FALSE,0,0,NA
"2005-01-18","Tuesday","daily",FALSE,0,0,NA
"2005-01-19","Wednesday","daily",FALSE,0,0,NA
"2005-01-20","Thursday","daily",FALSE,0,0,NA
"2005-01-21","Friday","daily",FALSE,0,0,NA
"2005-01-22","Saturday","daily",FALSE,0,0,NA
"2005-01-23","Sunday","daily",FALSE,0,0,NA
"2005-01-24","Monday","daily",FALSE,0,0,NA
"2005-01-25","Tuesday","daily",FALSE,0,0,NA
"2005-01-26","Wednesday","daily",FALSE,0,0,NA
"2005-01-27","Thursday","daily",FALSE,0,0,NA
"2005-01-28","Friday","daily",FALSE,0,0,NA
"2005-01-29","Saturday","daily",FALSE,0,0,NA
"2005-01-30","Sunday","daily",FALSE,0,11,NA
"2005-01-31","Monday","daily",FALSE,0,0,NA
"2005-02-01","Tuesday","daily",FALSE,0,0,NA
"2005-02-02","Wednesday","daily",FALSE,0,0,NA
"2005-02-03","Thursday","daily",FALSE,0,0,NA
"2005-02-04","Friday","daily",FALSE,0,0,NA
"2005-02-05","Saturday","daily",FALSE,0,0,NA
"2005-02-06","Sunday","daily",FALSE,0,0,NA
"2005-02-07","Monday","daily",FALSE,0,0,NA
"2005-02-08","Tuesday","daily",FALSE,0,0,NA
"2005-02-09","Wednesday","daily",FALSE,0,0,NA
"2005-02-10","Thursday","daily",TRUE,10,0,NA
"2005-02-11","Friday","daily",FALSE,0,0,NA
"2005-02-12","Saturday","daily",FALSE,0,0,NA
"2005-02-13","Sunday","daily",FALSE,0,0,NA
"2005-02-14","Monday","daily",FALSE,0,0,NA
"2005-02-15","Tuesday","daily",FALSE,0,0,NA
"2005-02-16","Wednesday","daily",FALSE,0,0,NA
"2005-02-17","Thursday","daily",FALSE,0,0,NA
"2005-02-18","Friday","daily",FALSE,0,0,NA
"2005-02-19","Saturday","daily",FALSE,0,0,NA
"2005-02-20","Sunday","daily",TRUE,15,0,NA
"2005-02-21","Monday","daily",FALSE,0,0,NA
"2005-02-22","Tuesday","daily",FALSE,0,0,NA
"2005-02-23","Wednesday","daily",FALSE,0,0,NA
"2005-02-24","Thursday","daily",FALSE,0,0,NA
"2005-02-25","Friday","daily",FALSE,0,0,NA
"2005-02-26","Saturday","daily",FALSE,0,0,NA
"2005-02-27","Sunday","daily",FALSE,0,0,NA
"2005-02-28","Monday","daily",FALSE,0,0,NA
"2005-03-01","Tuesday","daily",FALSE,0,0,NA
"2005-03-02","Wednesday","daily",FALSE,0,0,NA
"2005-03-03","Thursday","daily",FALSE,0,0,NA
"2005-03-04","Friday","daily",FALSE,0,0,NA
"2005-03-05","Saturday","daily",FALSE,0,0,NA
"2005-03-06","Sunday","daily",FALSE,0,0,NA
"2005-03-07","Monday","daily",FALSE,0,0,NA
"2005-03-08","Tuesday","daily",FALSE,0,0,NA
"2005-03-09","Wednesday","daily",FALSE,0,0,NA
"2005-03-10","Thursday","daily",FALSE,0,0,NA
"2005-03-11","Friday","daily",FALSE,0,0,NA
"2005-03-12","Saturday","daily",FALSE,0,0,NA
"2005-03-13","Sunday","daily",FALSE,0,0,NA
"2005-03-14","Monday","daily",FALSE,0,0,NA
"2005-03-15","Tuesday","daily",FALSE,0,0,NA
"2005-03-16","Wednesday","daily",FALSE,0,0,NA
"2005-03-17","Thursday","daily",FALSE,0,0,NA
"2005-03-18","Friday","daily",FALSE,0,0,NA
"2005-03-19","Saturday","daily",FALSE,0,0,NA
"2005-03-20","Sunday","daily",FALSE,0,0,NA
"2005-03-21","Monday","daily",FALSE,0,0,NA
"2005-03-22","Tuesday","daily",FALSE,0,0,NA
"2005-03-23","Wednesday","daily",FALSE,0,0,NA
"2005-03-24","Thursday","daily",TRUE,4,0,NA
"2005-03-25","Friday","daily",FALSE,0,0,NA
"2005-03-26","Saturday","daily",FALSE,0,0,NA
"2005-03-27","Sunday","daily",FALSE,0,0,NA
"2005-03-28","Monday","daily",FALSE,0,0,NA
"2005-03-29","Tuesday","daily",FALSE,0,0,NA
"2005-03-30","Wednesday","daily",FALSE,0,0,NA
"2005-03-31","Thursday","daily",FALSE,0,0,NA
"2005-04-01","Friday","daily",FALSE,0,3,NA
"2005-04-02","Saturday","daily",FALSE,0,0,NA
"2005-04-03","Sunday","daily",FALSE,0,0,NA
"2005-04-04","Monday","daily",FALSE,0,0,NA
"2005-04-05","Tuesday","daily",FALSE,0,0,NA
"2005-04-06","Wednesday","daily",FALSE,0,0,NA
"2005-04-07","Thursday","daily",FALSE,0,0,NA
"2005-04-08","Friday","daily",FALSE,0,0,NA
"2005-04-09","Saturday","daily",FALSE,0,0,NA
"2005-04-10","Sunday","daily",TRUE,1,1,NA
"2005-04-11","Monday","daily",FALSE,0,0,NA
"2005-04-12","Tuesday","daily",FALSE,0,0,NA
"2005-04-13","Wednesday","daily",FALSE,0,0,NA
"2005-04-14","Thursday","daily",FALSE,0,0,NA
"2005-04-15","Friday","daily",FALSE,0,0,NA
"2005-04-16","Saturday","daily",FALSE,0,0,NA
"2005-04-17","Sunday","daily",FALSE,0,0,NA
"2005-04-18","Monday","daily",FALSE,0,0,NA
"2005-04-19","Tuesday","daily",FALSE,0,0,NA
"2005-04-20","Wednesday","daily",FALSE,0,0,NA
"2005-04-21","Thursday","daily",FALSE,0,0,NA
"2005-04-22","Friday","daily",FALSE,0,0,NA
"2005-04-23","Saturday","daily",FALSE,0,0,NA
"2005-04-24","Sunday","daily",TRUE,8,0,NA
"2005-04-25","Monday","daily",FALSE,0,0,NA
"2005-04-26","Tuesday","daily",FALSE,0,0,NA
"2005-04-27","Wednesday","daily",FALSE,0,0,NA
"2005-04-28","Thursday","daily",FALSE,0,0,NA
"2005-04-29","Friday","daily",FALSE,0,0,NA
"2005-04-30","Saturday","daily",FALSE,0,0,NA
"2005-05-01","Sunday","daily",FALSE,0,0,NA
"2005-05-02","Monday","daily",FALSE,0,0,NA
"2005-05-03","Tuesday","daily",FALSE,0,0,NA
"2005-05-04","Wednesday","daily",FALSE,0,0,NA
"2005-05-05","Thursday","daily",FALSE,0,0,NA
"2005-05-06","Friday","daily",FALSE,0,0,NA
"2005-05-07","Saturday","daily",FALSE,0,0,NA
"2005-05-08","Sunday","daily",FALSE,0,0,NA
"2005-05-09","Monday","daily",FALSE,0,0,NA
"2005-05-10","Tuesday","daily",FALSE,0,0,NA
"2005-05-11","Wednesday","daily",FALSE,0,0,NA
"2005-05-12","Thursday","daily",FALSE,0,0,NA
"2005-05-13","Friday","daily",TRUE,4,0,NA
"2005-05-14","Saturday","daily",FALSE,0,0,NA
"2005-05-15","Sunday","daily",FALSE,0,0,NA
"2005-05-16","Monday","daily",FALSE,0,0,NA
"2005-05-17","Tuesday","daily",FALSE,0,0,NA
"2005-05-18","Wednesday","daily",FALSE,0,0,NA
"2005-05-19","Thursday","daily",FALSE,0,0,NA
"2005-05-20","Friday","daily",FALSE,0,0,NA
"2005-05-21","Saturday","daily",FALSE,0,0,NA
"2005-05-22","Sunday","daily",FALSE,0,0,NA
"2005-05-23","Monday","daily",FALSE,0,0,NA
"2005-05-24","Tuesday","daily",FALSE,0,0,NA
"2005-05-25","Wednesday","daily",FALSE,0,0,NA
"2005-05-26","Thursday","daily",FALSE,0,0,NA
"2005-05-27","Friday","daily",FALSE,0,0,NA
"2005-05-28","Saturday","daily",FALSE,0,0,NA
"2005-05-29","Sunday","daily",FALSE,0,0,NA
"2005-05-30","Monday","daily",FALSE,0,0,NA
"2005-05-31","Tuesday","daily",FALSE,0,0,NA
"2005-06-01","Wednesday","daily",FALSE,0,0,NA
"2005-06-02","Thursday","daily",FALSE,0,0,NA
"2005-06-03","Friday","daily",FALSE,0,0,NA
"2005-06-04","Saturday","daily",FALSE,0,0,NA
"2005-06-05","Sunday","daily",FALSE,0,0,NA
"2005-06-06","Monday","daily",FALSE,0,0,NA
"2005-06-07","Tuesday","daily",FALSE,0,0,NA
"2005-06-08","Wednesday","daily",FALSE,0,0,NA
"2005-06-09","Thursday","daily",TRUE,17,0,NA
"2005-06-10","Friday","daily",FALSE,0,0,NA
"2005-06-11","Saturday","daily",FALSE,0,0,NA
"2005-06-12","Sunday","daily",FALSE,0,0,NA
"2005-06-13","Monday","daily",FALSE,0,0,NA
"2005-06-14","Tuesday","daily",FALSE,0,0,NA
"2005-06-15","Wednesday","daily",FALSE,0,0,NA
"2005-06-16","Thursday","daily",FALSE,0,0,NA
"2005-06-17","Friday","daily",FALSE,0,0,NA
"2005-06-18","Saturday","daily",FALSE,0,0,NA
"2005-06-19","Sunday","daily",FALSE,0,0,NA
"2005-06-20","Monday","daily",FALSE,0,0,NA
"2005-06-21","Tuesday","daily",FALSE,0,0,NA
"2005-06-22","Wednesday","daily",FALSE,0,0,NA
"2005-06-23","Thursday","daily",FALSE,0,0,NA
"2005-06-24","Friday","daily",FALSE,0,0,NA
"2005-06-25","Saturday","daily",FALSE,0,0,NA
"2005-06-26","Sunday","daily",FALSE,0,0,NA
"2005-06-27","Monday","daily",FALSE,0,0,NA
"2005-06-28","Tuesday","daily",FALSE,0,0,NA
"2005-06-29","Wednesday","daily",FALSE,0,0,NA
"2005-06-30","Thursday","daily",FALSE,0,0,NA
"2005-07-01","Friday","daily",FALSE,0,0,NA
"2005-07-02","Saturday","daily",FALSE,0,0,NA
"2005-07-03","Sunday","daily",FALSE,0,0,NA
"2005-07-04","Monday","daily",FALSE,0,0,NA
"2005-07-05","Tuesday","daily",FALSE,0,0,NA
"2005-07-06","Wednesday","daily",FALSE,0,0,NA
"2005-07-07","Thursday","daily",TRUE,5,0,NA
"2005-07-08","Friday","daily",FALSE,0,0,NA
"2005-07-09","Saturday","daily",FALSE,0,0,NA
"2005-07-10","Sunday","daily",FALSE,0,0,NA
"2005-07-11","Monday","daily",FALSE,0,0,NA
"2005-07-12","Tuesday","daily",FALSE,0,0,NA
"2005-07-13","Wednesday","daily",FALSE,0,0,NA
"2005-07-14","Thursday","daily",FALSE,0,0,NA
"2005-07-15","Friday","daily",FALSE,0,0,NA
"2005-07-16","Saturday","daily",FALSE,0,0,NA
"2005-07-17","Sunday","daily",FALSE,0,0,NA
"2005-07-18","Monday","daily",FALSE,0,0,NA
"2005-07-19","Tuesday","daily",FALSE,0,0,NA
"2005-07-20","Wednesday","daily",FALSE,0,0,NA
"2005-07-21","Thursday","daily",FALSE,0,0,NA
"2005-07-22","Friday","daily",FALSE,0,0,NA
"2005-07-23","Saturday","daily",FALSE,0,0,NA
"2005-07-24","Sunday","daily",FALSE,0,0,NA
"2005-07-25","Monday","daily",FALSE,0,0,NA
"2005-07-26","Tuesday","daily",FALSE,0,0,NA
"2005-07-27","Wednesday","daily",FALSE,0,0,NA
"2005-07-28","Thursday","daily",FALSE,0,0,NA
"2005-07-29","Friday","daily",FALSE,0,0,NA
"2005-07-30","Saturday","daily",FALSE,0,0,NA
"2005-07-31","Sunday","daily",TRUE,10,0,NA
"2005-08-01","Monday","daily",FALSE,0,0,NA
"2005-08-02","Tuesday","daily",FALSE,0,0,NA
"2005-08-03","Wednesday","daily",FALSE,0,0,NA
"2005-08-04","Thursday","daily",FALSE,0,0,NA
"2005-08-05","Friday","daily",FALSE,0,0,NA
"2005-08-06","Saturday","daily",FALSE,0,0,NA
"2005-08-07","Sunday","daily",FALSE,0,0,NA
"2005-08-08","Monday","daily",FALSE,0,0,NA
"2005-08-09","Tuesday","daily",FALSE,0,0,NA
"2005-08-10","Wednesday","daily",FALSE,0,0,NA
"2005-08-11","Thursday","daily",FALSE,0,0,NA
"2005-08-12","Friday","daily",FALSE,0,0,NA
"2005-08-13","Saturday","daily",FALSE,0,0,NA
"2005-08-14","Sunday","daily",FALSE,0,0,NA
"2005-08-15","Monday","daily",FALSE,0,0,NA
"2005-08-16","Tuesday","daily",FALSE,0,0,NA
"2005-08-17","Wednesday","daily",FALSE,0,0,NA
"2005-08-18","Thursday","daily",FALSE,0,0,NA
"2005-08-19","Friday","daily",FALSE,0,0,NA
"2005-08-20","Saturday","daily",FALSE,0,0,NA
"2005-08-21","Sunday","daily",FALSE,0,0,NA
"2005-08-22","Monday","daily",FALSE,0,0,NA
"2005-08-23","Tuesday","daily",FALSE,0,0,NA
"2005-08-24","Wednesday","daily",FALSE,0,0,NA
"2005-08-25","Thursday","daily",FALSE,0,0,NA
"2005-08-26","Friday","daily",FALSE,0,0,NA
"2005-08-27","Saturday","daily",FALSE,0,0,NA
"2005-08-28","Sunday","daily",FALSE,0,0,NA
"2005-08-29","Monday","daily",FALSE,0,0,NA
"2005-08-30","Tuesday","daily",FALSE,0,0,NA
"2005-08-31","Wednesday","daily",FALSE,0,0,NA
"2005-09-01","Thursday","daily",TRUE,4,0,NA
"2005-09-02","Friday","daily",FALSE,0,0,NA
"2005-09-03","Saturday","daily",FALSE,0,0,NA
"2005-09-04","Sunday","daily",FALSE,0,0,NA
"2005-09-05","Monday","daily",FALSE,0,0,NA
"2005-09-06","Tuesday","daily",FALSE,0,0,NA
"2005-09-07","Wednesday","daily",FALSE,0,0,NA
"2005-09-08","Thursday","daily",FALSE,0,0,NA
"2005-09-09","Friday","daily",FALSE,0,0,NA
"2005-09-10","Saturday","daily",FALSE,0,4,NA
"2005-09-11","Sunday","daily",FALSE,0,0,NA
"2005-09-12","Monday","daily",FALSE,0,0,NA
"2005-09-13","Tuesday","daily",FALSE,0,0,NA
"2005-09-14","Wednesday","daily",FALSE,0,0,NA
"2005-09-15","Thursday","daily",FALSE,0,0,NA
"2005-09-16","Friday","daily",FALSE,0,0,NA
"2005-09-17","Saturday","daily",FALSE,0,0,NA
"2005-09-18","Sunday","daily",FALSE,0,0,NA
"2005-09-19","Monday","daily",FALSE,0,0,NA
"2005-09-20","Tuesday","daily",FALSE,0,0,NA
"2005-09-21","Wednesday","daily",FALSE,0,0,NA
"2005-09-22","Thursday","daily",FALSE,0,5,NA
"2005-09-23","Friday","daily",FALSE,0,0,NA
"2005-09-24","Saturday","daily",FALSE,0,0,NA
"2005-09-25","Sunday","daily",FALSE,0,0,NA
"2005-09-26","Monday","daily",FALSE,0,0,NA
"2005-09-27","Tuesday","daily",FALSE,0,0,NA
"2005-09-28","Wednesday","daily",FALSE,0,0,NA
"2005-09-29","Thursday","daily",FALSE,0,0,NA
"2005-09-30","Friday","daily",FALSE,0,0,NA
"2005-10-01","Saturday","daily",FALSE,0,0,NA
"2005-10-02","Sunday","daily",FALSE,0,9,NA
"2005-10-03","Monday","daily",FALSE,0,0,NA
"2005-10-04","Tuesday","daily",FALSE,0,0,NA
"2005-10-05","Wednesday","daily",FALSE,0,0,NA
"2005-10-06","Thursday","daily",FALSE,0,0,NA
"2005-10-07","Friday","daily",FALSE,0,0,NA
"2005-10-08","Saturday","daily",FALSE,0,0,NA
"2005-10-09","Sunday","daily",FALSE,0,0,NA
"2005-10-10","Monday","daily",FALSE,0,0,NA
"2005-10-11","Tuesday","daily",FALSE,0,0,NA
"2005-10-12","Wednesday","daily",FALSE,0,0,NA
"2005-10-13","Thursday","daily",FALSE,0,0,NA
"2005-10-14","Friday","daily",FALSE,0,0,NA
"2005-10-15","Saturday","daily",FALSE,0,0,NA
"2005-10-16","Sunday","daily",FALSE,0,0,NA
"2005-10-17","Monday","daily",FALSE,0,0,NA
"2005-10-18","Tuesday","daily",FALSE,0,0,NA
"2005-10-19","Wednesday","daily",FALSE,0,0,NA
"2005-10-20","Thursday","daily",FALSE,0,0,NA
"2005-10-21","Friday","daily",FALSE,0,0,NA
"2005-10-22","Saturday","daily",FALSE,0,0,NA
"2005-10-23","Sunday","daily",FALSE,0,0,NA
"2005-10-24","Monday","daily",FALSE,0,0,NA
"2005-10-25","Tuesday","daily",FALSE,0,0,NA
"2005-10-26","Wednesday","daily",FALSE,0,0,NA
"2005-10-27","Thursday","daily",TRUE,4,0,NA
"2005-10-28","Friday","daily",FALSE,0,0,NA
"2005-10-29","Saturday","daily",FALSE,0,0,NA
"2005-10-30","Sunday","daily",FALSE,0,0,NA
"2005-10-31","Monday","daily",FALSE,0,0,NA
"2005-11-01","Tuesday","daily",FALSE,0,0,NA
"2005-11-02","Wednesday","daily",FALSE,0,0,NA
"2005-11-03","Thursday","daily",FALSE,0,0,NA
"2005-11-04","Friday","daily",FALSE,0,0,NA
"2005-11-05","Saturday","daily",FALSE,0,0,NA
"2005-11-06","Sunday","daily",FALSE,0,0,NA
"2005-11-07","Monday","daily",FALSE,0,0,NA
"2005-11-08","Tuesday","daily",FALSE,0,0,NA
"2005-11-09","Wednesday","daily",FALSE,0,0,NA
"2005-11-10","Thursday","daily",TRUE,6,0,NA
"2005-11-11","Friday","daily",FALSE,0,0,NA
"2005-11-12","Saturday","daily",FALSE,0,0,NA
"2005-11-13","Sunday","daily",FALSE,0,0,NA
"2005-11-14","Monday","daily",FALSE,0,0,NA
"2005-11-15","Tuesday","daily",FALSE,0,0,NA
"2005-11-16","Wednesday","daily",FALSE,0,0,NA
"2005-11-17","Thursday","daily",FALSE,0,0,NA
"2005-11-18","Friday","daily",FALSE,0,0,NA
"2005-11-19","Saturday","daily",FALSE,0,0,NA
"2005-11-20","Sunday","daily",FALSE,0,0,NA
"2005-11-21","Monday","daily",FALSE,0,0,NA
"2005-11-22","Tuesday","daily",FALSE,0,0,NA
"2005-11-23","Wednesday","daily",FALSE,0,0,NA
"2005-11-24","Thursday","daily",FALSE,0,0,NA
"2005-11-25","Friday","daily",FALSE,0,0,NA
"2005-11-26","Saturday","daily",FALSE,0,0,NA
"2005-11-27","Sunday","daily",FALSE,0,0,NA
"2005-11-28","Monday","daily",FALSE,0,0,NA
"2005-11-29","Tuesday","daily",FALSE,0,0,NA
"2005-11-30","Wednesday","daily",FALSE,0,0,NA
"2005-12-01","Thursday","daily",FALSE,0,0,NA
"2005-12-02","Friday","daily",FALSE,0,0,NA
"2005-12-03","Saturday","daily",FALSE,0,0,NA
"2005-12-04","Sunday","daily",FALSE,0,0,NA
"2005-12-05","Monday","daily",FALSE,0,0,NA
"2005-12-06","Tuesday","daily",FALSE,0,0,NA
"2005-12-07","Wednesday","daily",FALSE,0,0,NA
"2005-12-08","Thursday","daily",TRUE,7,0,NA
"2005-12-09","Friday","daily",FALSE,0,0,NA
"2005-12-10","Saturday","daily",FALSE,0,0,NA
"2005-12-11","Sunday","daily",FALSE,0,0,NA
"2005-12-12","Monday","daily",FALSE,0,0,NA
"2005-12-13","Tuesday","daily",FALSE,0,0,NA
"2005-12-14","Wednesday","daily",FALSE,0,0,NA
"2005-12-15","Thursday","daily",FALSE,0,0,NA
"2005-12-16","Friday","daily",FALSE,0,0,NA
"2005-12-17","Saturday","daily",FALSE,0,0,NA
"2005-12-18","Sunday","daily",FALSE,0,0,NA
"2005-12-19","Monday","daily",FALSE,0,0,NA
"2005-12-20","Tuesday","daily",FALSE,0,0,NA
"2005-12-21","Wednesday","daily",FALSE,0,0,NA
"2005-12-22","Thursday","daily",FALSE,0,0,NA
"2005-12-23","Friday","daily",FALSE,0,0,NA
"2005-12-24","Saturday","daily",FALSE,0,0,NA
"2005-12-25","Sunday","daily",TRUE,20,0,NA
"2005-12-26","Monday","daily",FALSE,0,0,NA
"2005-12-27","Tuesday","daily",FALSE,0,0,NA
"2005-12-28","Wednesday","daily",FALSE,0,0,NA
"2005-12-29","Thursday","daily",FALSE,0,0,NA
"2005-12-30","Friday","daily",FALSE,0,0,NA
"2005-12-31","Saturday","daily",FALSE,0,0,NA
"2006-01-01","Sunday","daily",FALSE,0,0,NA
"2006-01-02","Monday","daily",FALSE,0,0,NA
"2006-01-03","Tuesday","daily",FALSE,0,0,NA
"2006-01-04","Wednesday","daily",FALSE,0,0,NA
"2006-01-05","Thursday","daily",FALSE,0,0,NA
"2006-01-06","Friday","daily",FALSE,0,0,NA
"2006-01-07","Saturday","daily",FALSE,0,0,NA
"2006-01-08","Sunday","daily",FALSE,0,0,NA
"2006-01-09","Monday","daily",FALSE,0,0,NA
"2006-01-10","Tuesday","daily",FALSE,0,0,NA
"2006-01-11","Wednesday","daily",FALSE,0,0,NA
"2006-01-12","Thursday","daily",TRUE,22,0,NA
"2006-01-13","Friday","daily",FALSE,0,0,NA
"2006-01-14","Saturday","daily",FALSE,0,0,NA
"2006-01-15","Sunday","daily",FALSE,0,0,NA
"2006-01-16","Monday","daily",FALSE,0,0,NA
"2006-01-17","Tuesday","daily",FALSE,0,0,NA
"2006-01-18","Wednesday","daily",FALSE,0,0,NA
"2006-01-19","Thursday","daily",FALSE,0,0,NA
"2006-01-20","Friday","daily",FALSE,0,0,NA
"2006-01-21","Saturday","daily",FALSE,0,0,NA
"2006-01-22","Sunday","daily",FALSE,0,0,NA
"2006-01-23","Monday","daily",FALSE,0,0,NA
"2006-01-24","Tuesday","daily",FALSE,0,0,NA
"2006-01-25","Wednesday","daily",FALSE,0,0,NA
"2006-01-26","Thursday","daily",FALSE,0,0,NA
"2006-01-27","Friday","daily",FALSE,0,0,NA
"2006-01-28","Saturday","daily",FALSE,0,0,NA
"2006-01-29","Sunday","daily",FALSE,0,0,NA
"2006-01-30","Monday","daily",FALSE,0,0,NA
"2006-01-31","Tuesday","daily",FALSE,0,0,NA
"2006-02-01","Wednesday","daily",FALSE,0,0,NA
"2006-02-02","Thursday","daily",FALSE,0,0,NA
"2006-02-03","Friday","daily",FALSE,0,0,NA
"2006-02-04","Saturday","daily",FALSE,0,0,NA
"2006-02-05","Sunday","daily",FALSE,0,0,NA
"2006-02-06","Monday","daily",FALSE,0,0,NA
"2006-02-07","Tuesday","daily",FALSE,0,0,NA
"2006-02-08","Wednesday","daily",FALSE,0,0,NA
"2006-02-09","Thursday","daily",FALSE,0,0,NA
"2006-02-10","Friday","daily",FALSE,0,0,NA
"2006-02-11","Saturday","daily",FALSE,0,0,NA
"2006-02-12","Sunday","daily",FALSE,0,0,NA
"2006-02-13","Monday","daily",FALSE,0,0,NA
"2006-02-14","Tuesday","daily",FALSE,0,0,NA
"2006-02-15","Wednesday","daily",FALSE,0,0,NA
"2006-02-16","Thursday","daily",TRUE,8,0,NA
"2006-02-17","Friday","daily",FALSE,0,0,NA
"2006-02-18","Saturday","daily",FALSE,0,0,NA
"2006-02-19","Sunday","daily",FALSE,0,0,NA
"2006-02-20","Monday","daily",FALSE,0,0,NA
"2006-02-21","Tuesday","daily",FALSE,0,0,NA
"2006-02-22","Wednesday","daily",FALSE,0,0,NA
"2006-02-23","Thursday","daily",FALSE,0,0,NA
"2006-02-24","Friday","daily",FALSE,0,0,NA
"2006-02-25","Saturday","daily",FALSE,0,0,NA
"2006-02-26","Sunday","daily",FALSE,0,0,NA
"2006-02-27","Monday","daily",FALSE,0,0,NA
"2006-02-28","Tuesday","daily",FALSE,0,0,NA
"2006-03-01","Wednesday","daily",FALSE,0,0,NA
"2006-03-02","Thursday","daily",FALSE,0,0,NA
"2006-03-03","Friday","daily",FALSE,0,0,NA
"2006-03-04","Saturday","daily",FALSE,0,0,NA
"2006-03-05","Sunday","daily",FALSE,0,0,NA
"2006-03-06","Monday","daily",FALSE,0,0,NA
"2006-03-07","Tuesday","daily",FALSE,0,0,NA
"2006-03-08","Wednesday","daily",FALSE,0,0,NA
"2006-03-09","Thursday","daily",FALSE,0,0,NA
"2006-03-10","Friday","daily",FALSE,0,0,NA
"2006-03-11","Saturday","daily",FALSE,0,0,NA
"2006-03-12","Sunday","daily",FALSE,0,0,NA
"2006-03-13","Monday","daily",FALSE,0,0,NA
"2006-03-14","Tuesday","daily",FALSE,0,0,NA
"2006-03-15","Wednesday","daily",FALSE,0,0,NA
"2006-03-16","Thursday","daily",FALSE,0,0,NA
"2006-03-17","Friday","daily",FALSE,0,0,NA
"2006-03-18","Saturday","daily",FALSE,0,0,NA
"2006-03-19","Sunday","daily",TRUE,6,0,NA
"2006-03-20","Monday","daily",FALSE,0,0,NA
"2006-03-21","Tuesday","daily",FALSE,0,0,NA
"2006-03-22","Wednesday","daily",FALSE,0,0,NA
"2006-03-23","Thursday","daily",FALSE,0,0,NA
"2006-03-24","Friday","daily",FALSE,0,0,NA
"2006-03-25","Saturday","daily",FALSE,0,0,NA
"2006-03-26","Sunday","daily",FALSE,0,0,NA
"2006-03-27","Monday","daily",FALSE,0,0,NA
"2006-03-28","Tuesday","daily",FALSE,0,0,NA
"2006-03-29","Wednesday","daily",FALSE,0,0,NA
"2006-03-30","Thursday","daily",FALSE,0,0,NA
"2006-03-31","Friday","daily",FALSE,0,0,NA
"2006-04-01","Saturday","daily",FALSE,0,0,NA
"2006-04-02","Sunday","daily",FALSE,0,0,NA
"2006-04-03","Monday","daily",FALSE,0,0,NA
"2006-04-04","Tuesday","daily",FALSE,0,0,NA
"2006-04-05","Wednesday","daily",FALSE,0,0,NA
"2006-04-06","Thursday","daily",FALSE,0,0,NA
"2006-04-07","Friday","daily",FALSE,0,0,NA
"2006-04-08","Saturday","daily",FALSE,0,0,NA
"2006-04-09","Sunday","daily",FALSE,0,0,NA
"2006-04-10","Monday","daily",FALSE,0,0,NA
"2006-04-11","Tuesday","daily",FALSE,0,0,NA
"2006-04-12","Wednesday","daily",FALSE,0,0,NA
"2006-04-13","Thursday","daily",TRUE,4,0,NA
"2006-04-14","Friday","daily",FALSE,0,0,NA
"2006-04-15","Saturday","daily",FALSE,0,0,NA
"2006-04-16","Sunday","daily",FALSE,0,0,NA
"2006-04-17","Monday","daily",FALSE,0,0,NA
"2006-04-18","Tuesday","daily",FALSE,0,0,NA
"2006-04-19","Wednesday","daily",FALSE,0,0,NA
"2006-04-20","Thursday","daily",FALSE,0,0,NA
"2006-04-21","Friday","daily",FALSE,0,0,NA
"2006-04-22","Saturday","daily",FALSE,0,0,NA
"2006-04-23","Sunday","daily",FALSE,0,0,NA
"2006-04-24","Monday","daily",FALSE,0,0,NA
"2006-04-25","Tuesday","daily",FALSE,0,0,NA
"2006-04-26","Wednesday","daily",FALSE,0,0,NA
"2006-04-27","Thursday","daily",FALSE,0,0,NA
"2006-04-28","Friday","daily",FALSE,0,0,NA
"2006-04-29","Saturday","daily",FALSE,0,0,NA
"2006-04-30","Sunday","daily",TRUE,14,0,NA
"2006-05-01","Monday","daily",FALSE,0,0,NA
"2006-05-02","Tuesday","daily",FALSE,0,0,NA
"2006-05-03","Wednesday","daily",FALSE,0,0,NA
"2006-05-04","Thursday","daily",FALSE,0,0,NA
"2006-05-05","Friday","daily",FALSE,0,0,NA
"2006-05-06","Saturday","daily",FALSE,0,0,NA
"2006-05-07","Sunday","daily",FALSE,0,0,NA
"2006-05-08","Monday","daily",FALSE,0,0,NA
"2006-05-09","Tuesday","daily",FALSE,0,0,NA
"2006-05-10","Wednesday","daily",FALSE,0,0,NA
"2006-05-11","Thursday","daily",FALSE,0,0,NA
"2006-05-12","Friday","daily",FALSE,0,0,NA
"2006-05-13","Saturday","daily",FALSE,0,0,NA
"2006-05-14","Sunday","daily",FALSE,0,0,NA
"2006-05-15","Monday","daily",FALSE,0,0,NA
"2006-05-16","Tuesday","daily",FALSE,0,0,NA
"2006-05-17","Wednesday","daily",FALSE,0,0,NA
"2006-05-18","Thursday","daily",TRUE,6,0,NA
"2006-05-19","Friday","daily",FALSE,0,0,NA
"2006-05-20","Saturday","daily",FALSE,0,0,NA
"2006-05-21","Sunday","daily",FALSE,0,0,NA
"2006-05-22","Monday","daily",FALSE,0,0,NA
"2006-05-23","Tuesday","daily",FALSE,0,0,NA
"2006-05-24","Wednesday","daily",FALSE,0,0,NA
"2006-05-25","Thursday","daily",FALSE,0,0,NA
"2006-05-26","Friday","daily",FALSE,0,0,NA
"2006-05-27","Saturday","daily",FALSE,0,0,NA
"2006-05-28","Sunday","daily",FALSE,0,0,NA
"2006-05-29","Monday","daily",FALSE,0,0,NA
"2006-05-30","Tuesday","daily",FALSE,0,0,NA
"2006-05-31","Wednesday","daily",FALSE,0,0,NA
"2006-06-01","Thursday","daily",FALSE,0,0,NA
"2006-06-02","Friday","daily",FALSE,0,0,NA
"2006-06-03","Saturday","daily",FALSE,0,0,NA
"2006-06-04","Sunday","daily",FALSE,0,0,NA
"2006-06-05","Monday","daily",FALSE,0,0,NA
"2006-06-06","Tuesday","daily",FALSE,0,0,NA
"2006-06-07","Wednesday","daily",FALSE,0,0,NA
"2006-06-08","Thursday","daily",FALSE,0,0,NA
"2006-06-09","Friday","daily",FALSE,0,0,NA
"2006-06-10","Saturday","daily",FALSE,0,0,NA
"2006-06-11","Sunday","daily",FALSE,0,0,NA
"2006-06-12","Monday","daily",FALSE,0,0,NA
"2006-06-13","Tuesday","daily",FALSE,0,0,NA
"2006-06-14","Wednesday","daily",FALSE,0,0,NA
"2006-06-15","Thursday","daily",FALSE,0,0,NA
"2006-06-16","Friday","daily",FALSE,0,0,NA
"2006-06-17","Saturday","daily",FALSE,0,0,NA
"2006-06-18","Sunday","daily",FALSE,0,0,NA
"2006-06-19","Monday","daily",FALSE,0,0,NA
"2006-06-20","Tuesday","daily",FALSE,0,0,NA
"2006-06-21","Wednesday","daily",FALSE,0,0,NA
"2006-06-22","Thursday","daily",TRUE,6,0,NA
"2006-06-23","Friday","daily",FALSE,0,0,NA
"2006-06-24","Saturday","daily",FALSE,0,0,NA
"2006-06-25","Sunday","daily",FALSE,0,0,NA
"2006-06-26","Monday","daily",FALSE,0,0,NA
"2006-06-27","Tuesday","daily",FALSE,0,2,NA
"2006-06-28","Wednesday","daily",FALSE,0,0,NA
"2006-06-29","Thursday","daily",FALSE,0,0,NA
"2006-06-30","Friday","daily",FALSE,0,0,NA
"2006-07-01","Saturday","daily",FALSE,0,0,NA
"2006-07-02","Sunday","daily",TRUE,10,0,NA
"2006-07-03","Monday","daily",FALSE,0,0,NA
"2006-07-04","Tuesday","daily",FALSE,0,0,NA
"2006-07-05","Wednesday","daily",FALSE,0,0,NA
"2006-07-06","Thursday","daily",FALSE,0,7,NA
"2006-07-07","Friday","daily",FALSE,0,0,NA
"2006-07-08","Saturday","daily",FALSE,0,0,NA
"2006-07-09","Sunday","daily",FALSE,0,0,NA
"2006-07-10","Monday","daily",FALSE,0,0,NA
"2006-07-11","Tuesday","daily",FALSE,0,0,NA
"2006-07-12","Wednesday","daily",FALSE,0,0,NA
"2006-07-13","Thursday","daily",FALSE,0,0,NA
"2006-07-14","Friday","daily",FALSE,0,0,NA
"2006-07-15","Saturday","daily",FALSE,0,0,NA
"2006-07-16","Sunday","daily",FALSE,0,0,NA
"2006-07-17","Monday","daily",FALSE,0,0,NA
"2006-07-18","Tuesday","daily",FALSE,0,0,NA
"2006-07-19","Wednesday","daily",FALSE,0,0,NA
"2006-07-20","Thursday","daily",FALSE,0,0,NA
"2006-07-21","Friday","daily",FALSE,0,0,NA
"2006-07-22","Saturday","daily",FALSE,0,0,NA
"2006-07-23","Sunday","daily",FALSE,0,0,NA
"2006-07-24","Monday","daily",FALSE,0,0,NA
"2006-07-25","Tuesday","daily",FALSE,0,0,NA
"2006-07-26","Wednesday","daily",FALSE,0,0,NA
"2006-07-27","Thursday","daily",FALSE,0,0,NA
"2006-07-28","Friday","daily",FALSE,0,0,NA
"2006-07-29","Saturday","daily",FALSE,0,0,NA
"2006-07-30","Sunday","daily",FALSE,0,0,NA
"2006-07-31","Monday","daily",FALSE,0,0,NA
"2006-08-01","Tuesday","daily",FALSE,0,0,NA
"2006-08-02","Wednesday","daily",FALSE,0,0,NA
"2006-08-03","Thursday","daily",TRUE,8,0,NA
"2006-08-04","Friday","daily",FALSE,0,0,NA
"2006-08-05","Saturday","daily",FALSE,0,0,NA
"2006-08-06","Sunday","daily",FALSE,0,0,NA
"2006-08-07","Monday","daily",FALSE,0,0,NA
"2006-08-08","Tuesday","daily",FALSE,0,0,NA
"2006-08-09","Wednesday","daily",FALSE,0,0,NA
"2006-08-10","Thursday","daily",FALSE,0,0,NA
"2006-08-11","Friday","daily",FALSE,0,0,NA
"2006-08-12","Saturday","daily",FALSE,0,0,NA
"2006-08-13","Sunday","daily",FALSE,0,0,NA
"2006-08-14","Monday","daily",FALSE,0,0,NA
"2006-08-15","Tuesday","daily",FALSE,0,0,NA
"2006-08-16","Wednesday","daily",FALSE,0,0,NA
"2006-08-17","Thursday","daily",FALSE,0,0,NA
"2006-08-18","Friday","daily",FALSE,0,0,NA
"2006-08-19","Saturday","daily",FALSE,0,0,NA
"2006-08-20","Sunday","daily",FALSE,0,0,NA
"2006-08-21","Monday","daily",FALSE,0,0,NA
"2006-08-22","Tuesday","daily",FALSE,0,0,NA
"2006-08-23","Wednesday","daily",FALSE,0,0,NA
"2006-08-24","Thursday","daily",FALSE,0,0,NA
"2006-08-25","Friday","daily",FALSE,0,0,NA
"2006-08-26","Saturday","daily",FALSE,0,0,NA
"2006-08-27","Sunday","daily",FALSE,0,0,NA
"2006-08-28","Monday","daily",FALSE,0,0,NA
"2006-08-29","Tuesday","daily",FALSE,0,0,NA
"2006-08-30","Wednesday","daily",FALSE,0,0,NA
"2006-08-31","Thursday","daily",FALSE,0,0,NA
"2006-09-01","Friday","daily",FALSE,0,0,NA
"2006-09-02","Saturday","daily",FALSE,0,0,NA
"2006-09-03","Sunday","daily",FALSE,0,0,NA
"2006-09-04","Monday","daily",FALSE,0,0,NA
"2006-09-05","Tuesday","daily",FALSE,0,0,NA
"2006-09-06","Wednesday","daily",FALSE,0,0,NA
"2006-09-07","Thursday","daily",FALSE,0,0,NA
"2006-09-08","Friday","daily",FALSE,0,0,NA
"2006-09-09","Saturday","daily",FALSE,0,0,NA
"2006-09-10","Sunday","daily",FALSE,0,0,NA
"2006-09-11","Monday","daily",FALSE,0,0,NA
"2006-09-12","Tuesday","daily",FALSE,0,0,NA
"2006-09-13","Wednesday","daily",FALSE,0,0,NA
"2006-09-14","Thursday","daily",FALSE,0,0,NA
"2006-09-15","Friday","daily",FALSE,0,0,NA
"2006-09-16","Saturday","daily",FALSE,0,0,NA
"2006-09-17","Sunday","daily",FALSE,0,0,NA
"2006-09-18","Monday","daily",FALSE,0,0,NA
"2006-09-19","Tuesday","daily",FALSE,0,0,NA
"2006-09-20","Wednesday","daily",FALSE,0,0,NA
"2006-09-21","Thursday","daily",FALSE,0,0,NA
"2006-09-22","Friday","daily",FALSE,0,0,NA
"2006-09-23","Saturday","daily",FALSE,0,0,NA
"2006-09-24","Sunday","daily",FALSE,0,0,NA
"2006-09-25","Monday","daily",FALSE,0,0,NA
"2006-09-26","Tuesday","daily",FALSE,0,0,NA
"2006-09-27","Wednesday","daily",FALSE,0,0,NA
"2006-09-28","Thursday","daily",FALSE,0,0,NA
"2006-09-29","Friday","daily",FALSE,0,0,NA
"2006-09-30","Saturday","daily",FALSE,0,0,NA
"2006-10-01","Sunday","daily",FALSE,0,0,NA
"2006-10-02","Monday","daily",FALSE,0,0,NA
"2006-10-03","Tuesday","daily",FALSE,0,0,NA
"2006-10-04","Wednesday","daily",FALSE,0,0,NA
"2006-10-05","Thursday","daily",FALSE,0,0,NA
"2006-10-06","Friday","daily",FALSE,0,0,NA
"2006-10-07","Saturday","daily",FALSE,0,0,NA
"2006-10-08","Sunday","daily",FALSE,0,0,NA
"2006-10-09","Monday","daily",FALSE,0,0,NA
"2006-10-10","Tuesday","daily",FALSE,0,0,NA
"2006-10-11","Wednesday","daily",FALSE,0,0,NA
"2006-10-12","Thursday","daily",TRUE,5,0,NA
"2006-10-13","Friday","daily",FALSE,0,0,NA
"2006-10-14","Saturday","daily",FALSE,0,0,NA
"2006-10-15","Sunday","daily",FALSE,0,0,NA
"2006-10-16","Monday","daily",FALSE,0,0,NA
"2006-10-17","Tuesday","daily",FALSE,0,0,NA
"2006-10-18","Wednesday","daily",FALSE,0,0,NA
"2006-10-19","Thursday","daily",FALSE,0,0,NA
"2006-10-20","Friday","daily",FALSE,0,0,NA
"2006-10-21","Saturday","daily",FALSE,0,0,NA
"2006-10-22","Sunday","daily",FALSE,0,0,NA
"2006-10-23","Monday","daily",FALSE,0,0,NA
"2006-10-24","Tuesday","daily",FALSE,0,0,NA
"2006-10-25","Wednesday","daily",FALSE,0,0,NA
"2006-10-26","Thursday","daily",FALSE,0,0,NA
"2006-10-27","Friday","daily",FALSE,0,0,NA
"2006-10-28","Saturday","daily",FALSE,0,0,NA
"2006-10-29","Sunday","daily",FALSE,0,0,NA
"2006-10-30","Monday","daily",FALSE,0,0,NA
"2006-10-31","Tuesday","daily",FALSE,0,0,NA
"2006-11-01","Wednesday","daily",FALSE,0,0,NA
"2006-11-02","Thursday","daily",FALSE,0,0,NA
"2006-11-03","Friday","daily",FALSE,0,0,NA
"2006-11-04","Saturday","daily",FALSE,0,0,NA
"2006-11-05","Sunday","daily",FALSE,0,0,NA
"2006-11-06","Monday","daily",FALSE,0,0,NA
"2006-11-07","Tuesday","daily",FALSE,0,0,NA
"2006-11-08","Wednesday","daily",FALSE,0,0,NA
"2006-11-09","Thursday","daily",FALSE,0,0,NA
"2006-11-10","Friday","daily",FALSE,0,0,NA
"2006-11-11","Saturday","daily",FALSE,0,0,NA
"2006-11-12","Sunday","daily",FALSE,0,0,NA
"2006-11-13","Monday","daily",FALSE,0,0,NA
"2006-11-14","Tuesday","daily",FALSE,0,0,NA
"2006-11-15","Wednesday","daily",TRUE,4,0,NA
"2006-11-16","Thursday","daily",FALSE,0,0,NA
"2006-11-17","Friday","daily",FALSE,0,0,NA
"2006-11-18","Saturday","daily",FALSE,0,0,NA
"2006-11-19","Sunday","daily",FALSE,0,0,NA
"2006-11-20","Monday","daily",FALSE,0,0,NA
"2006-11-21","Tuesday","daily",FALSE,0,0,NA
"2006-11-22","Wednesday","daily",FALSE,0,0,NA
"2006-11-23","Thursday","daily",FALSE,0,0,NA
"2006-11-24","Friday","daily",FALSE,0,0,NA
"2006-11-25","Saturday","daily",FALSE,0,0,NA
"2006-11-26","Sunday","daily",TRUE,8,0,NA
"2006-11-27","Monday","daily",FALSE,0,0,NA
"2006-11-28","Tuesday","daily",FALSE,0,0,NA
"2006-11-29","Wednesday","daily",FALSE,0,0,NA
"2006-11-30","Thursday","daily",FALSE,0,0,NA
"2006-12-01","Friday","daily",FALSE,0,0,NA
"2006-12-02","Saturday","daily",FALSE,0,0,NA
"2006-12-03","Sunday","daily",FALSE,0,0,NA
"2006-12-04","Monday","daily",FALSE,0,0,NA
"2006-12-05","Tuesday","daily",FALSE,0,0,NA
"2006-12-06","Wednesday","daily",FALSE,0,0,NA
"2006-12-07","Thursday","daily",FALSE,0,0,NA
"2006-12-08","Friday","daily",FALSE,0,0,NA
"2006-12-09","Saturday","daily",FALSE,0,0,NA
"2006-12-10","Sunday","daily",FALSE,0,0,NA
"2006-12-11","Monday","daily",FALSE,0,0,NA
"2006-12-12","Tuesday","daily",FALSE,0,0,NA
"2006-12-13","Wednesday","daily",FALSE,0,0,NA
"2006-12-14","Thursday","daily",FALSE,0,0,NA
"2006-12-15","Friday","daily",FALSE,0,0,NA
"2006-12-16","Saturday","daily",FALSE,0,0,NA
"2006-12-17","Sunday","daily",TRUE,11,0,NA
"2006-12-18","Monday","daily",FALSE,0,0,NA
"2006-12-19","Tuesday","daily",FALSE,0,0,NA
"2006-12-20","Wednesday","daily",FALSE,0,0,NA
"2006-12-21","Thursday","daily",FALSE,0,0,NA
"2006-12-22","Friday","daily",FALSE,0,0,NA
"2006-12-23","Saturday","daily",FALSE,0,0,NA
"2006-12-24","Sunday","daily",FALSE,0,0,NA
"2006-12-25","Monday","daily",FALSE,0,0,NA
"2006-12-26","Tuesday","daily",FALSE,0,0,NA
"2006-12-27","Wednesday","daily",FALSE,0,0,NA
"2006-12-28","Thursday","daily",FALSE,0,0,NA
"2006-12-29","Friday","daily",FALSE,0,0,NA
"2006-12-30","Saturday","daily",FALSE,0,0,NA
"2006-12-31","Sunday","daily",FALSE,0,0,NA
"2007-01-01","Monday","daily",FALSE,0,0,NA
"2007-01-02","Tuesday","daily",FALSE,0,0,NA
"2007-01-03","Wednesday","daily",FALSE,0,0,NA
"2007-01-04","Thursday","daily",FALSE,0,4,NA
"2007-01-05","Friday","daily",FALSE,0,0,NA
"2007-01-06","Saturday","daily",FALSE,0,0,NA
"2007-01-07","Sunday","daily",FALSE,0,0,NA
"2007-01-08","Monday","daily",FALSE,0,0,NA
"2007-01-09","Tuesday","daily",FALSE,0,0,NA
"2007-01-10","Wednesday","daily",FALSE,0,0,NA
"2007-01-11","Thursday","daily",FALSE,0,0,NA
"2007-01-12","Friday","daily",FALSE,0,0,NA
"2007-01-13","Saturday","daily",FALSE,0,0,NA
"2007-01-14","Sunday","daily",FALSE,0,0,NA
"2007-01-15","Monday","daily",FALSE,0,0,NA
"2007-01-16","Tuesday","daily",FALSE,0,0,NA
"2007-01-17","Wednesday","daily",FALSE,0,0,NA
"2007-01-18","Thursday","daily",FALSE,0,0,NA
"2007-01-19","Friday","daily",FALSE,0,0,NA
"2007-01-20","Saturday","daily",FALSE,0,0,NA
"2007-01-21","Sunday","daily",FALSE,0,0,NA
"2007-01-22","Monday","daily",FALSE,0,0,NA
"2007-01-23","Tuesday","daily",FALSE,0,0,NA
"2007-01-24","Wednesday","daily",FALSE,0,0,NA
"2007-01-25","Thursday","daily",FALSE,0,0,NA
"2007-01-26","Friday","daily",FALSE,0,0,NA
"2007-01-27","Saturday","daily",FALSE,0,0,NA
"2007-01-28","Sunday","daily",FALSE,0,0,NA
"2007-01-29","Monday","daily",FALSE,0,0,NA
"2007-01-30","Tuesday","daily",FALSE,0,0,NA
"2007-01-31","Wednesday","daily",FALSE,0,0,NA
"2007-02-01","Thursday","daily",FALSE,0,0,NA
"2007-02-02","Friday","daily",TRUE,12,0,NA
"2007-02-03","Saturday","daily",FALSE,0,0,NA
"2007-02-04","Sunday","daily",FALSE,0,0,NA
"2007-02-05","Monday","daily",FALSE,0,0,NA
"2007-02-06","Tuesday","daily",FALSE,0,0,NA
"2007-02-07","Wednesday","daily",FALSE,0,0,NA
"2007-02-08","Thursday","daily",FALSE,0,0,NA
"2007-02-09","Friday","daily",FALSE,0,0,NA
"2007-02-10","Saturday","daily",FALSE,0,0,NA
"2007-02-11","Sunday","daily",TRUE,14,0,NA
"2007-02-12","Monday","daily",FALSE,0,0,NA
"2007-02-13","Tuesday","daily",FALSE,0,0,NA
"2007-02-14","Wednesday","daily",FALSE,0,0,NA
"2007-02-15","Thursday","daily",FALSE,0,0,NA
"2007-02-16","Friday","daily",FALSE,0,0,NA
"2007-02-17","Saturday","daily",FALSE,0,0,NA
"2007-02-18","Sunday","daily",FALSE,0,0,NA
"2007-02-19","Monday","daily",FALSE,0,0,NA
"2007-02-20","Tuesday","daily",FALSE,0,0,NA
"2007-02-21","Wednesday","daily",FALSE,0,0,NA
"2007-02-22","Thursday","daily",FALSE,0,0,NA
"2007-02-23","Friday","daily",FALSE,0,0,NA
"2007-02-24","Saturday","daily",FALSE,0,0,NA
"2007-02-25","Sunday","daily",FALSE,0,0,NA
"2007-02-26","Monday","daily",FALSE,0,0,NA
"2007-02-27","Tuesday","daily",FALSE,0,0,NA
"2007-02-28","Wednesday","daily",FALSE,0,0,NA
"2007-03-01","Thursday","daily",FALSE,0,0,NA
"2007-03-02","Friday","daily",FALSE,0,0,NA
"2007-03-03","Saturday","daily",FALSE,0,0,NA
"2007-03-04","Sunday","daily",FALSE,0,0,NA
"2007-03-05","Monday","daily",FALSE,0,0,NA
"2007-03-06","Tuesday","daily",FALSE,0,0,NA
"2007-03-07","Wednesday","daily",FALSE,0,0,NA
"2007-03-08","Thursday","daily",FALSE,0,0,NA
"2007-03-09","Friday","daily",FALSE,0,0,NA
"2007-03-10","Saturday","daily",FALSE,0,0,NA
"2007-03-11","Sunday","daily",FALSE,0,0,NA
"2007-03-12","Monday","daily",FALSE,0,0,NA
"2007-03-13","Tuesday","daily",FALSE,0,0,NA
"2007-03-14","Wednesday","daily",TRUE,13,0,NA
"2007-03-15","Thursday","daily",FALSE,0,0,NA
"2007-03-16","Friday","daily",FALSE,0,0,NA
"2007-03-17","Saturday","daily",FALSE,0,0,NA
"2007-03-18","Sunday","daily",FALSE,0,9,NA
"2007-03-19","Monday","daily",FALSE,0,0,NA
"2007-03-20","Tuesday","daily",FALSE,0,0,NA
"2007-03-21","Wednesday","daily",FALSE,0,0,NA
"2007-03-22","Thursday","daily",FALSE,0,0,NA
"2007-03-23","Friday","daily",FALSE,0,0,NA
"2007-03-24","Saturday","daily",FALSE,0,0,NA
"2007-03-25","Sunday","daily",FALSE,0,0,NA
"2007-03-26","Monday","daily",FALSE,0,0,NA
"2007-03-27","Tuesday","daily",FALSE,0,0,NA
"2007-03-28","Wednesday","daily",FALSE,0,0,NA
"2007-03-29","Thursday","daily",FALSE,0,0,NA
"2007-03-30","Friday","daily",FALSE,0,0,NA
"2007-03-31","Saturday","daily",FALSE,0,0,NA
"2007-04-01","Sunday","daily",FALSE,0,0,NA
"2007-04-02","Monday","daily",FALSE,0,0,NA
"2007-04-03","Tuesday","daily",FALSE,0,0,NA
"2007-04-04","Wednesday","daily",FALSE,0,0,NA
"2007-04-05","Thursday","daily",FALSE,0,0,NA
"2007-04-06","Friday","daily",FALSE,0,0,NA
"2007-04-07","Saturday","daily",FALSE,0,0,NA
"2007-04-08","Sunday","daily",FALSE,0,0,NA
"2007-04-09","Monday","daily",FALSE,0,0,NA
"2007-04-10","Tuesday","daily",FALSE,0,0,NA
"2007-04-11","Wednesday","daily",FALSE,0,0,NA
"2007-04-12","Thursday","daily",FALSE,0,0,NA
"2007-04-13","Friday","daily",FALSE,0,0,NA
"2007-04-14","Saturday","daily",FALSE,0,0,NA
"2007-04-15","Sunday","daily",FALSE,0,0,NA
"2007-04-16","Monday","daily",FALSE,0,0,NA
"2007-04-17","Tuesday","daily",FALSE,0,0,NA
"2007-04-18","Wednesday","daily",FALSE,0,0,NA
"2007-04-19","Thursday","daily",FALSE,0,0,NA
"2007-04-20","Friday","daily",FALSE,0,0,NA
"2007-04-21","Saturday","daily",FALSE,0,0,NA
"2007-04-22","Sunday","daily",FALSE,0,0,NA
"2007-04-23","Monday","daily",FALSE,0,0,NA
"2007-04-24","Tuesday","daily",FALSE,0,0,NA
"2007-04-25","Wednesday","daily",FALSE,0,0,NA
"2007-04-26","Thursday","daily",TRUE,4,0,NA
"2007-04-27","Friday","daily",FALSE,0,0,NA
"2007-04-28","Saturday","daily",FALSE,0,0,NA
"2007-04-29","Sunday","daily",FALSE,0,0,NA
"2007-04-30","Monday","daily",FALSE,0,0,NA
"2007-05-01","Tuesday","daily",FALSE,0,0,NA
"2007-05-02","Wednesday","daily",FALSE,0,0,NA
"2007-05-03","Thursday","daily",FALSE,0,0,NA
"2007-05-04","Friday","daily",FALSE,0,0,NA
"2007-05-05","Saturday","daily",FALSE,0,0,NA
"2007-05-06","Sunday","daily",FALSE,0,0,NA
"2007-05-07","Monday","daily",FALSE,0,0,NA
"2007-05-08","Tuesday","daily",FALSE,0,0,NA
"2007-05-09","Wednesday","daily",FALSE,0,0,NA
"2007-05-10","Thursday","daily",FALSE,0,0,NA
"2007-05-11","Friday","daily",FALSE,0,0,NA
"2007-05-12","Saturday","daily",FALSE,0,0,NA
"2007-05-13","Sunday","daily",FALSE,0,0,NA
"2007-05-14","Monday","daily",FALSE,0,0,NA
"2007-05-15","Tuesday","daily",FALSE,0,0,NA
"2007-05-16","Wednesday","daily",FALSE,0,0,NA
"2007-05-17","Thursday","daily",TRUE,5,0,NA
"2007-05-18","Friday","daily",FALSE,0,0,NA
"2007-05-19","Saturday","daily",FALSE,0,0,NA
"2007-05-20","Sunday","daily",FALSE,0,0,NA
"2007-05-21","Monday","daily",FALSE,0,0,NA
"2007-05-22","Tuesday","daily",FALSE,0,0,NA
"2007-05-23","Wednesday","daily",FALSE,0,0,NA
"2007-05-24","Thursday","daily",FALSE,0,0,NA
"2007-05-25","Friday","daily",FALSE,0,0,NA
"2007-05-26","Saturday","daily",FALSE,0,0,NA
"2007-05-27","Sunday","daily",FALSE,0,0,NA
"2007-05-28","Monday","daily",FALSE,0,0,NA
"2007-05-29","Tuesday","daily",FALSE,0,0,NA
"2007-05-30","Wednesday","daily",FALSE,0,0,NA
"2007-05-31","Thursday","daily",FALSE,0,0,NA
"2007-06-01","Friday","daily",FALSE,0,0,NA
"2007-06-02","Saturday","daily",FALSE,0,0,NA
"2007-06-03","Sunday","daily",FALSE,0,0,NA
"2007-06-04","Monday","daily",FALSE,0,0,NA
"2007-06-05","Tuesday","daily",FALSE,0,0,NA
"2007-06-06","Wednesday","daily",FALSE,0,0,NA
"2007-06-07","Thursday","daily",TRUE,7,0,NA
"2007-06-08","Friday","daily",FALSE,0,0,NA
"2007-06-09","Saturday","daily",FALSE,0,0,NA
"2007-06-10","Sunday","daily",FALSE,0,0,NA
"2007-06-11","Monday","daily",FALSE,0,0,NA
"2007-06-12","Tuesday","daily",FALSE,0,0,NA
"2007-06-13","Wednesday","daily",FALSE,0,0,NA
"2007-06-14","Thursday","daily",FALSE,0,0,NA
"2007-06-15","Friday","daily",FALSE,0,0,NA
"2007-06-16","Saturday","daily",FALSE,0,0,NA
"2007-06-17","Sunday","daily",FALSE,0,0,NA
"2007-06-18","Monday","daily",FALSE,0,0,NA
"2007-06-19","Tuesday","daily",FALSE,0,0,NA
"2007-06-20","Wednesday","daily",FALSE,0,0,NA
"2007-06-21","Thursday","daily",FALSE,0,0,NA
"2007-06-22","Friday","daily",FALSE,0,0,NA
"2007-06-23","Saturday","daily",FALSE,0,0,NA
"2007-06-24","Sunday","daily",FALSE,0,0,NA
"2007-06-25","Monday","daily",FALSE,0,0,NA
"2007-06-26","Tuesday","daily",FALSE,0,0,NA
"2007-06-27","Wednesday","daily",FALSE,0,0,NA
"2007-06-28","Thursday","daily",FALSE,0,0,NA
"2007-06-29","Friday","daily",FALSE,0,0,NA
"2007-06-30","Saturday","daily",FALSE,0,0,NA
"2007-07-01","Sunday","daily",TRUE,4,0,NA
"2007-07-02","Monday","daily",FALSE,0,0,NA
"2007-07-03","Tuesday","daily",FALSE,0,0,NA
"2007-07-04","Wednesday","daily",FALSE,0,0,NA
"2007-07-05","Thursday","daily",FALSE,0,0,NA
"2007-07-06","Friday","daily",FALSE,0,0,NA
"2007-07-07","Saturday","daily",FALSE,0,0,NA
"2007-07-08","Sunday","daily",FALSE,0,0,NA
"2007-07-09","Monday","daily",FALSE,0,0,NA
"2007-07-10","Tuesday","daily",FALSE,0,0,NA
"2007-07-11","Wednesday","daily",FALSE,0,0,NA
"2007-07-12","Thursday","daily",FALSE,0,0,NA
"2007-07-13","Friday","daily",FALSE,0,0,NA
"2007-07-14","Saturday","daily",FALSE,0,0,NA
"2007-07-15","Sunday","daily",FALSE,0,0,NA
"2007-07-16","Monday","daily",FALSE,0,0,NA
"2007-07-17","Tuesday","daily",FALSE,0,0,NA
"2007-07-18","Wednesday","daily",FALSE,0,0,NA
"2007-07-19","Thursday","daily",FALSE,0,0,NA
"2007-07-20","Friday","daily",FALSE,0,0,NA
"2007-07-21","Saturday","daily",FALSE,0,0,NA
"2007-07-22","Sunday","daily",FALSE,0,0,NA
"2007-07-23","Monday","daily",FALSE,0,0,NA
"2007-07-24","Tuesday","daily",FALSE,0,0,NA
"2007-07-25","Wednesday","daily",FALSE,0,0,NA
"2007-07-26","Thursday","daily",FALSE,0,0,NA
"2007-07-27","Friday","daily",TRUE,6,0,NA
"2007-07-28","Saturday","daily",FALSE,0,0,NA
"2007-07-29","Sunday","daily",FALSE,0,0,NA
"2007-07-30","Monday","daily",FALSE,0,0,NA
"2007-07-31","Tuesday","daily",FALSE,0,0,NA
"2007-08-01","Wednesday","daily",FALSE,0,0,NA
"2007-08-02","Thursday","daily",FALSE,0,0,NA
"2007-08-03","Friday","daily",FALSE,0,0,NA
"2007-08-04","Saturday","daily",FALSE,0,0,NA
"2007-08-05","Sunday","daily",FALSE,0,0,NA
"2007-08-06","Monday","daily",FALSE,0,0,NA
"2007-08-07","Tuesday","daily",FALSE,0,0,NA
"2007-08-08","Wednesday","daily",FALSE,0,0,NA
"2007-08-09","Thursday","daily",FALSE,0,0,NA
"2007-08-10","Friday","daily",FALSE,0,0,NA
"2007-08-11","Saturday","daily",FALSE,0,0,NA
"2007-08-12","Sunday","daily",FALSE,0,0,NA
"2007-08-13","Monday","daily",FALSE,0,0,NA
"2007-08-14","Tuesday","daily",FALSE,0,0,NA
"2007-08-15","Wednesday","daily",FALSE,0,0,NA
"2007-08-16","Thursday","daily",FALSE,0,0,NA
"2007-08-17","Friday","daily",FALSE,0,0,NA
"2007-08-18","Saturday","daily",FALSE,0,0,NA
"2007-08-19","Sunday","daily",TRUE,10,0,NA
"2007-08-20","Monday","daily",FALSE,0,0,NA
"2007-08-21","Tuesday","daily",FALSE,0,0,NA
"2007-08-22","Wednesday","daily",FALSE,0,0,NA
"2007-08-23","Thursday","daily",FALSE,0,0,NA
"2007-08-24","Friday","daily",FALSE,0,0,NA
"2007-08-25","Saturday","daily",FALSE,0,0,NA
"2007-08-26","Sunday","daily",FALSE,0,0,NA
"2007-08-27","Monday","daily",FALSE,0,0,NA
"2007-08-28","Tuesday","daily",FALSE,0,0,NA
"2007-08-29","Wednesday","daily",TRUE,4,0,NA
"2007-08-30","Thursday","daily",FALSE,0,0,NA
"2007-08-31","Friday","daily",FALSE,0,0,NA
"2007-09-01","Saturday","daily",FALSE,0,0,NA
"2007-09-02","Sunday","daily",FALSE,0,0,NA
"2007-09-03","Monday","daily",FALSE,0,0,NA
"2007-09-04","Tuesday","daily",FALSE,0,0,NA
"2007-09-05","Wednesday","daily",FALSE,0,0,NA
"2007-09-06","Thursday","daily",FALSE,0,0,NA
"2007-09-07","Friday","daily",FALSE,0,0,NA
"2007-09-08","Saturday","daily",FALSE,0,0,NA
"2007-09-09","Sunday","daily",FALSE,0,0,NA
"2007-09-10","Monday","daily",FALSE,0,0,NA
"2007-09-11","Tuesday","daily",FALSE,0,0,NA
"2007-09-12","Wednesday","daily",FALSE,0,0,NA
"2007-09-13","Thursday","daily",FALSE,0,0,NA
"2007-09-14","Friday","daily",FALSE,0,0,NA
"2007-09-15","Saturday","daily",FALSE,0,0,NA
"2007-09-16","Sunday","daily",FALSE,0,0,NA
"2007-09-17","Monday","daily",FALSE,0,0,NA
"2007-09-18","Tuesday","daily",FALSE,0,0,NA
"2007-09-19","Wednesday","daily",FALSE,0,0,NA
"2007-09-20","Thursday","daily",TRUE,6,0,NA
"2007-09-21","Friday","daily",FALSE,0,0,NA
"2007-09-22","Saturday","daily",FALSE,0,0,NA
"2007-09-23","Sunday","daily",FALSE,0,0,NA
"2007-09-24","Monday","daily",FALSE,0,0,NA
"2007-09-25","Tuesday","daily",FALSE,0,0,NA
"2007-09-26","Wednesday","daily",FALSE,0,0,NA
"2007-09-27","Thursday","daily",FALSE,0,0,NA
"2007-09-28","Friday","daily",FALSE,0,0,NA
"2007-09-29","Saturday","daily",FALSE,0,0,NA
"2007-09-30","Sunday","daily",FALSE,0,0,NA
"2007-10-01","Monday","daily",FALSE,0,0,NA
"2007-10-02","Tuesday","daily",FALSE,0,0,NA
"2007-10-03","Wednesday","daily",FALSE,0,0,NA
"2007-10-04","Thursday","daily",FALSE,0,0,NA
"2007-10-05","Friday","daily",FALSE,0,0,NA
"2007-10-06","Saturday","daily",FALSE,0,0,NA
"2007-10-07","Sunday","daily",TRUE,9,0,NA
"2007-10-08","Monday","daily",FALSE,0,0,NA
"2007-10-09","Tuesday","daily",FALSE,0,0,NA
"2007-10-10","Wednesday","daily",FALSE,0,0,NA
"2007-10-11","Thursday","daily",FALSE,0,0,NA
"2007-10-12","Friday","daily",FALSE,0,0,NA
"2007-10-13","Saturday","daily",FALSE,0,0,NA
"2007-10-14","Sunday","daily",FALSE,0,0,NA
"2007-10-15","Monday","daily",FALSE,0,0,NA
"2007-10-16","Tuesday","daily",FALSE,0,0,NA
"2007-10-17","Wednesday","daily",FALSE,0,0,NA
"2007-10-18","Thursday","daily",FALSE,0,0,NA
"2007-10-19","Friday","daily",FALSE,0,0,NA
"2007-10-20","Saturday","daily",FALSE,0,0,NA
"2007-10-21","Sunday","daily",FALSE,0,0,NA
"2007-10-22","Monday","daily",FALSE,0,0,NA
"2007-10-23","Tuesday","daily",FALSE,0,0,NA
"2007-10-24","Wednesday","daily",FALSE,0,0,NA
"2007-10-25","Thursday","daily",FALSE,0,0,NA
"2007-10-26","Friday","daily",FALSE,0,0,NA
"2007-10-27","Saturday","daily",FALSE,0,0,NA
"2007-10-28","Sunday","daily",FALSE,0,0,NA
"2007-10-29","Monday","daily",FALSE,0,0,NA
"2007-10-30","Tuesday","daily",FALSE,0,0,NA
"2007-10-31","Wednesday","daily",TRUE,6,0,NA
"2007-11-01","Thursday","daily",FALSE,0,0,NA
"2007-11-02","Friday","daily",FALSE,0,0,NA
"2007-11-03","Saturday","daily",FALSE,0,0,NA
"2007-11-04","Sunday","daily",FALSE,0,0,NA
"2007-11-05","Monday","daily",FALSE,0,0,NA
"2007-11-06","Tuesday","daily",FALSE,0,0,NA
"2007-11-07","Wednesday","daily",FALSE,0,0,NA
"2007-11-08","Thursday","daily",FALSE,0,0,NA
"2007-11-09","Friday","daily",FALSE,0,0,NA
"2007-11-10","Saturday","daily",FALSE,0,0,NA
"2007-11-11","Sunday","daily",FALSE,0,0,NA
"2007-11-12","Monday","daily",FALSE,0,0,NA
"2007-11-13","Tuesday","daily",FALSE,0,0,NA
"2007-11-14","Wednesday","daily",FALSE,0,0,NA
"2007-11-15","Thursday","daily",FALSE,0,0,NA
"2007-11-16","Friday","daily",FALSE,0,0,NA
"2007-11-17","Saturday","daily",FALSE,0,0,NA
"2007-11-18","Sunday","daily",FALSE,0,0,NA
"2007-11-19","Monday","daily",FALSE,0,0,NA
"2007-11-20","Tuesday","daily",FALSE,0,0,NA
"2007-11-21","Wednesday","daily",FALSE,0,0,NA
"2007-11-22","Thursday","daily",FALSE,0,0,NA
"2007-11-23","Friday","daily",FALSE,0,0,NA
"2007-11-24","Saturday","daily",FALSE,0,0,NA
"2007-11-25","Sunday","daily",FALSE,0,0,NA
"2007-11-26","Monday","daily",FALSE,0,0,NA
"2007-11-27","Tuesday","daily",FALSE,0,0,NA
"2007-11-28","Wednesday","daily",FALSE,0,0,NA
"2007-11-29","Thursday","daily",TRUE,4,0,NA
"2007-11-30","Friday","daily",FALSE,0,0,NA
"2007-12-01","Saturday","daily",FALSE,0,0,NA
"2007-12-02","Sunday","daily",FALSE,0,0,NA
"2007-12-03","Monday","daily",FALSE,0,0,NA
"2007-12-04","Tuesday","daily",FALSE,0,0,NA
"2007-12-05","Wednesday","daily",FALSE,0,0,NA
"2007-12-06","Thursday","daily",FALSE,0,0,NA
"2007-12-07","Friday","daily",FALSE,0,0,NA
"2007-12-08","Saturday","daily",FALSE,0,0,NA
"2007-12-09","Sunday","daily",FALSE,0,0,NA
"2007-12-10","Monday","daily",FALSE,0,0,NA
"2007-12-11","Tuesday","daily",FALSE,0,0,NA
"2007-12-12","Wednesday","daily",FALSE,0,0,NA
"2007-12-13","Thursday","daily",FALSE,0,0,NA
"2007-12-14","Friday","daily",FALSE,0,0,NA
"2007-12-15","Saturday","daily",FALSE,0,0,NA
"2007-12-16","Sunday","daily",FALSE,0,0,NA
"2007-12-17","Monday","daily",FALSE,0,0,NA
"2007-12-18","Tuesday","daily",FALSE,0,0,NA
"2007-12-19","Wednesday","daily",FALSE,0,0,NA
"2007-12-20","Thursday","daily",FALSE,0,0,NA
"2007-12-21","Friday","daily",FALSE,0,0,NA
"2007-12-22","Saturday","daily",FALSE,0,0,NA
"2007-12-23","Sunday","daily",FALSE,0,0,NA
"2007-12-24","Monday","daily",FALSE,0,0,NA
"2007-12-25","Tuesday","daily",FALSE,0,0,NA
"2007-12-26","Wednesday","daily",FALSE,0,0,NA
"2007-12-27","Thursday","daily",FALSE,0,0,NA
"2007-12-28","Friday","daily",FALSE,0,0,NA
"2007-12-29","Saturday","daily",FALSE,0,0,NA
"2007-12-30","Sunday","daily",FALSE,0,0,NA
"2007-12-31","Monday","daily",FALSE,0,0,NA
"2008-01-01","Tuesday","daily",FALSE,0,0,NA
"2008-01-02","Wednesday","daily",FALSE,0,0,NA
"2008-01-03","Thursday","daily",FALSE,0,0,NA
"2008-01-04","Friday","daily",FALSE,0,0,NA
"2008-01-05","Saturday","daily",FALSE,0,0,NA
"2008-01-06","Sunday","daily",FALSE,0,0,NA
"2008-01-07","Monday","daily",FALSE,0,0,NA
"2008-01-08","Tuesday","daily",FALSE,0,0,NA
"2008-01-09","Wednesday","daily",FALSE,0,0,NA
"2008-01-10","Thursday","daily",FALSE,0,0,NA
"2008-01-11","Friday","daily",FALSE,0,0,NA
"2008-01-12","Saturday","daily",FALSE,0,0,NA
"2008-01-13","Sunday","daily",FALSE,0,0,NA
"2008-01-14","Monday","daily",FALSE,0,0,NA
"2008-01-15","Tuesday","daily",FALSE,0,0,NA
"2008-01-16","Wednesday","daily",FALSE,0,0,NA
"2008-01-17","Thursday","daily",FALSE,0,0,NA
"2008-01-18","Friday","daily",FALSE,0,0,NA
"2008-01-19","Saturday","daily",FALSE,0,0,NA
"2008-01-20","Sunday","daily",TRUE,6,0,NA
"2008-01-21","Monday","daily",FALSE,0,0,NA
"2008-01-22","Tuesday","daily",FALSE,0,0,NA
"2008-01-23","Wednesday","daily",FALSE,0,0,NA
"2008-01-24","Thursday","daily",FALSE,0,0,NA
"2008-01-25","Friday","daily",FALSE,0,0,NA
"2008-01-26","Saturday","daily",FALSE,0,0,NA
"2008-01-27","Sunday","daily",FALSE,0,0,NA
"2008-01-28","Monday","daily",FALSE,0,0,NA
"2008-01-29","Tuesday","daily",FALSE,0,0,NA
"2008-01-30","Wednesday","daily",FALSE,0,0,NA
"2008-01-31","Thursday","daily",FALSE,0,0,NA
"2008-02-01","Friday","daily",FALSE,0,0,NA
"2008-02-02","Saturday","daily",FALSE,0,0,NA
"2008-02-03","Sunday","daily",FALSE,0,0,NA
"2008-02-04","Monday","daily",FALSE,0,0,NA
"2008-02-05","Tuesday","daily",FALSE,0,0,NA
"2008-02-06","Wednesday","daily",FALSE,0,0,NA
"2008-02-07","Thursday","daily",FALSE,0,0,NA
"2008-02-08","Friday","daily",FALSE,0,0,NA
"2008-02-09","Saturday","daily",FALSE,0,0,NA
"2008-02-10","Sunday","daily",FALSE,0,0,NA
"2008-02-11","Monday","daily",FALSE,0,0,NA
"2008-02-12","Tuesday","daily",FALSE,0,0,NA
"2008-02-13","Wednesday","daily",FALSE,0,0,NA
"2008-02-14","Thursday","daily",TRUE,8,0,NA
"2008-02-15","Friday","daily",FALSE,0,0,NA
"2008-02-16","Saturday","daily",FALSE,0,0,NA
"2008-02-17","Sunday","daily",FALSE,0,0,NA
"2008-02-18","Monday","daily",FALSE,0,0,NA
"2008-02-19","Tuesday","daily",FALSE,0,0,NA
"2008-02-20","Wednesday","daily",FALSE,0,0,NA
"2008-02-21","Thursday","daily",FALSE,0,0,NA
"2008-02-22","Friday","daily",FALSE,0,0,NA
"2008-02-23","Saturday","daily",FALSE,0,0,NA
"2008-02-24","Sunday","daily",FALSE,0,0,NA
"2008-02-25","Monday","daily",FALSE,0,0,NA
"2008-02-26","Tuesday","daily",FALSE,0,0,NA
"2008-02-27","Wednesday","daily",FALSE,0,0,NA
"2008-02-28","Thursday","daily",FALSE,0,0,NA
"2008-02-29","Friday","daily",FALSE,0,0,NA
"2008-03-01","Saturday","daily",FALSE,0,0,NA
"2008-03-02","Sunday","daily",FALSE,0,0,NA
"2008-03-03","Monday","daily",FALSE,0,0,NA
"2008-03-04","Tuesday","daily",FALSE,0,0,NA
"2008-03-05","Wednesday","daily",FALSE,0,0,NA
"2008-03-06","Thursday","daily",FALSE,0,0,NA
"2008-03-07","Friday","daily",FALSE,0,0,NA
"2008-03-08","Saturday","daily",FALSE,0,0,NA
"2008-03-09","Sunday","daily",FALSE,0,0,NA
"2008-03-10","Monday","daily",FALSE,0,0,NA
"2008-03-11","Tuesday","daily",FALSE,0,0,NA
"2008-03-12","Wednesday","daily",FALSE,0,0,NA
"2008-03-13","Thursday","daily",TRUE,15,0,NA
"2008-03-14","Friday","daily",FALSE,0,0,NA
"2008-03-15","Saturday","daily",FALSE,0,0,NA
"2008-03-16","Sunday","daily",FALSE,0,0,NA
"2008-03-17","Monday","daily",FALSE,0,0,NA
"2008-03-18","Tuesday","daily",FALSE,0,0,NA
"2008-03-19","Wednesday","daily",FALSE,0,0,NA
"2008-03-20","Thursday","daily",FALSE,0,0,NA
"2008-03-21","Friday","daily",FALSE,0,0,NA
"2008-03-22","Saturday","daily",FALSE,0,0,NA
"2008-03-23","Sunday","daily",FALSE,0,0,NA
"2008-03-24","Monday","daily",FALSE,0,0,NA
"2008-03-25","Tuesday","daily",FALSE,0,0,NA
"2008-03-26","Wednesday","daily",FALSE,0,0,NA
"2008-03-27","Thursday","daily",FALSE,0,0,NA
"2008-03-28","Friday","daily",FALSE,0,0,NA
"2008-03-29","Saturday","daily",FALSE,0,0,NA
"2008-03-30","Sunday","daily",FALSE,0,0,NA
"2008-03-31","Monday","daily",FALSE,0,0,NA
"2008-04-01","Tuesday","daily",FALSE,0,0,NA
"2008-04-02","Wednesday","daily",FALSE,0,0,NA
"2008-04-03","Thursday","daily",TRUE,8,0,NA
"2008-04-04","Friday","daily",FALSE,0,0,NA
"2008-04-05","Saturday","daily",FALSE,0,0,NA
"2008-04-06","Sunday","daily",FALSE,0,0,NA
"2008-04-07","Monday","daily",FALSE,0,0,NA
"2008-04-08","Tuesday","daily",FALSE,0,0,NA
"2008-04-09","Wednesday","daily",FALSE,0,0,NA
"2008-04-10","Thursday","daily",FALSE,0,0,NA
"2008-04-11","Friday","daily",FALSE,0,0,NA
"2008-04-12","Saturday","daily",FALSE,0,0,NA
"2008-04-13","Sunday","daily",FALSE,0,0,NA
"2008-04-14","Monday","daily",FALSE,0,0,NA
"2008-04-15","Tuesday","daily",FALSE,0,0,NA
"2008-04-16","Wednesday","daily",FALSE,0,0,NA
"2008-04-17","Thursday","daily",FALSE,0,0,NA
"2008-04-18","Friday","daily",FALSE,0,0,NA
"2008-04-19","Saturday","daily",FALSE,0,0,NA
"2008-04-20","Sunday","daily",FALSE,0,0,NA
"2008-04-21","Monday","daily",FALSE,0,0,NA
"2008-04-22","Tuesday","daily",FALSE,0,0,NA
"2008-04-23","Wednesday","daily",FALSE,0,0,NA
"2008-04-24","Thursday","daily",FALSE,0,0,NA
"2008-04-25","Friday","daily",FALSE,0,0,NA
"2008-04-26","Saturday","daily",FALSE,0,0,NA
"2008-04-27","Sunday","daily",FALSE,0,0,NA
"2008-04-28","Monday","daily",FALSE,0,0,NA
"2008-04-29","Tuesday","daily",FALSE,0,0,NA
"2008-04-30","Wednesday","daily",FALSE,0,0,NA
"2008-05-01","Thursday","daily",TRUE,9,0,NA
"2008-05-02","Friday","daily",FALSE,0,0,NA
"2008-05-03","Saturday","daily",FALSE,0,0,NA
"2008-05-04","Sunday","daily",FALSE,0,0,NA
"2008-05-05","Monday","daily",FALSE,0,0,NA
"2008-05-06","Tuesday","daily",FALSE,0,0,NA
"2008-05-07","Wednesday","daily",FALSE,0,0,NA
"2008-05-08","Thursday","daily",FALSE,0,0,NA
"2008-05-09","Friday","daily",FALSE,0,0,NA
"2008-05-10","Saturday","daily",FALSE,0,0,NA
"2008-05-11","Sunday","daily",FALSE,0,0,NA
"2008-05-12","Monday","daily",FALSE,0,0,NA
"2008-05-13","Tuesday","daily",FALSE,0,0,NA
"2008-05-14","Wednesday","daily",FALSE,0,0,NA
"2008-05-15","Thursday","daily",FALSE,0,0,NA
"2008-05-16","Friday","daily",FALSE,0,0,NA
"2008-05-17","Saturday","daily",FALSE,0,0,NA
"2008-05-18","Sunday","daily",FALSE,0,0,NA
"2008-05-19","Monday","daily",FALSE,0,0,NA
"2008-05-20","Tuesday","daily",FALSE,0,0,NA
"2008-05-21","Wednesday","daily",FALSE,0,0,NA
"2008-05-22","Thursday","daily",FALSE,0,0,NA
"2008-05-23","Friday","daily",FALSE,0,0,NA
"2008-05-24","Saturday","daily",FALSE,0,0,NA
"2008-05-25","Sunday","daily",FALSE,0,0,NA
"2008-05-26","Monday","daily",FALSE,0,0,NA
"2008-05-27","Tuesday","daily",FALSE,0,0,NA
"2008-05-28","Wednesday","daily",FALSE,0,0,NA
"2008-05-29","Thursday","daily",TRUE,5,0,NA
"2008-05-30","Friday","daily",FALSE,0,0,NA
"2008-05-31","Saturday","daily",FALSE,0,0,NA
"2008-06-01","Sunday","daily",FALSE,0,0,NA
"2008-06-02","Monday","daily",FALSE,0,0,NA
"2008-06-03","Tuesday","daily",FALSE,0,0,NA
"2008-06-04","Wednesday","daily",FALSE,0,0,NA
"2008-06-05","Thursday","daily",FALSE,0,0,NA
"2008-06-06","Friday","daily",FALSE,0,0,NA
"2008-06-07","Saturday","daily",FALSE,0,0,NA
"2008-06-08","Sunday","daily",FALSE,0,0,NA
"2008-06-09","Monday","daily",FALSE,0,0,NA
"2008-06-10","Tuesday","daily",FALSE,0,0,NA
"2008-06-11","Wednesday","daily",FALSE,0,0,NA
"2008-06-12","Thursday","daily",FALSE,0,0,NA
"2008-06-13","Friday","daily",FALSE,0,0,NA
"2008-06-14","Saturday","daily",FALSE,0,0,NA
"2008-06-15","Sunday","daily",FALSE,0,0,NA
"2008-06-16","Monday","daily",FALSE,0,0,NA
"2008-06-17","Tuesday","daily",FALSE,0,0,NA
"2008-06-18","Wednesday","daily",FALSE,0,0,NA
"2008-06-19","Thursday","daily",FALSE,0,0,NA
"2008-06-20","Friday","daily",FALSE,0,0,NA
"2008-06-21","Saturday","daily",FALSE,0,0,NA
"2008-06-22","Sunday","daily",FALSE,0,0,NA
"2008-06-23","Monday","daily",FALSE,0,0,NA
"2008-06-24","Tuesday","daily",FALSE,0,0,NA
"2008-06-25","Wednesday","daily",FALSE,0,0,NA
"2008-06-26","Thursday","daily",TRUE,4,0,NA
"2008-06-27","Friday","daily",FALSE,0,0,NA
"2008-06-28","Saturday","daily",FALSE,0,0,NA
"2008-06-29","Sunday","daily",FALSE,0,0,NA
"2008-06-30","Monday","daily",FALSE,0,0,NA
"2008-07-01","Tuesday","daily",FALSE,0,0,NA
"2008-07-02","Wednesday","daily",FALSE,0,0,NA
"2008-07-03","Thursday","daily",FALSE,0,0,NA
"2008-07-04","Friday","daily",FALSE,0,0,NA
"2008-07-05","Saturday","daily",FALSE,0,0,NA
"2008-07-06","Sunday","daily",FALSE,0,0,NA
"2008-07-07","Monday","daily",FALSE,0,0,NA
"2008-07-08","Tuesday","daily",FALSE,0,0,NA
"2008-07-09","Wednesday","daily",FALSE,0,0,NA
"2008-07-10","Thursday","daily",FALSE,0,0,NA
"2008-07-11","Friday","daily",FALSE,0,0,NA
"2008-07-12","Saturday","daily",FALSE,0,0,NA
"2008-07-13","Sunday","daily",FALSE,0,0,NA
"2008-07-14","Monday","daily",FALSE,0,0,NA
"2008-07-15","Tuesday","daily",FALSE,0,0,NA
"2008-07-16","Wednesday","daily",FALSE,0,0,NA
"2008-07-17","Thursday","daily",FALSE,0,0,NA
"2008-07-18","Friday","daily",FALSE,0,0,NA
"2008-07-19","Saturday","daily",FALSE,0,0,NA
"2008-07-20","Sunday","daily",FALSE,0,0,NA
"2008-07-21","Monday","daily",FALSE,0,0,NA
"2008-07-22","Tuesday","daily",FALSE,0,0,NA
"2008-07-23","Wednesday","daily",FALSE,0,0,NA
"2008-07-24","Thursday","daily",FALSE,0,0,NA
"2008-07-25","Friday","daily",FALSE,0,0,NA
"2008-07-26","Saturday","daily",FALSE,0,0,NA
"2008-07-27","Sunday","daily",TRUE,16,0,NA
"2008-07-28","Monday","daily",FALSE,0,0,NA
"2008-07-29","Tuesday","daily",FALSE,0,0,NA
"2008-07-30","Wednesday","daily",FALSE,0,0,NA
"2008-07-31","Thursday","daily",FALSE,0,0,NA
"2008-08-01","Friday","daily",FALSE,0,0,NA
"2008-08-02","Saturday","daily",FALSE,0,0,NA
"2008-08-03","Sunday","daily",FALSE,0,0,NA
"2008-08-04","Monday","daily",FALSE,0,0,NA
"2008-08-05","Tuesday","daily",FALSE,0,0,NA
"2008-08-06","Wednesday","daily",FALSE,0,0,NA
"2008-08-07","Thursday","daily",FALSE,0,0,NA
"2008-08-08","Friday","daily",FALSE,0,0,NA
"2008-08-09","Saturday","daily",FALSE,0,0,NA
"2008-08-10","Sunday","daily",FALSE,0,0,NA
"2008-08-11","Monday","daily",FALSE,0,0,NA
"2008-08-12","Tuesday","daily",FALSE,0,0,NA
"2008-08-13","Wednesday","daily",FALSE,0,0,NA
"2008-08-14","Thursday","daily",FALSE,0,0,NA
"2008-08-15","Friday","daily",FALSE,0,0,NA
"2008-08-16","Saturday","daily",FALSE,0,0,NA
"2008-08-17","Sunday","daily",FALSE,0,0,NA
"2008-08-18","Monday","daily",FALSE,0,0,NA
"2008-08-19","Tuesday","daily",FALSE,0,0,NA
"2008-08-20","Wednesday","daily",FALSE,0,0,NA
"2008-08-21","Thursday","daily",FALSE,0,0,NA
"2008-08-22","Friday","daily",FALSE,0,0,NA
"2008-08-23","Saturday","daily",FALSE,0,0,NA
"2008-08-24","Sunday","daily",FALSE,0,0,NA
"2008-08-25","Monday","daily",FALSE,0,0,NA
"2008-08-26","Tuesday","daily",FALSE,0,0,NA
"2008-08-27","Wednesday","daily",FALSE,0,0,NA
"2008-08-28","Thursday","daily",FALSE,0,0,NA
"2008-08-29","Friday","daily",FALSE,0,0,NA
"2008-08-30","Saturday","daily",FALSE,0,0,NA
"2008-08-31","Sunday","daily",FALSE,0,0,NA
"2008-09-01","Monday","daily",FALSE,0,0,NA
"2008-09-02","Tuesday","daily",FALSE,0,0,NA
"2008-09-03","Wednesday","daily",FALSE,0,0,NA
"2008-09-04","Thursday","daily",FALSE,0,0,NA
"2008-09-05","Friday","daily",FALSE,0,0,NA
"2008-09-06","Saturday","daily",FALSE,0,0,NA
"2008-09-07","Sunday","daily",FALSE,0,0,NA
"2008-09-08","Monday","daily",FALSE,0,0,NA
"2008-09-09","Tuesday","daily",FALSE,0,0,NA
"2008-09-10","Wednesday","daily",FALSE,0,0,NA
"2008-09-11","Thursday","daily",TRUE,3,0,NA
"2008-09-12","Friday","daily",FALSE,0,0,NA
"2008-09-13","Saturday","daily",FALSE,0,0,NA
"2008-09-14","Sunday","daily",TRUE,12,0,NA
"2008-09-15","Monday","daily",FALSE,0,0,NA
"2008-09-16","Tuesday","daily",FALSE,0,0,NA
"2008-09-17","Wednesday","daily",FALSE,0,0,NA
"2008-09-18","Thursday","daily",FALSE,0,0,NA
"2008-09-19","Friday","daily",FALSE,0,0,NA
"2008-09-20","Saturday","daily",FALSE,0,0,NA
"2008-09-21","Sunday","daily",FALSE,0,0,NA
"2008-09-22","Monday","daily",FALSE,0,0,NA
"2008-09-23","Tuesday","daily",FALSE,0,0,NA
"2008-09-24","Wednesday","daily",FALSE,0,0,NA
"2008-09-25","Thursday","daily",FALSE,0,0,NA
"2008-09-26","Friday","daily",FALSE,0,0,NA
"2008-09-27","Saturday","daily",FALSE,0,0,NA
"2008-09-28","Sunday","daily",FALSE,0,0,NA
"2008-09-29","Monday","daily",FALSE,0,0,NA
"2008-09-30","Tuesday","daily",FALSE,0,0,NA
"2008-10-01","Wednesday","daily",FALSE,0,0,NA
"2008-10-02","Thursday","daily",FALSE,0,0,NA
"2008-10-03","Friday","daily",FALSE,0,0,NA
"2008-10-04","Saturday","daily",FALSE,0,0,NA
"2008-10-05","Sunday","daily",FALSE,0,0,NA
"2008-10-06","Monday","daily",FALSE,0,0,NA
"2008-10-07","Tuesday","daily",FALSE,0,0,NA
"2008-10-08","Wednesday","daily",FALSE,0,0,NA
"2008-10-09","Thursday","daily",TRUE,7,0,NA
"2008-10-10","Friday","daily",FALSE,0,0,NA
"2008-10-11","Saturday","daily",FALSE,0,0,NA
"2008-10-12","Sunday","daily",FALSE,0,0,NA
"2008-10-13","Monday","daily",FALSE,0,0,NA
"2008-10-14","Tuesday","daily",FALSE,0,0,NA
"2008-10-15","Wednesday","daily",FALSE,0,0,NA
"2008-10-16","Thursday","daily",FALSE,0,0,NA
"2008-10-17","Friday","daily",FALSE,0,0,NA
"2008-10-18","Saturday","daily",FALSE,0,0,NA
"2008-10-19","Sunday","daily",FALSE,0,0,NA
"2008-10-20","Monday","daily",FALSE,0,0,NA
"2008-10-21","Tuesday","daily",FALSE,0,0,NA
"2008-10-22","Wednesday","daily",FALSE,0,0,NA
"2008-10-23","Thursday","daily",FALSE,0,0,NA
"2008-10-24","Friday","daily",FALSE,0,0,NA
"2008-10-25","Saturday","daily",FALSE,0,0,NA
"2008-10-26","Sunday","daily",FALSE,0,0,NA
"2008-10-27","Monday","daily",FALSE,0,0,NA
"2008-10-28","Tuesday","daily",FALSE,0,0,NA
"2008-10-29","Wednesday","daily",FALSE,0,0,NA
"2008-10-30","Thursday","daily",FALSE,0,0,NA
"2008-10-31","Friday","daily",FALSE,0,0,NA
"2008-11-01","Saturday","daily",FALSE,0,0,NA
"2008-11-02","Sunday","daily",TRUE,1,0,NA
"2008-11-03","Monday","daily",FALSE,0,0,NA
"2008-11-04","Tuesday","daily",FALSE,0,0,NA
"2008-11-05","Wednesday","daily",FALSE,0,0,NA
"2008-11-06","Thursday","daily",TRUE,13,0,NA
"2008-11-07","Friday","daily",FALSE,0,0,NA
"2008-11-08","Saturday","daily",FALSE,0,0,NA
"2008-11-09","Sunday","daily",FALSE,0,0,NA
"2008-11-10","Monday","daily",FALSE,0,0,NA
"2008-11-11","Tuesday","daily",FALSE,0,0,NA
"2008-11-12","Wednesday","daily",FALSE,0,0,NA
"2008-11-13","Thursday","daily",FALSE,0,0,NA
"2008-11-14","Friday","daily",FALSE,0,0,NA
"2008-11-15","Saturday","daily",FALSE,0,0,NA
"2008-11-16","Sunday","daily",FALSE,0,0,NA
"2008-11-17","Monday","daily",FALSE,0,0,NA
"2008-11-18","Tuesday","daily",FALSE,0,0,NA
"2008-11-19","Wednesday","daily",FALSE,0,0,NA
"2008-11-20","Thursday","daily",FALSE,0,0,NA
"2008-11-21","Friday","daily",FALSE,0,0,NA
"2008-11-22","Saturday","daily",FALSE,0,0,NA
"2008-11-23","Sunday","daily",FALSE,0,0,NA
"2008-11-24","Monday","daily",FALSE,0,0,NA
"2008-11-25","Tuesday","daily",FALSE,0,0,NA
"2008-11-26","Wednesday","daily",FALSE,0,0,NA
"2008-11-27","Thursday","daily",FALSE,0,0,NA
"2008-11-28","Friday","daily",FALSE,0,0,NA
"2008-11-29","Saturday","daily",FALSE,0,0,NA
"2008-11-30","Sunday","daily",FALSE,0,0,NA
"2008-12-01","Monday","daily",FALSE,0,0,NA
"2008-12-02","Tuesday","daily",FALSE,0,0,NA
"2008-12-03","Wednesday","daily",FALSE,0,0,NA
"2008-12-04","Thursday","daily",FALSE,0,0,NA
"2008-12-05","Friday","daily",FALSE,0,0,NA
"2008-12-06","Saturday","daily",FALSE,0,0,NA
"2008-12-07","Sunday","daily",FALSE,0,0,NA
"2008-12-08","Monday","daily",FALSE,0,0,NA
"2008-12-09","Tuesday","daily",FALSE,0,0,NA
"2008-12-10","Wednesday","daily",FALSE,0,0,NA
"2008-12-11","Thursday","daily",TRUE,7,0,NA
"2008-12-12","Friday","daily",FALSE,0,0,NA
"2008-12-13","Saturday","daily",FALSE,0,0,NA
"2008-12-14","Sunday","daily",FALSE,0,0,NA
"2008-12-15","Monday","daily",FALSE,0,0,NA
"2008-12-16","Tuesday","daily",FALSE,0,0,NA
"2008-12-17","Wednesday","daily",FALSE,0,0,NA
"2008-12-18","Thursday","daily",FALSE,0,0,NA
"2008-12-19","Friday","daily",FALSE,0,0,NA
"2008-12-20","Saturday","daily",FALSE,0,0,NA
"2008-12-21","Sunday","daily",TRUE,21,0,NA
"2008-12-22","Monday","daily",FALSE,0,0,NA
"2008-12-23","Tuesday","daily",FALSE,0,0,NA
"2008-12-24","Wednesday","daily",FALSE,0,0,NA
"2008-12-25","Thursday","daily",FALSE,0,0,NA
"2008-12-26","Friday","daily",FALSE,0,0,NA
"2008-12-27","Saturday","daily",FALSE,0,0,NA
"2008-12-28","Sunday","daily",FALSE,0,0,NA
"2008-12-29","Monday","daily",FALSE,0,0,NA
"2008-12-30","Tuesday","daily",FALSE,0,0,NA
"2008-12-31","Wednesday","daily",FALSE,0,0,NA
"2009-01-01","Thursday","daily",FALSE,0,0,NA
"2009-01-02","Friday","daily",FALSE,0,0,NA
"2009-01-03","Saturday","daily",FALSE,0,0,NA
"2009-01-04","Sunday","daily",FALSE,0,0,NA
"2009-01-05","Monday","daily",FALSE,0,0,NA
"2009-01-06","Tuesday","daily",FALSE,0,0,NA
"2009-01-07","Wednesday","daily",FALSE,0,0,NA
"2009-01-08","Thursday","daily",FALSE,0,0,NA
"2009-01-09","Friday","daily",FALSE,0,0,NA
"2009-01-10","Saturday","daily",FALSE,0,0,NA
"2009-01-11","Sunday","daily",TRUE,28,0,NA
"2009-01-12","Monday","daily",FALSE,0,0,NA
"2009-01-13","Tuesday","daily",FALSE,0,0,NA
"2009-01-14","Wednesday","daily",FALSE,0,0,NA
"2009-01-15","Thursday","daily",FALSE,0,0,NA
"2009-01-16","Friday","daily",FALSE,0,0,NA
"2009-01-17","Saturday","daily",FALSE,0,0,NA
"2009-01-18","Sunday","daily",FALSE,0,0,NA
"2009-01-19","Monday","daily",FALSE,0,0,NA
"2009-01-20","Tuesday","daily",FALSE,0,0,NA
"2009-01-21","Wednesday","daily",FALSE,0,0,NA
"2009-01-22","Thursday","daily",TRUE,6,0,NA
"2009-01-23","Friday","daily",FALSE,0,0,NA
"2009-01-24","Saturday","daily",FALSE,0,0,NA
"2009-01-25","Sunday","daily",FALSE,0,0,NA
"2009-01-26","Monday","daily",FALSE,0,0,NA
"2009-01-27","Tuesday","daily",FALSE,0,0,NA
"2009-01-28","Wednesday","daily",FALSE,0,0,NA
"2009-01-29","Thursday","daily",FALSE,0,0,NA
"2009-01-30","Friday","daily",FALSE,0,0,NA
"2009-01-31","Saturday","daily",FALSE,0,0,NA
"2009-02-01","Sunday","daily",FALSE,0,0,NA
"2009-02-02","Monday","daily",FALSE,0,0,NA
"2009-02-03","Tuesday","daily",FALSE,0,0,NA
"2009-02-04","Wednesday","daily",FALSE,0,0,NA
"2009-02-05","Thursday","daily",FALSE,0,0,NA
"2009-02-06","Friday","daily",FALSE,0,0,NA
"2009-02-07","Saturday","daily",FALSE,0,0,NA
"2009-02-08","Sunday","daily",FALSE,0,0,NA
"2009-02-09","Monday","daily",FALSE,0,0,NA
"2009-02-10","Tuesday","daily",FALSE,0,0,NA
"2009-02-11","Wednesday","daily",FALSE,0,0,NA
"2009-02-12","Thursday","daily",FALSE,0,0,NA
"2009-02-13","Friday","daily",FALSE,0,0,NA
"2009-02-14","Saturday","daily",FALSE,0,0,NA
"2009-02-15","Sunday","daily",FALSE,0,0,NA
"2009-02-16","Monday","daily",FALSE,0,0,NA
"2009-02-17","Tuesday","daily",FALSE,0,0,NA
"2009-02-18","Wednesday","daily",FALSE,0,0,NA
"2009-02-19","Thursday","daily",FALSE,0,0,NA
"2009-02-20","Friday","daily",FALSE,0,0,NA
"2009-02-21","Saturday","daily",FALSE,0,0,NA
"2009-02-22","Sunday","daily",FALSE,0,0,NA
"2009-02-23","Monday","daily",FALSE,0,0,NA
"2009-02-24","Tuesday","daily",FALSE,0,0,NA
"2009-02-25","Wednesday","daily",FALSE,0,0,NA
"2009-02-26","Thursday","daily",FALSE,0,0,NA
"2009-02-27","Friday","daily",FALSE,0,0,NA
"2009-02-28","Saturday","daily",FALSE,0,0,NA
"2009-03-01","Sunday","daily",FALSE,0,0,NA
"2009-03-02","Monday","daily",FALSE,0,0,NA
"2009-03-03","Tuesday","daily",FALSE,0,0,NA
"2009-03-04","Wednesday","daily",TRUE,8,0,NA
"2009-03-05","Thursday","daily",FALSE,0,0,NA
"2009-03-06","Friday","daily",FALSE,0,0,NA
"2009-03-07","Saturday","daily",FALSE,0,0,NA
"2009-03-08","Sunday","daily",FALSE,0,0,NA
"2009-03-09","Monday","daily",FALSE,0,0,NA
"2009-03-10","Tuesday","daily",FALSE,0,0,NA
"2009-03-11","Wednesday","daily",FALSE,0,0,NA
"2009-03-12","Thursday","daily",TRUE,4,0,NA
"2009-03-13","Friday","daily",FALSE,0,0,NA
"2009-03-14","Saturday","daily",FALSE,0,0,NA
"2009-03-15","Sunday","daily",FALSE,0,0,NA
"2009-03-16","Monday","daily",FALSE,0,0,NA
"2009-03-17","Tuesday","daily",FALSE,0,0,NA
"2009-03-18","Wednesday","daily",FALSE,0,0,NA
"2009-03-19","Thursday","daily",FALSE,0,0,NA
"2009-03-20","Friday","daily",FALSE,0,0,NA
"2009-03-21","Saturday","daily",FALSE,0,0,NA
"2009-03-22","Sunday","daily",FALSE,0,0,NA
"2009-03-23","Monday","daily",FALSE,0,0,NA
"2009-03-24","Tuesday","daily",FALSE,0,0,NA
"2009-03-25","Wednesday","daily",FALSE,0,0,NA
"2009-03-26","Thursday","daily",FALSE,0,0,NA
"2009-03-27","Friday","daily",FALSE,0,0,NA
"2009-03-28","Saturday","daily",FALSE,0,0,NA
"2009-03-29","Sunday","daily",TRUE,9,0,NA
"2009-03-30","Monday","daily",FALSE,0,0,NA
"2009-03-31","Tuesday","daily",FALSE,0,0,NA
"2009-04-01","Wednesday","daily",FALSE,0,0,NA
"2009-04-02","Thursday","daily",FALSE,0,0,NA
"2009-04-03","Friday","daily",FALSE,0,0,NA
"2009-04-04","Saturday","daily",FALSE,0,0,NA
"2009-04-05","Sunday","daily",FALSE,0,0,NA
"2009-04-06","Monday","daily",FALSE,0,0,NA
"2009-04-07","Tuesday","daily",FALSE,0,0,NA
"2009-04-08","Wednesday","daily",FALSE,0,0,NA
"2009-04-09","Thursday","daily",FALSE,0,0,NA
"2009-04-10","Friday","daily",FALSE,0,0,NA
"2009-04-11","Saturday","daily",FALSE,0,0,NA
"2009-04-12","Sunday","daily",FALSE,0,0,NA
"2009-04-13","Monday","daily",FALSE,0,0,NA
"2009-04-14","Tuesday","daily",FALSE,0,0,NA
"2009-04-15","Wednesday","daily",FALSE,0,0,NA
"2009-04-16","Thursday","daily",FALSE,0,0,NA
"2009-04-17","Friday","daily",FALSE,0,0,NA
"2009-04-18","Saturday","daily",FALSE,0,0,NA
"2009-04-19","Sunday","daily",FALSE,0,0,NA
"2009-04-20","Monday","daily",FALSE,0,0,NA
"2009-04-21","Tuesday","daily",FALSE,0,0,NA
"2009-04-22","Wednesday","daily",FALSE,0,0,NA
"2009-04-23","Thursday","daily",FALSE,0,0,NA
"2009-04-24","Friday","daily",FALSE,0,0,NA
"2009-04-25","Saturday","daily",FALSE,0,0,NA
"2009-04-26","Sunday","daily",TRUE,35,0,NA
"2009-04-27","Monday","daily",FALSE,0,0,NA
"2009-04-28","Tuesday","daily",FALSE,0,0,NA
"2009-04-29","Wednesday","daily",FALSE,0,0,NA
"2009-04-30","Thursday","daily",FALSE,0,0,NA
"2009-05-01","Friday","daily",FALSE,0,0,NA
"2009-05-02","Saturday","daily",FALSE,0,0,NA
"2009-05-03","Sunday","daily",FALSE,0,0,NA
"2009-05-04","Monday","daily",FALSE,0,0,NA
"2009-05-05","Tuesday","daily",FALSE,0,0,NA
"2009-05-06","Wednesday","daily",FALSE,0,0,NA
"2009-05-07","Thursday","daily",TRUE,4,0,NA
"2009-05-08","Friday","daily",FALSE,0,0,NA
"2009-05-09","Saturday","daily",FALSE,0,0,NA
"2009-05-10","Sunday","daily",FALSE,0,0,NA
"2009-05-11","Monday","daily",FALSE,0,0,NA
"2009-05-12","Tuesday","daily",FALSE,0,0,NA
"2009-05-13","Wednesday","daily",FALSE,0,0,NA
"2009-05-14","Thursday","daily",FALSE,0,0,NA
"2009-05-15","Friday","daily",FALSE,0,0,NA
"2009-05-16","Saturday","daily",FALSE,0,0,NA
"2009-05-17","Sunday","daily",FALSE,0,0,NA
"2009-05-18","Monday","daily",FALSE,0,0,NA
"2009-05-19","Tuesday","daily",FALSE,0,0,NA
"2009-05-20","Wednesday","daily",FALSE,0,0,NA
"2009-05-21","Thursday","daily",FALSE,0,0,NA
"2009-05-22","Friday","daily",FALSE,0,0,NA
"2009-05-23","Saturday","daily",FALSE,0,0,NA
"2009-05-24","Sunday","daily",FALSE,0,0,NA
"2009-05-25","Monday","daily",FALSE,0,0,NA
"2009-05-26","Tuesday","daily",FALSE,0,0,NA
"2009-05-27","Wednesday","daily",FALSE,0,0,NA
"2009-05-28","Thursday","daily",FALSE,0,0,NA
"2009-05-29","Friday","daily",FALSE,0,0,NA
"2009-05-30","Saturday","daily",FALSE,0,0,NA
"2009-05-31","Sunday","daily",FALSE,0,0,NA
"2009-06-01","Monday","daily",FALSE,0,0,NA
"2009-06-02","Tuesday","daily",FALSE,0,0,NA
"2009-06-03","Wednesday","daily",FALSE,0,0,NA
"2009-06-04","Thursday","daily",FALSE,0,0,NA
"2009-06-05","Friday","daily",FALSE,0,0,NA
"2009-06-06","Saturday","daily",FALSE,0,0,NA
"2009-06-07","Sunday","daily",TRUE,7,0,NA
"2009-06-08","Monday","daily",FALSE,0,0,NA
"2009-06-09","Tuesday","daily",FALSE,0,0,NA
"2009-06-10","Wednesday","daily",FALSE,0,0,NA
"2009-06-11","Thursday","daily",FALSE,0,0,NA
"2009-06-12","Friday","daily",FALSE,0,0,NA
"2009-06-13","Saturday","daily",FALSE,0,0,NA
"2009-06-14","Sunday","daily",FALSE,0,0,NA
"2009-06-15","Monday","daily",FALSE,0,0,NA
"2009-06-16","Tuesday","daily",FALSE,0,0,NA
"2009-06-17","Wednesday","daily",FALSE,0,0,NA
"2009-06-18","Thursday","daily",FALSE,0,0,NA
"2009-06-19","Friday","daily",FALSE,0,0,NA
"2009-06-20","Saturday","daily",FALSE,0,0,NA
"2009-06-21","Sunday","daily",FALSE,0,0,NA
"2009-06-22","Monday","daily",FALSE,0,0,NA
"2009-06-23","Tuesday","daily",FALSE,0,0,NA
"2009-06-24","Wednesday","daily",FALSE,0,0,NA
"2009-06-25","Thursday","daily",FALSE,0,0,NA
"2009-06-26","Friday","daily",FALSE,0,0,NA
"2009-06-27","Saturday","daily",FALSE,0,0,NA
"2009-06-28","Sunday","daily",FALSE,0,0,NA
"2009-06-29","Monday","daily",FALSE,0,0,NA
"2009-06-30","Tuesday","daily",FALSE,0,0,NA
"2009-07-01","Wednesday","daily",FALSE,0,0,NA
"2009-07-02","Thursday","daily",TRUE,4,0,NA
"2009-07-03","Friday","daily",FALSE,0,0,NA
"2009-07-04","Saturday","daily",FALSE,0,0,NA
"2009-07-05","Sunday","daily",FALSE,0,0,NA
"2009-07-06","Monday","daily",FALSE,0,0,NA
"2009-07-07","Tuesday","daily",FALSE,0,0,NA
"2009-07-08","Wednesday","daily",FALSE,0,0,NA
"2009-07-09","Thursday","daily",FALSE,0,0,NA
"2009-07-10","Friday","daily",FALSE,0,0,NA
"2009-07-11","Saturday","daily",FALSE,0,0,NA
"2009-07-12","Sunday","daily",FALSE,0,0,NA
"2009-07-13","Monday","daily",FALSE,0,0,NA
"2009-07-14","Tuesday","daily",FALSE,0,0,NA
"2009-07-15","Wednesday","daily",FALSE,0,0,NA
"2009-07-16","Thursday","daily",FALSE,0,2,NA
"2009-07-17","Friday","daily",FALSE,0,0,NA
"2009-07-18","Saturday","daily",FALSE,0,0,NA
"2009-07-19","Sunday","daily",FALSE,0,0,NA
"2009-07-20","Monday","daily",FALSE,0,0,NA
"2009-07-21","Tuesday","daily",FALSE,0,0,NA
"2009-07-22","Wednesday","daily",FALSE,0,0,NA
"2009-07-23","Thursday","daily",FALSE,0,0,NA
"2009-07-24","Friday","daily",FALSE,0,0,NA
"2009-07-25","Saturday","daily",FALSE,0,0,NA
"2009-07-26","Sunday","daily",TRUE,5,0,NA
"2009-07-27","Monday","daily",FALSE,0,0,NA
"2009-07-28","Tuesday","daily",FALSE,0,0,NA
"2009-07-29","Wednesday","daily",FALSE,0,0,NA
"2009-07-30","Thursday","daily",FALSE,0,0,NA
"2009-07-31","Friday","daily",FALSE,0,0,NA
"2009-08-01","Saturday","daily",FALSE,0,0,NA
"2009-08-02","Sunday","daily",TRUE,12,0,NA
"2009-08-03","Monday","daily",FALSE,0,0,NA
"2009-08-04","Tuesday","daily",FALSE,0,0,NA
"2009-08-05","Wednesday","daily",FALSE,0,0,NA
"2009-08-06","Thursday","daily",FALSE,0,0,NA
"2009-08-07","Friday","daily",FALSE,0,0,NA
"2009-08-08","Saturday","daily",FALSE,0,0,NA
"2009-08-09","Sunday","daily",FALSE,0,0,NA
"2009-08-10","Monday","daily",FALSE,0,0,NA
"2009-08-11","Tuesday","daily",FALSE,0,0,NA
"2009-08-12","Wednesday","daily",FALSE,0,0,NA
"2009-08-13","Thursday","daily",FALSE,0,0,NA
"2009-08-14","Friday","daily",FALSE,0,0,NA
"2009-08-15","Saturday","daily",FALSE,0,0,NA
"2009-08-16","Sunday","daily",FALSE,0,0,NA
"2009-08-17","Monday","daily",FALSE,0,0,NA
"2009-08-18","Tuesday","daily",FALSE,0,0,NA
"2009-08-19","Wednesday","daily",FALSE,0,0,NA
"2009-08-20","Thursday","daily",FALSE,0,5,NA
"2009-08-21","Friday","daily",FALSE,0,0,NA
"2009-08-22","Saturday","daily",FALSE,0,0,NA
"2009-08-23","Sunday","daily",FALSE,0,0,NA
"2009-08-24","Monday","daily",FALSE,0,0,NA
"2009-08-25","Tuesday","daily",FALSE,0,0,NA
"2009-08-26","Wednesday","daily",FALSE,0,0,NA
"2009-08-27","Thursday","daily",FALSE,0,0,NA
"2009-08-28","Friday","daily",FALSE,0,0,NA
"2009-08-29","Saturday","daily",FALSE,0,0,NA
"2009-08-30","Sunday","daily",FALSE,0,0,NA
"2009-08-31","Monday","daily",FALSE,0,0,NA
"2009-09-01","Tuesday","daily",FALSE,0,0,NA
"2009-09-02","Wednesday","daily",FALSE,0,0,NA
"2009-09-03","Thursday","daily",FALSE,0,0,NA
"2009-09-04","Friday","daily",FALSE,0,0,NA
"2009-09-05","Saturday","daily",FALSE,0,0,NA
"2009-09-06","Sunday","daily",FALSE,0,0,NA
"2009-09-07","Monday","daily",FALSE,0,0,NA
"2009-09-08","Tuesday","daily",FALSE,0,0,NA
"2009-09-09","Wednesday","daily",FALSE,0,0,NA
"2009-09-10","Thursday","daily",TRUE,8,0,NA
"2009-09-11","Friday","daily",FALSE,0,0,NA
"2009-09-12","Saturday","daily",FALSE,0,0,NA
"2009-09-13","Sunday","daily",FALSE,0,0,NA
"2009-09-14","Monday","daily",FALSE,0,0,NA
"2009-09-15","Tuesday","daily",FALSE,0,0,NA
"2009-09-16","Wednesday","daily",FALSE,0,0,NA
"2009-09-17","Thursday","daily",FALSE,0,0,NA
"2009-09-18","Friday","daily",FALSE,0,0,NA
"2009-09-19","Saturday","daily",FALSE,0,0,NA
"2009-09-20","Sunday","daily",FALSE,0,0,NA
"2009-09-21","Monday","daily",FALSE,0,0,NA
"2009-09-22","Tuesday","daily",FALSE,0,0,NA
"2009-09-23","Wednesday","daily",FALSE,0,0,NA
"2009-09-24","Thursday","daily",FALSE,0,0,NA
"2009-09-25","Friday","daily",FALSE,0,0,NA
"2009-09-26","Saturday","daily",FALSE,0,0,NA
"2009-09-27","Sunday","daily",TRUE,12,0,NA
"2009-09-28","Monday","daily",FALSE,0,0,NA
"2009-09-29","Tuesday","daily",FALSE,0,0,NA
"2009-09-30","Wednesday","daily",FALSE,0,0,NA
"2009-10-01","Thursday","daily",FALSE,0,0,NA
"2009-10-02","Friday","daily",FALSE,0,0,NA
"2009-10-03","Saturday","daily",FALSE,0,0,NA
"2009-10-04","Sunday","daily",FALSE,0,0,NA
"2009-10-05","Monday","daily",FALSE,0,0,NA
"2009-10-06","Tuesday","daily",FALSE,0,0,NA
"2009-10-07","Wednesday","daily",FALSE,0,0,NA
"2009-10-08","Thursday","daily",FALSE,0,0,NA
"2009-10-09","Friday","daily",FALSE,0,0,NA
"2009-10-10","Saturday","daily",FALSE,0,0,NA
"2009-10-11","Sunday","daily",FALSE,0,0,NA
"2009-10-12","Monday","daily",FALSE,0,0,NA
"2009-10-13","Tuesday","daily",FALSE,0,0,NA
"2009-10-14","Wednesday","daily",FALSE,0,0,NA
"2009-10-15","Thursday","daily",FALSE,0,0,NA
"2009-10-16","Friday","daily",FALSE,0,0,NA
"2009-10-17","Saturday","daily",FALSE,0,0,NA
"2009-10-18","Sunday","daily",FALSE,0,0,NA
"2009-10-19","Monday","daily",FALSE,0,0,NA
"2009-10-20","Tuesday","daily",FALSE,0,0,NA
"2009-10-21","Wednesday","daily",FALSE,0,0,NA
"2009-10-22","Thursday","daily",FALSE,0,0,NA
"2009-10-23","Friday","daily",FALSE,0,0,NA
"2009-10-24","Saturday","daily",FALSE,0,0,NA
"2009-10-25","Sunday","daily",FALSE,0,0,NA
"2009-10-26","Monday","daily",FALSE,0,0,NA
"2009-10-27","Tuesday","daily",FALSE,0,0,NA
"2009-10-28","Wednesday","daily",FALSE,0,0,NA
"2009-10-29","Thursday","daily",FALSE,0,0,NA
"2009-10-30","Friday","daily",FALSE,0,0,NA
"2009-10-31","Saturday","daily",FALSE,0,0,NA
"2009-11-01","Sunday","daily",FALSE,0,0,NA
"2009-11-02","Monday","daily",FALSE,0,0,NA
"2009-11-03","Tuesday","daily",FALSE,0,0,NA
"2009-11-04","Wednesday","daily",FALSE,0,0,NA
"2009-11-05","Thursday","daily",FALSE,0,0,NA
"2009-11-06","Friday","daily",FALSE,0,0,NA
"2009-11-07","Saturday","daily",FALSE,0,0,NA
"2009-11-08","Sunday","daily",FALSE,0,0,NA
"2009-11-09","Monday","daily",FALSE,0,0,NA
"2009-11-10","Tuesday","daily",FALSE,0,0,NA
"2009-11-11","Wednesday","daily",FALSE,0,0,NA
"2009-11-12","Thursday","daily",TRUE,5,0,NA
"2009-11-13","Friday","daily",FALSE,0,0,NA
"2009-11-14","Saturday","daily",FALSE,0,0,NA
"2009-11-15","Sunday","daily",FALSE,0,0,NA
"2009-11-16","Monday","daily",FALSE,0,0,NA
"2009-11-17","Tuesday","daily",FALSE,0,0,NA
"2009-11-18","Wednesday","daily",FALSE,0,0,NA
"2009-11-19","Thursday","daily",FALSE,0,0,NA
"2009-11-20","Friday","daily",FALSE,0,0,NA
"2009-11-21","Saturday","daily",FALSE,0,0,NA
"2009-11-22","Sunday","daily",FALSE,0,0,NA
"2009-11-23","Monday","daily",FALSE,0,0,NA
"2009-11-24","Tuesday","daily",FALSE,0,0,NA
"2009-11-25","Wednesday","daily",FALSE,0,0,NA
"2009-11-26","Thursday","daily",FALSE,0,0,NA
"2009-11-27","Friday","daily",FALSE,0,0,NA
"2009-11-28","Saturday","daily",FALSE,0,0,NA
"2009-11-29","Sunday","daily",FALSE,0,0,NA
"2009-11-30","Monday","daily",FALSE,0,0,NA
"2009-12-01","Tuesday","daily",FALSE,0,0,NA
"2009-12-02","Wednesday","daily",FALSE,0,0,NA
"2009-12-03","Thursday","daily",TRUE,1,0,NA
"2009-12-04","Friday","daily",FALSE,0,0,NA
"2009-12-05","Saturday","daily",FALSE,0,0,NA
"2009-12-06","Sunday","daily",FALSE,0,0,NA
"2009-12-07","Monday","daily",FALSE,0,0,NA
"2009-12-08","Tuesday","daily",FALSE,0,0,NA
"2009-12-09","Wednesday","daily",FALSE,0,0,NA
"2009-12-10","Thursday","daily",FALSE,0,0,NA
"2009-12-11","Friday","daily",FALSE,0,0,NA
"2009-12-12","Saturday","daily",FALSE,0,0,NA
"2009-12-13","Sunday","daily",FALSE,0,0,NA
"2009-12-14","Monday","daily",FALSE,0,0,NA
"2009-12-15","Tuesday","daily",FALSE,0,0,NA
"2009-12-16","Wednesday","daily",FALSE,0,0,NA
"2009-12-17","Thursday","daily",FALSE,0,0,NA
"2009-12-18","Friday","daily",FALSE,0,0,NA
"2009-12-19","Saturday","daily",FALSE,0,0,NA
"2009-12-20","Sunday","daily",FALSE,0,0,NA
"2009-12-21","Monday","daily",FALSE,0,0,NA
"2009-12-22","Tuesday","daily",FALSE,0,0,NA
"2009-12-23","Wednesday","daily",FALSE,0,0,NA
"2009-12-24","Thursday","daily",TRUE,9,0,NA
"2009-12-25","Friday","daily",FALSE,0,0,NA
"2009-12-26","Saturday","daily",FALSE,0,0,NA
"2009-12-27","Sunday","daily",FALSE,0,0,NA
"2009-12-28","Monday","daily",FALSE,0,0,NA
"2009-12-29","Tuesday","daily",FALSE,0,0,NA
"2009-12-30","Wednesday","daily",FALSE,0,0,NA
"2009-12-31","Thursday","daily",TRUE,3,0,NA
"2010-01-01","Friday","daily",FALSE,0,0,NA
"2010-01-02","Saturday","daily",FALSE,0,0,NA
"2010-01-03","Sunday","daily",FALSE,0,0,NA
"2010-01-04","Monday","daily",FALSE,0,0,NA
"2010-01-05","Tuesday","daily",FALSE,0,0,NA
"2010-01-06","Wednesday","daily",FALSE,0,0,NA
"2010-01-07","Thursday","daily",TRUE,5,0,NA
"2010-01-08","Friday","daily",FALSE,0,0,NA
"2010-01-09","Saturday","daily",FALSE,0,0,NA
"2010-01-10","Sunday","daily",FALSE,0,0,NA
"2010-01-11","Monday","daily",FALSE,0,0,NA
"2010-01-12","Tuesday","daily",FALSE,0,0,NA
"2010-01-13","Wednesday","daily",FALSE,0,0,NA
"2010-01-14","Thursday","daily",FALSE,0,0,NA
"2010-01-15","Friday","daily",FALSE,0,0,NA
"2010-01-16","Saturday","daily",FALSE,0,0,NA
"2010-01-17","Sunday","daily",FALSE,0,0,NA
"2010-01-18","Monday","daily",FALSE,0,0,NA
"2010-01-19","Tuesday","daily",FALSE,0,0,NA
"2010-01-20","Wednesday","daily",FALSE,0,0,NA
"2010-01-21","Thursday","daily",FALSE,0,0,NA
"2010-01-22","Friday","daily",FALSE,0,0,NA
"2010-01-23","Saturday","daily",FALSE,0,0,NA
"2010-01-24","Sunday","daily",FALSE,0,0,NA
"2010-01-25","Monday","daily",FALSE,0,0,NA
"2010-01-26","Tuesday","daily",FALSE,0,0,NA
"2010-01-27","Wednesday","daily",FALSE,0,0,NA
"2010-01-28","Thursday","daily",FALSE,0,0,NA
"2010-01-29","Friday","daily",FALSE,0,0,NA
"2010-01-30","Saturday","daily",FALSE,0,0,NA
"2010-01-31","Sunday","daily",FALSE,0,0,NA
"2010-02-01","Monday","daily",FALSE,0,0,NA
"2010-02-02","Tuesday","daily",FALSE,0,0,NA
"2010-02-03","Wednesday","daily",FALSE,0,0,NA
"2010-02-04","Thursday","daily",FALSE,0,0,NA
"2010-02-05","Friday","daily",FALSE,0,0,NA
"2010-02-06","Saturday","daily",FALSE,0,0,NA
"2010-02-07","Sunday","daily",FALSE,0,0,NA
"2010-02-08","Monday","daily",FALSE,0,0,NA
"2010-02-09","Tuesday","daily",FALSE,0,0,NA
"2010-02-10","Wednesday","daily",FALSE,0,0,NA
"2010-02-11","Thursday","daily",FALSE,0,0,NA
"2010-02-12","Friday","daily",FALSE,0,0,NA
"2010-02-13","Saturday","daily",FALSE,0,0,NA
"2010-02-14","Sunday","daily",FALSE,0,0,NA
"2010-02-15","Monday","daily",FALSE,0,0,NA
"2010-02-16","Tuesday","daily",FALSE,0,0,NA
"2010-02-17","Wednesday","daily",FALSE,0,0,NA
"2010-02-18","Thursday","daily",FALSE,0,0,NA
"2010-02-19","Friday","daily",FALSE,0,0,NA
"2010-02-20","Saturday","daily",FALSE,0,0,NA
"2010-02-21","Sunday","daily",FALSE,0,0,NA
"2010-02-22","Monday","daily",FALSE,0,0,NA
"2010-02-23","Tuesday","daily",FALSE,0,0,NA
"2010-02-24","Wednesday","daily",FALSE,0,0,NA
"2010-02-25","Thursday","daily",TRUE,10,0,NA
"2010-02-26","Friday","daily",FALSE,0,0,NA
"2010-02-27","Saturday","daily",FALSE,0,0,NA
"2010-02-28","Sunday","daily",FALSE,0,0,NA
"2010-03-01","Monday","daily",FALSE,0,0,NA
"2010-03-02","Tuesday","daily",FALSE,0,0,NA
"2010-03-03","Wednesday","daily",FALSE,0,0,NA
"2010-03-04","Thursday","daily",FALSE,0,0,NA
"2010-03-05","Friday","daily",FALSE,0,0,NA
"2010-03-06","Saturday","daily",FALSE,0,0,NA
"2010-03-07","Sunday","daily",FALSE,0,0,NA
"2010-03-08","Monday","daily",FALSE,0,0,NA
"2010-03-09","Tuesday","daily",FALSE,0,0,NA
"2010-03-10","Wednesday","daily",FALSE,0,0,NA
"2010-03-11","Thursday","daily",FALSE,0,0,NA
"2010-03-12","Friday","daily",FALSE,0,0,NA
"2010-03-13","Saturday","daily",FALSE,0,0,NA
"2010-03-14","Sunday","daily",FALSE,0,0,NA
"2010-03-15","Monday","daily",FALSE,0,0,NA
"2010-03-16","Tuesday","daily",FALSE,0,0,NA
"2010-03-17","Wednesday","daily",FALSE,0,0,NA
"2010-03-18","Thursday","daily",TRUE,8,0,NA
"2010-03-19","Friday","daily",FALSE,0,0,NA
"2010-03-20","Saturday","daily",FALSE,0,0,NA
"2010-03-21","Sunday","daily",FALSE,0,0,NA
"2010-03-22","Monday","daily",FALSE,0,0,NA
"2010-03-23","Tuesday","daily",FALSE,0,0,NA
"2010-03-24","Wednesday","daily",FALSE,0,0,NA
"2010-03-25","Thursday","daily",FALSE,0,0,NA
"2010-03-26","Friday","daily",FALSE,0,0,NA
"2010-03-27","Saturday","daily",FALSE,0,0,NA
"2010-03-28","Sunday","daily",FALSE,0,0,NA
"2010-03-29","Monday","daily",FALSE,0,0,NA
"2010-03-30","Tuesday","daily",FALSE,0,0,NA
"2010-03-31","Wednesday","daily",FALSE,0,0,NA
"2010-04-01","Thursday","daily",FALSE,0,0,NA
"2010-04-02","Friday","daily",FALSE,0,0,NA
"2010-04-03","Saturday","daily",FALSE,0,0,NA
"2010-04-04","Sunday","daily",FALSE,0,0,NA
"2010-04-05","Monday","daily",FALSE,0,0,NA
"2010-04-06","Tuesday","daily",FALSE,0,0,NA
"2010-04-07","Wednesday","daily",FALSE,0,0,NA
"2010-04-08","Thursday","daily",FALSE,0,0,NA
"2010-04-09","Friday","daily",FALSE,0,0,NA
"2010-04-10","Saturday","daily",FALSE,0,0,NA
"2010-04-11","Sunday","daily",FALSE,0,0,NA
"2010-04-12","Monday","daily",FALSE,0,0,NA
"2010-04-13","Tuesday","daily",FALSE,0,0,NA
"2010-04-14","Wednesday","daily",FALSE,0,0,NA
"2010-04-15","Thursday","daily",FALSE,0,0,NA
"2010-04-16","Friday","daily",FALSE,0,0,NA
"2010-04-17","Saturday","daily",FALSE,0,0,NA
"2010-04-18","Sunday","daily",FALSE,0,0,NA
"2010-04-19","Monday","daily",FALSE,0,0,NA
"2010-04-20","Tuesday","daily",FALSE,0,0,NA
"2010-04-21","Wednesday","daily",FALSE,0,0,NA
"2010-04-22","Thursday","daily",FALSE,0,0,NA
"2010-04-23","Friday","daily",FALSE,0,0,NA
"2010-04-24","Saturday","daily",FALSE,0,0,NA
"2010-04-25","Sunday","daily",FALSE,0,0,NA
"2010-04-26","Monday","daily",FALSE,0,0,NA
"2010-04-27","Tuesday","daily",FALSE,0,0,NA
"2010-04-28","Wednesday","daily",FALSE,0,0,NA
"2010-04-29","Thursday","daily",FALSE,0,0,NA
"2010-04-30","Friday","daily",FALSE,0,0,NA
"2010-05-01","Saturday","daily",FALSE,0,0,NA
"2010-05-02","Sunday","daily",FALSE,0,0,NA
"2010-05-03","Monday","daily",FALSE,0,0,NA
"2010-05-04","Tuesday","daily",FALSE,0,0,NA
"2010-05-05","Wednesday","daily",TRUE,8,0,NA
"2010-05-06","Thursday","daily",FALSE,0,0,NA
"2010-05-07","Friday","daily",FALSE,0,0,NA
"2010-05-08","Saturday","daily",FALSE,0,0,NA
"2010-05-09","Sunday","daily",FALSE,0,0,NA
"2010-05-10","Monday","daily",FALSE,0,0,NA
"2010-05-11","Tuesday","daily",FALSE,0,0,NA
"2010-05-12","Wednesday","daily",FALSE,0,0,NA
"2010-05-13","Thursday","daily",FALSE,0,0,NA
"2010-05-14","Friday","daily",FALSE,0,0,NA
"2010-05-15","Saturday","daily",FALSE,0,0,NA
"2010-05-16","Sunday","daily",TRUE,10,0,NA
"2010-05-17","Monday","daily",FALSE,0,0,NA
"2010-05-18","Tuesday","daily",FALSE,0,0,NA
"2010-05-19","Wednesday","daily",FALSE,0,0,NA
"2010-05-20","Thursday","daily",FALSE,0,0,NA
"2010-05-21","Friday","daily",FALSE,0,0,NA
"2010-05-22","Saturday","daily",FALSE,0,0,NA
"2010-05-23","Sunday","daily",FALSE,0,0,NA
"2010-05-24","Monday","daily",FALSE,0,0,NA
"2010-05-25","Tuesday","daily",FALSE,0,0,NA
"2010-05-26","Wednesday","daily",FALSE,0,0,NA
"2010-05-27","Thursday","daily",FALSE,0,0,NA
"2010-05-28","Friday","daily",FALSE,0,0,NA
"2010-05-29","Saturday","daily",FALSE,0,0,NA
"2010-05-30","Sunday","daily",FALSE,0,0,NA
"2010-05-31","Monday","daily",FALSE,0,0,NA
"2010-06-01","Tuesday","daily",FALSE,0,0,NA
"2010-06-02","Wednesday","daily",FALSE,0,0,NA
"2010-06-03","Thursday","daily",FALSE,0,0,NA
"2010-06-04","Friday","daily",FALSE,0,0,NA
"2010-06-05","Saturday","daily",FALSE,0,0,NA
"2010-06-06","Sunday","daily",FALSE,0,0,NA
"2010-06-07","Monday","daily",FALSE,0,0,NA
"2010-06-08","Tuesday","daily",FALSE,0,0,NA
"2010-06-09","Wednesday","daily",FALSE,0,0,NA
"2010-06-10","Thursday","daily",FALSE,0,0,NA
"2010-06-11","Friday","daily",FALSE,0,0,NA
"2010-06-12","Saturday","daily",FALSE,0,0,NA
"2010-06-13","Sunday","daily",TRUE,18,0,NA
"2010-06-14","Monday","daily",FALSE,0,0,NA
"2010-06-15","Tuesday","daily",FALSE,0,0,NA
"2010-06-16","Wednesday","daily",FALSE,0,0,NA
"2010-06-17","Thursday","daily",TRUE,6,0,NA
"2010-06-18","Friday","daily",FALSE,0,0,NA
"2010-06-19","Saturday","daily",FALSE,0,0,NA
"2010-06-20","Sunday","daily",FALSE,0,0,NA
"2010-06-21","Monday","daily",FALSE,0,0,NA
"2010-06-22","Tuesday","daily",FALSE,0,0,NA
"2010-06-23","Wednesday","daily",FALSE,0,0,NA
"2010-06-24","Thursday","daily",FALSE,0,0,NA
"2010-06-25","Friday","daily",TRUE,9,0,NA
"2010-06-26","Saturday","daily",FALSE,0,0,NA
"2010-06-27","Sunday","daily",FALSE,0,0,NA
"2010-06-28","Monday","daily",FALSE,0,0,NA
"2010-06-29","Tuesday","daily",FALSE,0,0,NA
"2010-06-30","Wednesday","daily",FALSE,0,0,NA
"2010-07-01","Thursday","daily",FALSE,0,0,NA
"2010-07-02","Friday","daily",FALSE,0,0,NA
"2010-07-03","Saturday","daily",FALSE,0,0,NA
"2010-07-04","Sunday","daily",FALSE,0,0,NA
"2010-07-05","Monday","daily",FALSE,0,0,NA
"2010-07-06","Tuesday","daily",FALSE,0,0,NA
"2010-07-07","Wednesday","daily",FALSE,0,0,NA
"2010-07-08","Thursday","daily",FALSE,0,0,NA
"2010-07-09","Friday","daily",FALSE,0,0,NA
"2010-07-10","Saturday","daily",FALSE,0,0,NA
"2010-07-11","Sunday","daily",FALSE,0,0,NA
"2010-07-12","Monday","daily",FALSE,0,0,NA
"2010-07-13","Tuesday","daily",FALSE,0,0,NA
"2010-07-14","Wednesday","daily",FALSE,0,0,NA
"2010-07-15","Thursday","daily",FALSE,0,0,NA
"2010-07-16","Friday","daily",FALSE,0,0,NA
"2010-07-17","Saturday","daily",FALSE,0,0,NA
"2010-07-18","Sunday","daily",FALSE,0,0,NA
"2010-07-19","Monday","daily",FALSE,0,0,NA
"2010-07-20","Tuesday","daily",FALSE,0,0,NA
"2010-07-21","Wednesday","daily",FALSE,0,0,NA
"2010-07-22","Thursday","daily",FALSE,0,0,NA
"2010-07-23","Friday","daily",FALSE,0,0,NA
"2010-07-24","Saturday","daily",TRUE,5,0,NA
"2010-07-25","Sunday","daily",FALSE,0,0,NA
"2010-07-26","Monday","daily",FALSE,0,0,NA
"2010-07-27","Tuesday","daily",FALSE,0,0,NA
"2010-07-28","Wednesday","daily",FALSE,0,0,NA
"2010-07-29","Thursday","daily",FALSE,0,0,NA
"2010-07-30","Friday","daily",FALSE,0,0,NA
"2010-07-31","Saturday","daily",FALSE,0,0,NA
"2010-08-01","Sunday","daily",FALSE,0,0,NA
"2010-08-02","Monday","daily",FALSE,0,0,NA
"2010-08-03","Tuesday","daily",FALSE,0,0,NA
"2010-08-04","Wednesday","daily",FALSE,0,0,NA
"2010-08-05","Thursday","daily",FALSE,0,0,NA
"2010-08-06","Friday","daily",FALSE,0,0,NA
"2010-08-07","Saturday","daily",FALSE,0,0,NA
"2010-08-08","Sunday","daily",FALSE,0,0,NA
"2010-08-09","Monday","daily",FALSE,0,0,NA
"2010-08-10","Tuesday","daily",FALSE,0,0,NA
"2010-08-11","Wednesday","daily",FALSE,0,0,NA
"2010-08-12","Thursday","daily",TRUE,9,0,NA
"2010-08-13","Friday","daily",FALSE,0,0,NA
"2010-08-14","Saturday","daily",FALSE,0,0,NA
"2010-08-15","Sunday","daily",FALSE,0,0,NA
"2010-08-16","Monday","daily",FALSE,0,0,NA
"2010-08-17","Tuesday","daily",FALSE,0,0,NA
"2010-08-18","Wednesday","daily",FALSE,0,0,NA
"2010-08-19","Thursday","daily",FALSE,0,0,NA
"2010-08-20","Friday","daily",FALSE,0,0,NA
"2010-08-21","Saturday","daily",FALSE,0,0,NA
"2010-08-22","Sunday","daily",FALSE,0,0,NA
"2010-08-23","Monday","daily",FALSE,0,0,NA
"2010-08-24","Tuesday","daily",FALSE,0,0,NA
"2010-08-25","Wednesday","daily",FALSE,0,0,NA
"2010-08-26","Thursday","daily",FALSE,0,0,NA
"2010-08-27","Friday","daily",FALSE,0,0,NA
"2010-08-28","Saturday","daily",FALSE,0,0,NA
"2010-08-29","Sunday","daily",FALSE,0,0,NA
"2010-08-30","Monday","daily",FALSE,0,0,NA
"2010-08-31","Tuesday","daily",FALSE,0,0,NA
"2010-09-01","Wednesday","daily",FALSE,0,0,NA
"2010-09-02","Thursday","daily",FALSE,0,0,NA
"2010-09-03","Friday","daily",FALSE,0,0,NA
"2010-09-04","Saturday","daily",FALSE,0,0,NA
"2010-09-05","Sunday","daily",FALSE,0,0,NA
"2010-09-06","Monday","daily",FALSE,0,0,NA
"2010-09-07","Tuesday","daily",FALSE,0,0,NA
"2010-09-08","Wednesday","daily",TRUE,9,0,NA
"2010-09-09","Thursday","daily",FALSE,0,0,NA
"2010-09-10","Friday","daily",FALSE,0,0,NA
"2010-09-11","Saturday","daily",FALSE,0,0,NA
"2010-09-12","Sunday","daily",TRUE,10,0,NA
"2010-09-13","Monday","daily",FALSE,0,0,NA
"2010-09-14","Tuesday","daily",FALSE,0,0,NA
"2010-09-15","Wednesday","daily",FALSE,0,0,NA
"2010-09-16","Thursday","daily",FALSE,0,0,NA
"2010-09-17","Friday","daily",FALSE,0,0,NA
"2010-09-18","Saturday","daily",FALSE,0,0,NA
"2010-09-19","Sunday","daily",FALSE,0,0,NA
"2010-09-20","Monday","daily",FALSE,0,0,NA
"2010-09-21","Tuesday","daily",FALSE,0,0,NA
"2010-09-22","Wednesday","daily",FALSE,0,0,NA
"2010-09-23","Thursday","daily",FALSE,0,0,NA
"2010-09-24","Friday","daily",FALSE,0,0,NA
"2010-09-25","Saturday","daily",FALSE,0,0,NA
"2010-09-26","Sunday","daily",FALSE,0,0,NA
"2010-09-27","Monday","daily",FALSE,0,0,NA
"2010-09-28","Tuesday","daily",FALSE,0,0,NA
"2010-09-29","Wednesday","daily",FALSE,0,0,NA
"2010-09-30","Thursday","daily",FALSE,0,0,NA
"2010-10-01","Friday","daily",FALSE,0,0,NA
"2010-10-02","Saturday","daily",FALSE,0,0,NA
"2010-10-03","Sunday","daily",FALSE,0,0,NA
"2010-10-04","Monday","daily",FALSE,0,0,NA
"2010-10-05","Tuesday","daily",FALSE,0,0,NA
"2010-10-06","Wednesday","daily",FALSE,0,0,NA
"2010-10-07","Thursday","daily",FALSE,0,0,NA
"2010-10-08","Friday","daily",FALSE,0,0,NA
"2010-10-09","Saturday","daily",FALSE,0,0,NA
"2010-10-10","Sunday","daily",FALSE,0,0,NA
"2010-10-11","Monday","daily",FALSE,0,0,NA
"2010-10-12","Tuesday","daily",FALSE,0,0,NA
"2010-10-13","Wednesday","daily",FALSE,0,0,NA
"2010-10-14","Thursday","daily",FALSE,0,0,NA
"2010-10-15","Friday","daily",FALSE,0,0,NA
"2010-10-16","Saturday","daily",FALSE,0,0,NA
"2010-10-17","Sunday","daily",FALSE,0,0,NA
"2010-10-18","Monday","daily",FALSE,0,0,NA
"2010-10-19","Tuesday","daily",FALSE,0,0,NA
"2010-10-20","Wednesday","daily",FALSE,0,0,NA
"2010-10-21","Thursday","daily",FALSE,0,0,NA
"2010-10-22","Friday","daily",FALSE,0,0,NA
"2010-10-23","Saturday","daily",FALSE,0,0,NA
"2010-10-24","Sunday","daily",FALSE,0,0,NA
"2010-10-25","Monday","daily",FALSE,0,0,NA
"2010-10-26","Tuesday","daily",FALSE,0,0,NA
"2010-10-27","Wednesday","daily",FALSE,0,0,NA
"2010-10-28","Thursday","daily",FALSE,0,0,NA
"2010-10-29","Friday","daily",FALSE,0,0,NA
"2010-10-30","Saturday","daily",FALSE,0,0,NA
"2010-10-31","Sunday","daily",FALSE,0,0,NA
"2010-11-01","Monday","daily",FALSE,0,0,NA
"2010-11-02","Tuesday","daily",FALSE,0,0,NA
"2010-11-03","Wednesday","daily",FALSE,0,0,NA
"2010-11-04","Thursday","daily",TRUE,9,0,NA
"2010-11-05","Friday","daily",FALSE,0,0,NA
"2010-11-06","Saturday","daily",FALSE,0,0,NA
"2010-11-07","Sunday","daily",FALSE,0,0,NA
"2010-11-08","Monday","daily",FALSE,0,0,NA
"2010-11-09","Tuesday","daily",FALSE,0,0,NA
"2010-11-10","Wednesday","daily",FALSE,0,0,NA
"2010-11-11","Thursday","daily",FALSE,0,0,NA
"2010-11-12","Friday","daily",FALSE,0,0,NA
"2010-11-13","Saturday","daily",FALSE,0,0,NA
"2010-11-14","Sunday","daily",FALSE,0,0,NA
"2010-11-15","Monday","daily",FALSE,0,0,NA
"2010-11-16","Tuesday","daily",FALSE,0,0,NA
"2010-11-17","Wednesday","daily",FALSE,0,0,NA
"2010-11-18","Thursday","daily",FALSE,0,0,NA
"2010-11-19","Friday","daily",FALSE,0,0,NA
"2010-11-20","Saturday","daily",FALSE,0,0,NA
"2010-11-21","Sunday","daily",FALSE,0,0,NA
"2010-11-22","Monday","daily",FALSE,0,0,NA
"2010-11-23","Tuesday","daily",FALSE,0,0,NA
"2010-11-24","Wednesday","daily",FALSE,0,0,NA
"2010-11-25","Thursday","daily",FALSE,0,0,NA
"2010-11-26","Friday","daily",FALSE,0,0,NA
"2010-11-27","Saturday","daily",FALSE,0,0,NA
"2010-11-28","Sunday","daily",TRUE,19,0,NA
"2010-11-29","Monday","daily",FALSE,0,0,NA
"2010-11-30","Tuesday","daily",FALSE,0,0,NA
"2010-12-01","Wednesday","daily",FALSE,0,0,NA
"2010-12-02","Thursday","daily",FALSE,0,0,NA
"2010-12-03","Friday","daily",FALSE,0,0,NA
"2010-12-04","Saturday","daily",FALSE,0,0,NA
"2010-12-05","Sunday","daily",FALSE,0,0,NA
"2010-12-06","Monday","daily",FALSE,0,0,NA
"2010-12-07","Tuesday","daily",FALSE,0,0,NA
"2010-12-08","Wednesday","daily",FALSE,0,0,NA
"2010-12-09","Thursday","daily",FALSE,0,0,NA
"2010-12-10","Friday","daily",FALSE,0,0,NA
"2010-12-11","Saturday","daily",FALSE,0,0,NA
"2010-12-12","Sunday","daily",FALSE,0,0,NA
"2010-12-13","Monday","daily",FALSE,0,0,NA
"2010-12-14","Tuesday","daily",FALSE,0,0,NA
"2010-12-15","Wednesday","daily",FALSE,0,0,NA
"2010-12-16","Thursday","daily",FALSE,0,0,NA
"2010-12-17","Friday","daily",FALSE,0,0,NA
"2010-12-18","Saturday","daily",FALSE,0,0,NA
"2010-12-19","Sunday","daily",TRUE,9,0,NA
"2010-12-20","Monday","daily",FALSE,0,0,NA
"2010-12-21","Tuesday","daily",FALSE,0,0,NA
"2010-12-22","Wednesday","daily",FALSE,0,0,NA
"2010-12-23","Thursday","daily",FALSE,0,0,NA
"2010-12-24","Friday","daily",FALSE,0,0,NA
"2010-12-25","Saturday","daily",FALSE,0,0,NA
"2010-12-26","Sunday","daily",FALSE,0,0,NA
"2010-12-27","Monday","daily",FALSE,0,0,NA
"2010-12-28","Tuesday","daily",FALSE,0,0,NA
"2010-12-29","Wednesday","daily",FALSE,0,0,NA
"2010-12-30","Thursday","daily",FALSE,0,0,NA
"2010-12-31","Friday","daily",FALSE,0,0,NA
"2011-01-01","Saturday","daily",FALSE,0,0,NA
"2011-01-02","Sunday","daily",FALSE,0,0,NA
"2011-01-03","Monday","daily",FALSE,0,0,NA
"2011-01-04","Tuesday","daily",FALSE,0,0,NA
"2011-01-05","Wednesday","daily",FALSE,0,0,NA
"2011-01-06","Thursday","daily",FALSE,0,0,NA
"2011-01-07","Friday","daily",FALSE,0,0,NA
"2011-01-08","Saturday","daily",FALSE,0,0,NA
"2011-01-09","Sunday","daily",FALSE,0,0,NA
"2011-01-10","Monday","daily",FALSE,0,0,NA
"2011-01-11","Tuesday","daily",FALSE,0,0,NA
"2011-01-12","Wednesday","daily",TRUE,6,0,NA
"2011-01-13","Thursday","daily",FALSE,0,0,NA
"2011-01-14","Friday","daily",FALSE,0,0,NA
"2011-01-15","Saturday","daily",FALSE,0,0,NA
"2011-01-16","Sunday","daily",FALSE,0,0,NA
"2011-01-17","Monday","daily",FALSE,0,0,NA
"2011-01-18","Tuesday","daily",FALSE,0,0,NA
"2011-01-19","Wednesday","daily",FALSE,0,0,NA
"2011-01-20","Thursday","daily",FALSE,0,0,NA
"2011-01-21","Friday","daily",FALSE,0,0,NA
"2011-01-22","Saturday","daily",FALSE,0,0,NA
"2011-01-23","Sunday","daily",FALSE,0,0,NA
"2011-01-24","Monday","daily",FALSE,0,0,NA
"2011-01-25","Tuesday","daily",FALSE,0,0,NA
"2011-01-26","Wednesday","daily",FALSE,0,0,NA
"2011-01-27","Thursday","daily",FALSE,0,0,NA
"2011-01-28","Friday","daily",FALSE,0,0,NA
"2011-01-29","Saturday","daily",FALSE,0,0,NA
"2011-01-30","Sunday","daily",TRUE,12,0,NA
"2011-01-31","Monday","daily",FALSE,0,0,NA
"2011-02-01","Tuesday","daily",FALSE,0,0,NA
"2011-02-02","Wednesday","daily",FALSE,0,0,NA
"2011-02-03","Thursday","daily",FALSE,0,0,NA
"2011-02-04","Friday","daily",FALSE,0,0,NA
"2011-02-05","Saturday","daily",FALSE,0,0,NA
"2011-02-06","Sunday","daily",FALSE,0,0,NA
"2011-02-07","Monday","daily",FALSE,0,0,NA
"2011-02-08","Tuesday","daily",FALSE,0,0,NA
"2011-02-09","Wednesday","daily",FALSE,0,0,NA
"2011-02-10","Thursday","daily",FALSE,0,0,NA
"2011-02-11","Friday","daily",FALSE,0,0,NA
"2011-02-12","Saturday","daily",FALSE,0,0,NA
"2011-02-13","Sunday","daily",FALSE,0,0,NA
"2011-02-14","Monday","daily",FALSE,0,0,NA
"2011-02-15","Tuesday","daily",FALSE,0,0,NA
"2011-02-16","Wednesday","daily",FALSE,0,0,NA
"2011-02-17","Thursday","daily",FALSE,0,0,NA
"2011-02-18","Friday","daily",FALSE,0,0,NA
"2011-02-19","Saturday","daily",FALSE,0,0,NA
"2011-02-20","Sunday","daily",FALSE,0,0,NA
"2011-02-21","Monday","daily",FALSE,0,0,NA
"2011-02-22","Tuesday","daily",FALSE,0,0,NA
"2011-02-23","Wednesday","daily",FALSE,0,0,NA
"2011-02-24","Thursday","daily",FALSE,0,0,NA
"2011-02-25","Friday","daily",FALSE,0,0,NA
"2011-02-26","Saturday","daily",FALSE,0,0,NA
"2011-02-27","Sunday","daily",FALSE,0,0,NA
"2011-02-28","Monday","daily",FALSE,0,0,NA
"2011-03-01","Tuesday","daily",FALSE,0,0,NA
"2011-03-02","Wednesday","daily",FALSE,0,0,NA
"2011-03-03","Thursday","daily",FALSE,0,0,NA
"2011-03-04","Friday","daily",FALSE,0,0,NA
"2011-03-05","Saturday","daily",FALSE,0,0,NA
"2011-03-06","Sunday","daily",FALSE,0,0,NA
"2011-03-07","Monday","daily",FALSE,0,0,NA
"2011-03-08","Tuesday","daily",FALSE,0,0,NA
"2011-03-09","Wednesday","daily",FALSE,0,0,NA
"2011-03-10","Thursday","daily",FALSE,0,0,NA
"2011-03-11","Friday","daily",FALSE,0,0,NA
"2011-03-12","Saturday","daily",FALSE,0,0,NA
"2011-03-13","Sunday","daily",FALSE,0,0,NA
"2011-03-14","Monday","daily",FALSE,0,0,NA
"2011-03-15","Tuesday","daily",FALSE,0,0,NA
"2011-03-16","Wednesday","daily",FALSE,0,0,NA
"2011-03-17","Thursday","daily",TRUE,4,0,NA
"2011-03-18","Friday","daily",FALSE,0,0,NA
"2011-03-19","Saturday","daily",FALSE,0,0,NA
"2011-03-20","Sunday","daily",FALSE,0,0,NA
"2011-03-21","Monday","daily",FALSE,0,0,NA
"2011-03-22","Tuesday","daily",FALSE,0,0,NA
"2011-03-23","Wednesday","daily",FALSE,0,0,NA
"2011-03-24","Thursday","daily",FALSE,0,0,NA
"2011-03-25","Friday","daily",FALSE,0,0,NA
"2011-03-26","Saturday","daily",FALSE,0,0,NA
"2011-03-27","Sunday","daily",TRUE,9,0,NA
"2011-03-28","Monday","daily",FALSE,0,0,NA
"2011-03-29","Tuesday","daily",FALSE,0,0,NA
"2011-03-30","Wednesday","daily",FALSE,0,0,NA
"2011-03-31","Thursday","daily",FALSE,0,0,NA
"2011-04-01","Friday","daily",FALSE,0,0,NA
"2011-04-02","Saturday","daily",FALSE,0,0,NA
"2011-04-03","Sunday","daily",FALSE,0,0,NA
"2011-04-04","Monday","daily",FALSE,0,0,NA
"2011-04-05","Tuesday","daily",FALSE,0,0,NA
"2011-04-06","Wednesday","daily",FALSE,0,0,NA
"2011-04-07","Thursday","daily",FALSE,0,0,NA
"2011-04-08","Friday","daily",FALSE,0,0,NA
"2011-04-09","Saturday","daily",FALSE,0,0,NA
"2011-04-10","Sunday","daily",FALSE,0,0,NA
"2011-04-11","Monday","daily",FALSE,0,0,NA
"2011-04-12","Tuesday","daily",FALSE,0,0,NA
"2011-04-13","Wednesday","daily",FALSE,0,0,NA
"2011-04-14","Thursday","daily",FALSE,0,0,NA
"2011-04-15","Friday","daily",FALSE,0,0,NA
"2011-04-16","Saturday","daily",FALSE,0,0,NA
"2011-04-17","Sunday","daily",FALSE,0,0,NA
"2011-04-18","Monday","daily",FALSE,0,0,NA
"2011-04-19","Tuesday","daily",FALSE,0,0,NA
"2011-04-20","Wednesday","daily",FALSE,0,0,NA
"2011-04-21","Thursday","daily",FALSE,0,0,NA
"2011-04-22","Friday","daily",FALSE,0,0,NA
"2011-04-23","Saturday","daily",FALSE,0,0,NA
"2011-04-24","Sunday","daily",FALSE,0,0,NA
"2011-04-25","Monday","daily",FALSE,0,0,NA
"2011-04-26","Tuesday","daily",FALSE,0,0,NA
"2011-04-27","Wednesday","daily",FALSE,0,0,NA
"2011-04-28","Thursday","daily",FALSE,0,0,NA
"2011-04-29","Friday","daily",FALSE,0,0,NA
"2011-04-30","Saturday","daily",FALSE,0,0,NA
"2011-05-01","Sunday","daily",FALSE,0,0,NA
"2011-05-02","Monday","daily",FALSE,0,0,NA
"2011-05-03","Tuesday","daily",FALSE,0,0,NA
"2011-05-04","Wednesday","daily",FALSE,0,0,NA
"2011-05-05","Thursday","daily",FALSE,0,0,NA
"2011-05-06","Friday","daily",FALSE,0,0,NA
"2011-05-07","Saturday","daily",FALSE,0,0,NA
"2011-05-08","Sunday","daily",FALSE,0,0,NA
"2011-05-09","Monday","daily",FALSE,0,0,NA
"2011-05-10","Tuesday","daily",FALSE,0,0,NA
"2011-05-11","Wednesday","daily",FALSE,0,0,NA
"2011-05-12","Thursday","daily",FALSE,0,0,NA
"2011-05-13","Friday","daily",FALSE,0,0,NA
"2011-05-14","Saturday","daily",FALSE,0,0,NA
"2011-05-15","Sunday","daily",FALSE,0,0,NA
"2011-05-16","Monday","daily",FALSE,0,0,NA
"2011-05-17","Tuesday","daily",FALSE,0,0,NA
"2011-05-18","Wednesday","daily",FALSE,0,0,NA
"2011-05-19","Thursday","daily",TRUE,6,0,NA
"2011-05-20","Friday","daily",FALSE,0,0,NA
"2011-05-21","Saturday","daily",FALSE,0,0,NA
"2011-05-22","Sunday","daily",FALSE,0,0,NA
"2011-05-23","Monday","daily",FALSE,0,0,NA
"2011-05-24","Tuesday","daily",FALSE,0,0,NA
"2011-05-25","Wednesday","daily",FALSE,0,0,NA
"2011-05-26","Thursday","daily",FALSE,0,0,NA
"2011-05-27","Friday","daily",FALSE,0,0,NA
"2011-05-28","Saturday","daily",FALSE,0,0,NA
"2011-05-29","Sunday","daily",FALSE,0,0,NA
"2011-05-30","Monday","daily",FALSE,0,0,NA
"2011-05-31","Tuesday","daily",FALSE,0,0,NA
"2011-06-01","Wednesday","daily",FALSE,0,0,NA
"2011-06-02","Thursday","daily",FALSE,0,0,NA
"2011-06-03","Friday","daily",FALSE,0,0,NA
"2011-06-04","Saturday","daily",FALSE,0,0,NA
"2011-06-05","Sunday","daily",FALSE,0,0,NA
"2011-06-06","Monday","daily",FALSE,0,0,NA
"2011-06-07","Tuesday","daily",FALSE,0,0,NA
"2011-06-08","Wednesday","daily",FALSE,0,0,NA
"2011-06-09","Thursday","daily",FALSE,0,0,NA
"2011-06-10","Friday","daily",FALSE,0,0,NA
"2011-06-11","Saturday","daily",FALSE,0,0,NA
"2011-06-12","Sunday","daily",FALSE,0,0,NA
"2011-06-13","Monday","daily",FALSE,0,0,NA
"2011-06-14","Tuesday","daily",FALSE,0,0,NA
"2011-06-15","Wednesday","daily",FALSE,0,0,NA
"2011-06-16","Thursday","daily",FALSE,0,0,NA
"2011-06-17","Friday","daily",FALSE,0,0,NA
"2011-06-18","Saturday","daily",FALSE,0,0,NA
"2011-06-19","Sunday","daily",FALSE,0,0,NA
"2011-06-20","Monday","daily",FALSE,0,0,NA
"2011-06-21","Tuesday","daily",FALSE,0,0,NA
"2011-06-22","Wednesday","daily",FALSE,0,0,NA
"2011-06-23","Thursday","daily",TRUE,6,0,NA
"2011-06-24","Friday","daily",FALSE,0,0,NA
"2011-06-25","Saturday","daily",FALSE,0,0,NA
"2011-06-26","Sunday","daily",FALSE,0,0,NA
"2011-06-27","Monday","daily",FALSE,0,0,NA
"2011-06-28","Tuesday","daily",FALSE,0,0,NA
"2011-06-29","Wednesday","daily",FALSE,0,0,NA
"2011-06-30","Thursday","daily",FALSE,0,0,NA
"2011-07-01","Friday","daily",TRUE,11,0,NA
"2011-07-02","Saturday","daily",FALSE,0,0,NA
"2011-07-03","Sunday","daily",FALSE,0,0,NA
"2011-07-04","Monday","daily",FALSE,0,0,NA
"2011-07-05","Tuesday","daily",FALSE,0,0,NA
"2011-07-06","Wednesday","daily",FALSE,0,0,NA
"2011-07-07","Thursday","daily",FALSE,0,0,NA
"2011-07-08","Friday","daily",FALSE,0,0,NA
"2011-07-09","Saturday","daily",FALSE,0,0,NA
"2011-07-10","Sunday","daily",FALSE,0,0,NA
"2011-07-11","Monday","daily",FALSE,0,0,NA
"2011-07-12","Tuesday","daily",FALSE,0,0,NA
"2011-07-13","Wednesday","daily",FALSE,0,0,NA
"2011-07-14","Thursday","daily",FALSE,0,0,NA
"2011-07-15","Friday","daily",FALSE,0,0,NA
"2011-07-16","Saturday","daily",FALSE,0,0,NA
"2011-07-17","Sunday","daily",FALSE,0,0,NA
"2011-07-18","Monday","daily",FALSE,0,0,NA
"2011-07-19","Tuesday","daily",FALSE,0,0,NA
"2011-07-20","Wednesday","daily",FALSE,0,0,NA
"2011-07-21","Thursday","daily",FALSE,0,0,NA
"2011-07-22","Friday","daily",FALSE,0,0,NA
"2011-07-23","Saturday","daily",FALSE,0,0,NA
"2011-07-24","Sunday","daily",FALSE,0,0,NA
"2011-07-25","Monday","daily",FALSE,0,0,NA
"2011-07-26","Tuesday","daily",FALSE,0,0,NA
"2011-07-27","Wednesday","daily",FALSE,0,0,NA
"2011-07-28","Thursday","daily",TRUE,7,0,NA
"2011-07-29","Friday","daily",FALSE,0,0,NA
"2011-07-30","Saturday","daily",FALSE,0,0,NA
"2011-07-31","Sunday","daily",FALSE,0,0,NA
"2011-08-01","Monday","daily",FALSE,0,0,NA
"2011-08-02","Tuesday","daily",FALSE,0,0,NA
"2011-08-03","Wednesday","daily",FALSE,0,0,NA
"2011-08-04","Thursday","daily",FALSE,0,0,NA
"2011-08-05","Friday","daily",FALSE,0,0,NA
"2011-08-06","Saturday","daily",FALSE,0,0,NA
"2011-08-07","Sunday","daily",FALSE,0,0,NA
"2011-08-08","Monday","daily",FALSE,0,0,NA
"2011-08-09","Tuesday","daily",FALSE,0,0,NA
"2011-08-10","Wednesday","daily",FALSE,0,0,NA
"2011-08-11","Thursday","daily",FALSE,0,0,NA
"2011-08-12","Friday","daily",FALSE,0,0,NA
"2011-08-13","Saturday","daily",FALSE,0,0,NA
"2011-08-14","Sunday","daily",FALSE,0,0,NA
"2011-08-15","Monday","daily",FALSE,0,0,NA
"2011-08-16","Tuesday","daily",FALSE,0,0,NA
"2011-08-17","Wednesday","daily",FALSE,0,0,NA
"2011-08-18","Thursday","daily",TRUE,6,0,NA
"2011-08-19","Friday","daily",FALSE,0,0,NA
"2011-08-20","Saturday","daily",FALSE,0,0,NA
"2011-08-21","Sunday","daily",FALSE,0,0,NA
"2011-08-22","Monday","daily",FALSE,0,0,NA
"2011-08-23","Tuesday","daily",FALSE,0,0,NA
"2011-08-24","Wednesday","daily",FALSE,0,0,NA
"2011-08-25","Thursday","daily",FALSE,0,0,NA
"2011-08-26","Friday","daily",FALSE,0,0,NA
"2011-08-27","Saturday","daily",FALSE,0,0,NA
"2011-08-28","Sunday","daily",FALSE,0,0,NA
"2011-08-29","Monday","daily",FALSE,0,0,NA
"2011-08-30","Tuesday","daily",FALSE,0,0,NA
"2011-08-31","Wednesday","daily",FALSE,0,0,NA
"2011-09-01","Thursday","daily",TRUE,23,0,NA
"2011-09-02","Friday","daily",FALSE,0,0,NA
"2011-09-03","Saturday","daily",FALSE,0,0,NA
"2011-09-04","Sunday","daily",FALSE,0,0,NA
"2011-09-05","Monday","daily",FALSE,0,0,NA
"2011-09-06","Tuesday","daily",FALSE,0,0,NA
"2011-09-07","Wednesday","daily",FALSE,0,0,NA
"2011-09-08","Thursday","daily",FALSE,0,0,NA
"2011-09-09","Friday","daily",FALSE,0,0,NA
"2011-09-10","Saturday","daily",FALSE,0,0,NA
"2011-09-11","Sunday","daily",FALSE,0,0,NA
"2011-09-12","Monday","daily",FALSE,0,0,NA
"2011-09-13","Tuesday","daily",FALSE,0,0,NA
"2011-09-14","Wednesday","daily",FALSE,0,0,NA
"2011-09-15","Thursday","daily",TRUE,4,0,NA
"2011-09-16","Friday","daily",FALSE,0,0,NA
"2011-09-17","Saturday","daily",FALSE,0,0,NA
"2011-09-18","Sunday","daily",FALSE,0,0,NA
"2011-09-19","Monday","daily",FALSE,0,0,NA
"2011-09-20","Tuesday","daily",FALSE,0,0,NA
"2011-09-21","Wednesday","daily",FALSE,0,0,NA
"2011-09-22","Thursday","daily",FALSE,0,0,NA
"2011-09-23","Friday","daily",FALSE,0,0,NA
"2011-09-24","Saturday","daily",FALSE,0,0,NA
"2011-09-25","Sunday","daily",FALSE,0,0,NA
"2011-09-26","Monday","daily",FALSE,0,0,NA
"2011-09-27","Tuesday","daily",FALSE,0,0,NA
"2011-09-28","Wednesday","daily",FALSE,0,0,NA
"2011-09-29","Thursday","daily",FALSE,0,0,NA
"2011-09-30","Friday","daily",FALSE,0,0,NA
"2011-10-01","Saturday","daily",FALSE,0,0,NA
"2011-10-02","Sunday","daily",FALSE,0,0,NA
"2011-10-03","Monday","daily",FALSE,0,0,NA
"2011-10-04","Tuesday","daily",FALSE,0,0,NA
"2011-10-05","Wednesday","daily",TRUE,6,0,NA
"2011-10-06","Thursday","daily",FALSE,0,0,NA
"2011-10-07","Friday","daily",FALSE,0,0,NA
"2011-10-08","Saturday","daily",FALSE,0,0,NA
"2011-10-09","Sunday","daily",FALSE,0,0,NA
"2011-10-10","Monday","daily",FALSE,0,0,NA
"2011-10-11","Tuesday","daily",FALSE,0,0,NA
"2011-10-12","Wednesday","daily",FALSE,0,0,NA
"2011-10-13","Thursday","daily",FALSE,0,0,NA
"2011-10-14","Friday","daily",FALSE,0,0,NA
"2011-10-15","Saturday","daily",FALSE,0,0,NA
"2011-10-16","Sunday","daily",FALSE,0,0,NA
"2011-10-17","Monday","daily",FALSE,0,0,NA
"2011-10-18","Tuesday","daily",FALSE,0,0,NA
"2011-10-19","Wednesday","daily",FALSE,0,0,NA
"2011-10-20","Thursday","daily",TRUE,8,0,NA
"2011-10-21","Friday","daily",FALSE,0,0,NA
"2011-10-22","Saturday","daily",FALSE,0,0,NA
"2011-10-23","Sunday","daily",FALSE,0,0,NA
"2011-10-24","Monday","daily",FALSE,0,0,NA
"2011-10-25","Tuesday","daily",FALSE,0,0,NA
"2011-10-26","Wednesday","daily",FALSE,0,0,NA
"2011-10-27","Thursday","daily",TRUE,4,0,NA
"2011-10-28","Friday","daily",FALSE,0,0,NA
"2011-10-29","Saturday","daily",FALSE,0,0,NA
"2011-10-30","Sunday","daily",FALSE,0,0,NA
"2011-10-31","Monday","daily",FALSE,0,0,NA
"2011-11-01","Tuesday","daily",FALSE,0,0,NA
"2011-11-02","Wednesday","daily",FALSE,0,0,NA
"2011-11-03","Thursday","daily",FALSE,0,0,NA
"2011-11-04","Friday","daily",FALSE,0,0,NA
"2011-11-05","Saturday","daily",FALSE,0,0,NA
"2011-11-06","Sunday","daily",FALSE,0,0,NA
"2011-11-07","Monday","daily",FALSE,0,0,NA
"2011-11-08","Tuesday","daily",FALSE,0,0,NA
"2011-11-09","Wednesday","daily",FALSE,0,0,NA
"2011-11-10","Thursday","daily",FALSE,0,0,NA
"2011-11-11","Friday","daily",FALSE,0,0,NA
"2011-11-12","Saturday","daily",FALSE,0,0,NA
"2011-11-13","Sunday","daily",FALSE,0,0,NA
"2011-11-14","Monday","daily",FALSE,0,0,NA
"2011-11-15","Tuesday","daily",FALSE,0,0,NA
"2011-11-16","Wednesday","daily",FALSE,0,0,NA
"2011-11-17","Thursday","daily",FALSE,0,0,NA
"2011-11-18","Friday","daily",FALSE,0,0,NA
"2011-11-19","Saturday","daily",FALSE,0,0,NA
"2011-11-20","Sunday","daily",FALSE,0,0,NA
"2011-11-21","Monday","daily",FALSE,0,0,NA
"2011-11-22","Tuesday","daily",FALSE,0,0,NA
"2011-11-23","Wednesday","daily",FALSE,0,0,NA
"2011-11-24","Thursday","daily",FALSE,0,0,NA
"2011-11-25","Friday","daily",FALSE,0,0,NA
"2011-11-26","Saturday","daily",FALSE,0,0,NA
"2011-11-27","Sunday","daily",FALSE,0,0,NA
"2011-11-28","Monday","daily",FALSE,0,0,NA
"2011-11-29","Tuesday","daily",FALSE,0,0,NA
"2011-11-30","Wednesday","daily",FALSE,0,0,NA
"2011-12-01","Thursday","daily",TRUE,4,0,NA
"2011-12-02","Friday","daily",FALSE,0,0,NA
"2011-12-03","Saturday","daily",FALSE,0,0,NA
"2011-12-04","Sunday","daily",FALSE,0,0,NA
"2011-12-05","Monday","daily",FALSE,0,0,NA
"2011-12-06","Tuesday","daily",FALSE,0,0,NA
"2011-12-07","Wednesday","daily",FALSE,0,0,NA
"2011-12-08","Thursday","daily",FALSE,0,0,NA
"2011-12-09","Friday","daily",FALSE,0,0,NA
"2011-12-10","Saturday","daily",FALSE,0,0,NA
"2011-12-11","Sunday","daily",TRUE,14,0,NA
"2011-12-12","Monday","daily",FALSE,0,0,NA
"2011-12-13","Tuesday","daily",FALSE,0,0,NA
"2011-12-14","Wednesday","daily",FALSE,0,0,NA
"2011-12-15","Thursday","daily",FALSE,0,0,NA
"2011-12-16","Friday","daily",FALSE,0,0,NA
"2011-12-17","Saturday","daily",FALSE,0,0,NA
"2011-12-18","Sunday","daily",FALSE,0,0,NA
"2011-12-19","Monday","daily",FALSE,0,0,NA
"2011-12-20","Tuesday","daily",FALSE,0,0,NA
"2011-12-21","Wednesday","daily",FALSE,0,0,NA
"2011-12-22","Thursday","daily",FALSE,0,0,NA
"2011-12-23","Friday","daily",FALSE,0,0,NA
"2011-12-24","Saturday","daily",FALSE,0,0,NA
"2011-12-25","Sunday","daily",FALSE,0,0,NA
"2011-12-26","Monday","daily",FALSE,0,0,NA
"2011-12-27","Tuesday","daily",FALSE,0,0,NA
"2011-12-28","Wednesday","daily",FALSE,0,0,NA
"2011-12-29","Thursday","daily",FALSE,0,0,NA
"2011-12-30","Friday","daily",FALSE,0,0,NA
"2011-12-31","Saturday","daily",FALSE,0,0,NA
"2012-01-01","Sunday","daily",FALSE,0,0,NA
"2012-01-02","Monday","daily",FALSE,0,0,NA
"2012-01-03","Tuesday","daily",FALSE,0,0,NA
"2012-01-04","Wednesday","daily",FALSE,0,0,NA
"2012-01-05","Thursday","daily",FALSE,0,0,NA
"2012-01-06","Friday","daily",FALSE,0,0,NA
"2012-01-07","Saturday","daily",FALSE,0,0,NA
"2012-01-08","Sunday","daily",FALSE,0,0,NA
"2012-01-09","Monday","daily",FALSE,0,0,NA
"2012-01-10","Tuesday","daily",FALSE,0,0,NA
"2012-01-11","Wednesday","daily",FALSE,0,0,NA
"2012-01-12","Thursday","daily",TRUE,10,0,NA
"2012-01-13","Friday","daily",FALSE,0,0,NA
"2012-01-14","Saturday","daily",FALSE,0,0,NA
"2012-01-15","Sunday","daily",FALSE,0,0,NA
"2012-01-16","Monday","daily",FALSE,0,0,NA
"2012-01-17","Tuesday","daily",FALSE,0,0,NA
"2012-01-18","Wednesday","daily",FALSE,0,0,NA
"2012-01-19","Thursday","daily",FALSE,0,0,NA
"2012-01-20","Friday","daily",FALSE,0,0,NA
"2012-01-21","Saturday","daily",FALSE,0,0,NA
"2012-01-22","Sunday","daily",FALSE,0,0,NA
"2012-01-23","Monday","daily",FALSE,0,0,NA
"2012-01-24","Tuesday","daily",FALSE,0,0,NA
"2012-01-25","Wednesday","daily",TRUE,4,0,NA
"2012-01-26","Thursday","daily",FALSE,0,0,NA
"2012-01-27","Friday","daily",FALSE,0,0,NA
"2012-01-28","Saturday","daily",FALSE,0,0,NA
"2012-01-29","Sunday","daily",FALSE,0,0,NA
"2012-01-30","Monday","daily",FALSE,0,0,NA
"2012-01-31","Tuesday","daily",FALSE,0,0,NA
"2012-02-01","Wednesday","daily",FALSE,0,0,NA
"2012-02-02","Thursday","daily",FALSE,0,0,NA
"2012-02-03","Friday","daily",FALSE,0,0,NA
"2012-02-04","Saturday","daily",FALSE,0,0,NA
"2012-02-05","Sunday","daily",FALSE,0,0,NA
"2012-02-06","Monday","daily",FALSE,0,0,NA
"2012-02-07","Tuesday","daily",FALSE,0,0,NA
"2012-02-08","Wednesday","daily",FALSE,0,0,NA
"2012-02-09","Thursday","daily",FALSE,0,0,NA
"2012-02-10","Friday","daily",FALSE,0,0,NA
"2012-02-11","Saturday","daily",FALSE,0,0,NA
"2012-02-12","Sunday","daily",TRUE,8,0,NA
"2012-02-13","Monday","daily",FALSE,0,0,NA
"2012-02-14","Tuesday","daily",FALSE,0,0,NA
"2012-02-15","Wednesday","daily",FALSE,0,0,NA
"2012-02-16","Thursday","daily",FALSE,0,0,NA
"2012-02-17","Friday","daily",FALSE,0,0,NA
"2012-02-18","Saturday","daily",FALSE,0,0,NA
"2012-02-19","Sunday","daily",FALSE,0,0,NA
"2012-02-20","Monday","daily",FALSE,0,0,NA
"2012-02-21","Tuesday","daily",FALSE,0,0,NA
"2012-02-22","Wednesday","daily",FALSE,0,0,NA
"2012-02-23","Thursday","daily",FALSE,0,0,NA
"2012-02-24","Friday","daily",FALSE,0,0,NA
"2012-02-25","Saturday","daily",FALSE,0,0,NA
"2012-02-26","Sunday","daily",FALSE,0,0,NA
"2012-02-27","Monday","daily",FALSE,0,0,NA
"2012-02-28","Tuesday","daily",FALSE,0,0,NA
"2012-02-29","Wednesday","daily",FALSE,0,0,NA
"2012-03-01","Thursday","daily",FALSE,0,0,NA
"2012-03-02","Friday","daily",FALSE,0,0,NA
"2012-03-03","Saturday","daily",FALSE,0,0,NA
"2012-03-04","Sunday","daily",FALSE,0,0,NA
"2012-03-05","Monday","daily",FALSE,0,0,NA
"2012-03-06","Tuesday","daily",FALSE,0,0,NA
"2012-03-07","Wednesday","daily",FALSE,0,0,NA
"2012-03-08","Thursday","daily",FALSE,0,0,NA
"2012-03-09","Friday","daily",FALSE,0,0,NA
"2012-03-10","Saturday","daily",FALSE,0,0,NA
"2012-03-11","Sunday","daily",FALSE,0,0,NA
"2012-03-12","Monday","daily",FALSE,0,0,NA
"2012-03-13","Tuesday","daily",FALSE,0,0,NA
"2012-03-14","Wednesday","daily",FALSE,0,0,NA
"2012-03-15","Thursday","daily",FALSE,0,0,NA
"2012-03-16","Friday","daily",FALSE,0,0,NA
"2012-03-17","Saturday","daily",FALSE,0,0,NA
"2012-03-18","Sunday","daily",TRUE,42,0,NA
"2012-03-19","Monday","daily",FALSE,0,0,NA
"2012-03-20","Tuesday","daily",FALSE,0,0,NA
"2012-03-21","Wednesday","daily",FALSE,0,0,NA
"2012-03-22","Thursday","daily",FALSE,0,0,NA
"2012-03-23","Friday","daily",FALSE,0,0,NA
"2012-03-24","Saturday","daily",FALSE,0,0,NA
"2012-03-25","Sunday","daily",FALSE,0,0,NA
"2012-03-26","Monday","daily",FALSE,0,0,NA
"2012-03-27","Tuesday","daily",FALSE,0,0,NA
"2012-03-28","Wednesday","daily",FALSE,0,0,NA
"2012-03-29","Thursday","daily",TRUE,14,0,NA
"2012-03-30","Friday","daily",FALSE,0,0,NA
"2012-03-31","Saturday","daily",FALSE,0,0,NA
"2012-04-01","Sunday","daily",FALSE,0,0,NA
"2012-04-02","Monday","daily",FALSE,0,0,NA
"2012-04-03","Tuesday","daily",FALSE,0,0,NA
"2012-04-04","Wednesday","daily",FALSE,0,0,NA
"2012-04-05","Thursday","daily",FALSE,0,0,NA
"2012-04-06","Friday","daily",FALSE,0,0,NA
"2012-04-07","Saturday","daily",FALSE,0,0,NA
"2012-04-08","Sunday","daily",FALSE,0,0,NA
"2012-04-09","Monday","daily",FALSE,0,0,NA
"2012-04-10","Tuesday","daily",FALSE,0,0,NA
"2012-04-11","Wednesday","daily",FALSE,0,0,NA
"2012-04-12","Thursday","daily",FALSE,0,0,NA
"2012-04-13","Friday","daily",FALSE,0,0,NA
"2012-04-14","Saturday","daily",FALSE,0,0,NA
"2012-04-15","Sunday","daily",TRUE,12,0,NA
"2012-04-16","Monday","daily",FALSE,0,0,NA
"2012-04-17","Tuesday","daily",FALSE,0,0,NA
"2012-04-18","Wednesday","daily",FALSE,0,0,NA
"2012-04-19","Thursday","daily",FALSE,0,0,NA
"2012-04-20","Friday","daily",FALSE,0,0,NA
"2012-04-21","Saturday","daily",FALSE,0,0,NA
"2012-04-22","Sunday","daily",FALSE,0,0,NA
"2012-04-23","Monday","daily",FALSE,0,0,NA
"2012-04-24","Tuesday","daily",FALSE,0,0,NA
"2012-04-25","Wednesday","daily",FALSE,0,0,NA
"2012-04-26","Thursday","daily",TRUE,5,0,NA
"2012-04-27","Friday","daily",FALSE,0,0,NA
"2012-04-28","Saturday","daily",FALSE,0,0,NA
"2012-04-29","Sunday","daily",FALSE,0,0,NA
"2012-04-30","Monday","daily",FALSE,0,0,NA
"2012-05-01","Tuesday","daily",FALSE,0,0,NA
"2012-05-02","Wednesday","daily",FALSE,0,0,NA
"2012-05-03","Thursday","daily",FALSE,0,0,NA
"2012-05-04","Friday","daily",FALSE,0,0,NA
"2012-05-05","Saturday","daily",FALSE,0,0,NA
"2012-05-06","Sunday","daily",FALSE,0,0,NA
"2012-05-07","Monday","daily",FALSE,0,0,NA
"2012-05-08","Tuesday","daily",FALSE,0,0,NA
"2012-05-09","Wednesday","daily",FALSE,0,0,NA
"2012-05-10","Thursday","daily",FALSE,0,0,NA
"2012-05-11","Friday","daily",FALSE,0,0,NA
"2012-05-12","Saturday","daily",FALSE,0,0,NA
"2012-05-13","Sunday","daily",FALSE,0,0,NA
"2012-05-14","Monday","daily",FALSE,0,0,NA
"2012-05-15","Tuesday","daily",FALSE,0,0,NA
"2012-05-16","Wednesday","daily",FALSE,0,0,NA
"2012-05-17","Thursday","daily",FALSE,0,0,NA
"2012-05-18","Friday","daily",FALSE,0,0,NA
"2012-05-19","Saturday","daily",FALSE,0,0,NA
"2012-05-20","Sunday","daily",FALSE,0,0,NA
"2012-05-21","Monday","daily",FALSE,0,0,NA
"2012-05-22","Tuesday","daily",FALSE,0,0,NA
"2012-05-23","Wednesday","daily",FALSE,0,0,NA
"2012-05-24","Thursday","daily",FALSE,0,0,NA
"2012-05-25","Friday","daily",FALSE,0,0,NA
"2012-05-26","Saturday","daily",FALSE,0,0,NA
"2012-05-27","Sunday","daily",TRUE,48,0,NA
"2012-05-28","Monday","daily",FALSE,0,0,NA
"2012-05-29","Tuesday","daily",FALSE,0,0,NA
"2012-05-30","Wednesday","daily",FALSE,0,0,NA
"2012-05-31","Thursday","daily",TRUE,6,0,NA
"2012-06-01","Friday","daily",FALSE,0,0,NA
"2012-06-02","Saturday","daily",FALSE,0,0,NA
"2012-06-03","Sunday","daily",FALSE,0,0,NA
"2012-06-04","Monday","daily",FALSE,0,0,NA
"2012-06-05","Tuesday","daily",FALSE,0,0,NA
"2012-06-06","Wednesday","daily",FALSE,0,0,NA
"2012-06-07","Thursday","daily",FALSE,0,0,NA
"2012-06-08","Friday","daily",FALSE,0,0,NA
"2012-06-09","Saturday","daily",FALSE,0,0,NA
"2012-06-10","Sunday","daily",FALSE,0,0,NA
"2012-06-11","Monday","daily",FALSE,0,0,NA
"2012-06-12","Tuesday","daily",FALSE,0,0,NA
"2012-06-13","Wednesday","daily",FALSE,0,0,NA
"2012-06-14","Thursday","daily",FALSE,0,0,NA
"2012-06-15","Friday","daily",FALSE,0,0,NA
"2012-06-16","Saturday","daily",FALSE,0,0,NA
"2012-06-17","Sunday","daily",FALSE,0,0,NA
"2012-06-18","Monday","daily",FALSE,0,0,NA
"2012-06-19","Tuesday","daily",FALSE,0,0,NA
"2012-06-20","Wednesday","daily",FALSE,0,0,NA
"2012-06-21","Thursday","daily",FALSE,0,0,NA
"2012-06-22","Friday","daily",FALSE,0,0,NA
"2012-06-23","Saturday","daily",FALSE,0,0,NA
"2012-06-24","Sunday","daily",FALSE,0,0,NA
"2012-06-25","Monday","daily",FALSE,0,0,NA
"2012-06-26","Tuesday","daily",FALSE,0,0,NA
"2012-06-27","Wednesday","daily",FALSE,0,0,NA
"2012-06-28","Thursday","daily",FALSE,0,0,NA
"2012-06-29","Friday","daily",FALSE,0,0,NA
"2012-06-30","Saturday","daily",FALSE,0,0,NA
"2012-07-01","Sunday","daily",FALSE,0,0,NA
"2012-07-02","Monday","daily",FALSE,0,0,NA
"2012-07-03","Tuesday","daily",FALSE,0,0,NA
"2012-07-04","Wednesday","daily",FALSE,0,0,NA
"2012-07-05","Thursday","daily",FALSE,0,0,NA
"2012-07-06","Friday","daily",FALSE,0,0,NA
"2012-07-07","Saturday","daily",FALSE,0,0,NA
"2012-07-08","Sunday","daily",FALSE,0,0,NA
"2012-07-09","Monday","daily",FALSE,0,0,NA
"2012-07-10","Tuesday","daily",FALSE,0,0,NA
"2012-07-11","Wednesday","daily",FALSE,0,0,NA
"2012-07-12","Thursday","daily",FALSE,0,0,NA
"2012-07-13","Friday","daily",FALSE,0,0,NA
"2012-07-14","Saturday","daily",FALSE,0,0,NA
"2012-07-15","Sunday","daily",FALSE,0,0,NA
"2012-07-16","Monday","daily",FALSE,0,0,NA
"2012-07-17","Tuesday","daily",FALSE,0,0,NA
"2012-07-18","Wednesday","daily",FALSE,0,0,NA
"2012-07-19","Thursday","daily",FALSE,0,0,NA
"2012-07-20","Friday","daily",FALSE,0,0,NA
"2012-07-21","Saturday","daily",FALSE,0,0,NA
"2012-07-22","Sunday","daily",FALSE,0,0,NA
"2012-07-23","Monday","daily",FALSE,0,0,NA
"2012-07-24","Tuesday","daily",FALSE,0,0,NA
"2012-07-25","Wednesday","daily",FALSE,0,0,NA
"2012-07-26","Thursday","daily",TRUE,8,0,NA
"2012-07-27","Friday","daily",FALSE,0,0,NA
"2012-07-28","Saturday","daily",FALSE,0,0,NA
"2012-07-29","Sunday","daily",FALSE,0,0,NA
"2012-07-30","Monday","daily",FALSE,0,0,NA
"2012-07-31","Tuesday","daily",FALSE,0,0,NA
"2012-08-01","Wednesday","daily",FALSE,0,0,NA
"2012-08-02","Thursday","daily",TRUE,6,0,NA
"2012-08-03","Friday","daily",FALSE,0,0,NA
"2012-08-04","Saturday","daily",FALSE,0,0,NA
"2012-08-05","Sunday","daily",FALSE,0,0,NA
"2012-08-06","Monday","daily",FALSE,0,0,NA
"2012-08-07","Tuesday","daily",FALSE,0,0,NA
"2012-08-08","Wednesday","daily",FALSE,0,0,NA
"2012-08-09","Thursday","daily",FALSE,0,0,NA
"2012-08-10","Friday","daily",FALSE,0,0,NA
"2012-08-11","Saturday","daily",FALSE,0,0,NA
"2012-08-12","Sunday","daily",FALSE,0,0,NA
"2012-08-13","Monday","daily",FALSE,0,0,NA
"2012-08-14","Tuesday","daily",FALSE,0,0,NA
"2012-08-15","Wednesday","daily",FALSE,0,0,NA
"2012-08-16","Thursday","daily",FALSE,0,0,NA
"2012-08-17","Friday","daily",FALSE,0,0,NA
"2012-08-18","Saturday","daily",FALSE,0,0,NA
"2012-08-19","Sunday","daily",FALSE,0,0,NA
"2012-08-20","Monday","daily",FALSE,0,0,NA
"2012-08-21","Tuesday","daily",FALSE,0,0,NA
"2012-08-22","Wednesday","daily",FALSE,0,0,NA
"2012-08-23","Thursday","daily",FALSE,0,0,NA
"2012-08-24","Friday","daily",FALSE,0,0,NA
"2012-08-25","Saturday","daily",FALSE,0,0,NA
"2012-08-26","Sunday","daily",TRUE,6,0,NA
"2012-08-27","Monday","daily",FALSE,0,0,NA
"2012-08-28","Tuesday","daily",FALSE,0,0,NA
"2012-08-29","Wednesday","daily",FALSE,0,0,NA
"2012-08-30","Thursday","daily",FALSE,0,0,NA
"2012-08-31","Friday","daily",FALSE,0,0,NA
"2012-09-01","Saturday","daily",FALSE,0,0,NA
"2012-09-02","Sunday","daily",FALSE,0,0,NA
"2012-09-03","Monday","daily",FALSE,0,0,NA
"2012-09-04","Tuesday","daily",FALSE,0,0,NA
"2012-09-05","Wednesday","daily",FALSE,0,0,NA
"2012-09-06","Thursday","daily",FALSE,0,0,NA
"2012-09-07","Friday","daily",FALSE,0,0,NA
"2012-09-08","Saturday","daily",FALSE,0,0,NA
"2012-09-09","Sunday","daily",FALSE,0,0,NA
"2012-09-10","Monday","daily",FALSE,0,0,NA
"2012-09-11","Tuesday","daily",FALSE,0,0,NA
"2012-09-12","Wednesday","daily",FALSE,0,0,NA
"2012-09-13","Thursday","daily",FALSE,0,0,NA
"2012-09-14","Friday","daily",FALSE,0,0,NA
"2012-09-15","Saturday","daily",FALSE,0,0,NA
"2012-09-16","Sunday","daily",FALSE,0,0,NA
"2012-09-17","Monday","daily",FALSE,0,0,NA
"2012-09-18","Tuesday","daily",FALSE,0,0,NA
"2012-09-19","Wednesday","daily",FALSE,0,0,NA
"2012-09-20","Thursday","daily",TRUE,6,0,NA
"2012-09-21","Friday","daily",FALSE,0,0,NA
"2012-09-22","Saturday","daily",FALSE,0,0,NA
"2012-09-23","Sunday","daily",FALSE,0,0,NA
"2012-09-24","Monday","daily",FALSE,0,0,NA
"2012-09-25","Tuesday","daily",FALSE,0,0,NA
"2012-09-26","Wednesday","daily",FALSE,0,0,NA
"2012-09-27","Thursday","daily",FALSE,0,0,NA
"2012-09-28","Friday","daily",FALSE,0,0,NA
"2012-09-29","Saturday","daily",FALSE,0,0,NA
"2012-09-30","Sunday","daily",FALSE,0,0,NA
"2012-10-01","Monday","daily",FALSE,0,0,NA
"2012-10-02","Tuesday","daily",FALSE,0,0,NA
"2012-10-03","Wednesday","daily",FALSE,0,0,NA
"2012-10-04","Thursday","daily",FALSE,0,0,NA
"2012-10-05","Friday","daily",FALSE,0,0,NA
"2012-10-06","Saturday","daily",FALSE,0,0,NA
"2012-10-07","Sunday","daily",FALSE,0,0,NA
"2012-10-08","Monday","daily",FALSE,0,0,NA
"2012-10-09","Tuesday","daily",FALSE,0,0,NA
"2012-10-10","Wednesday","daily",FALSE,0,0,NA
"2012-10-11","Thursday","daily",FALSE,0,0,NA
"2012-10-12","Friday","daily",FALSE,0,0,NA
"2012-10-13","Saturday","daily",FALSE,0,0,NA
"2012-10-14","Sunday","daily",FALSE,0,0,NA
"2012-10-15","Monday","daily",FALSE,0,0,NA
"2012-10-16","Tuesday","daily",FALSE,0,0,NA
"2012-10-17","Wednesday","daily",FALSE,0,0,NA
"2012-10-18","Thursday","daily",FALSE,0,0,NA
"2012-10-19","Friday","daily",FALSE,0,0,NA
"2012-10-20","Saturday","daily",FALSE,0,0,NA
"2012-10-21","Sunday","daily",TRUE,9,0,NA
"2012-10-22","Monday","daily",FALSE,0,0,NA
"2012-10-23","Tuesday","daily",FALSE,0,0,NA
"2012-10-24","Wednesday","daily",FALSE,0,0,NA
"2012-10-25","Thursday","daily",FALSE,0,0,NA
"2012-10-26","Friday","daily",FALSE,0,0,NA
"2012-10-27","Saturday","daily",FALSE,0,0,NA
"2012-10-28","Sunday","daily",FALSE,0,0,NA
"2012-10-29","Monday","daily",FALSE,0,0,NA
"2012-10-30","Tuesday","daily",FALSE,0,0,NA
"2012-10-31","Wednesday","daily",FALSE,0,0,NA
"2012-11-01","Thursday","daily",FALSE,0,0,NA
"2012-11-02","Friday","daily",FALSE,0,0,NA
"2012-11-03","Saturday","daily",FALSE,0,0,NA
"2012-11-04","Sunday","daily",FALSE,0,0,NA
"2012-11-05","Monday","daily",FALSE,0,0,NA
"2012-11-06","Tuesday","daily",FALSE,0,0,NA
"2012-11-07","Wednesday","daily",FALSE,0,0,NA
"2012-11-08","Thursday","daily",TRUE,12,0,NA
"2012-11-09","Friday","daily",FALSE,0,0,NA
"2012-11-10","Saturday","daily",FALSE,0,0,NA
"2012-11-11","Sunday","daily",FALSE,0,0,NA
"2012-11-12","Monday","daily",FALSE,0,0,NA
"2012-11-13","Tuesday","daily",FALSE,0,0,NA
"2012-11-14","Wednesday","daily",FALSE,0,0,NA
"2012-11-15","Thursday","daily",FALSE,0,0,NA
"2012-11-16","Friday","daily",FALSE,0,0,NA
"2012-11-17","Saturday","daily",FALSE,0,0,NA
"2012-11-18","Sunday","daily",FALSE,0,0,NA
"2012-11-19","Monday","daily",FALSE,0,0,NA
"2012-11-20","Tuesday","daily",FALSE,0,0,NA
"2012-11-21","Wednesday","daily",FALSE,0,0,NA
"2012-11-22","Thursday","daily",FALSE,0,0,NA
"2012-11-23","Friday","daily",FALSE,0,0,NA
"2012-11-24","Saturday","daily",FALSE,0,0,NA
"2012-11-25","Sunday","daily",FALSE,0,0,NA
"2012-11-26","Monday","daily",FALSE,0,0,NA
"2012-11-27","Tuesday","daily",FALSE,0,0,NA
"2012-11-28","Wednesday","daily",FALSE,0,0,NA
"2012-11-29","Thursday","daily",FALSE,0,0,NA
"2012-11-30","Friday","daily",FALSE,0,0,NA
"2012-12-01","Saturday","daily",FALSE,0,0,NA
"2012-12-02","Sunday","daily",FALSE,0,0,NA
"2012-12-03","Monday","daily",FALSE,0,0,NA
"2012-12-04","Tuesday","daily",FALSE,0,0,NA
"2012-12-05","Wednesday","daily",FALSE,0,0,NA
"2012-12-06","Thursday","daily",TRUE,7,0,NA
"2012-12-07","Friday","daily",FALSE,0,0,NA
"2012-12-08","Saturday","daily",FALSE,0,0,NA
"2012-12-09","Sunday","daily",FALSE,0,0,NA
"2012-12-10","Monday","daily",FALSE,0,0,NA
"2012-12-11","Tuesday","daily",FALSE,0,0,NA
"2012-12-12","Wednesday","daily",FALSE,0,0,NA
"2012-12-13","Thursday","daily",TRUE,4,0,NA
"2012-12-14","Friday","daily",FALSE,0,0,NA
"2012-12-15","Saturday","daily",FALSE,0,0,NA
"2012-12-16","Sunday","daily",FALSE,0,0,NA
"2012-12-17","Monday","daily",FALSE,0,0,NA
"2012-12-18","Tuesday","daily",FALSE,0,0,NA
"2012-12-19","Wednesday","daily",FALSE,0,0,NA
"2012-12-20","Thursday","daily",FALSE,0,0,NA
"2012-12-21","Friday","daily",FALSE,0,0,NA
"2012-12-22","Saturday","daily",FALSE,0,0,NA
"2012-12-23","Sunday","daily",FALSE,0,0,NA
"2012-12-24","Monday","daily",FALSE,0,0,NA
"2012-12-25","Tuesday","daily",FALSE,0,0,NA
"2012-12-26","Wednesday","daily",TRUE,13,0,NA
"2012-12-27","Thursday","daily",FALSE,0,0,NA
"2012-12-28","Friday","daily",FALSE,0,0,NA
"2012-12-29","Saturday","daily",FALSE,0,0,NA
"2012-12-30","Sunday","daily",FALSE,0,0,NA
"2012-12-31","Monday","daily",FALSE,0,0,NA
"2013-01-01","Tuesday","daily",FALSE,0,0,NA
"2013-01-02","Wednesday","daily",FALSE,0,0,NA
"2013-01-03","Thursday","daily",FALSE,0,0,NA
"2013-01-04","Friday","daily",FALSE,0,0,NA
"2013-01-05","Saturday","daily",FALSE,0,0,NA
"2013-01-06","Sunday","daily",FALSE,0,0,NA
"2013-01-07","Monday","daily",FALSE,0,0,NA
"2013-01-08","Tuesday","daily",FALSE,0,0,NA
"2013-01-09","Wednesday","daily",FALSE,0,0,NA
"2013-01-10","Thursday","daily",TRUE,3,0,NA
"2013-01-11","Friday","daily",FALSE,0,0,NA
"2013-01-12","Saturday","daily",FALSE,0,0,NA
"2013-01-13","Sunday","daily",FALSE,0,0,NA
"2013-01-14","Monday","daily",FALSE,0,0,NA
"2013-01-15","Tuesday","daily",FALSE,0,0,NA
"2013-01-16","Wednesday","daily",FALSE,0,0,NA
"2013-01-17","Thursday","daily",TRUE,5,0,NA
"2013-01-18","Friday","daily",FALSE,0,0,NA
"2013-01-19","Saturday","daily",FALSE,0,0,NA
"2013-01-20","Sunday","daily",FALSE,0,0,NA
"2013-01-21","Monday","daily",FALSE,0,0,NA
"2013-01-22","Tuesday","daily",FALSE,0,0,NA
"2013-01-23","Wednesday","daily",FALSE,0,0,NA
"2013-01-24","Thursday","daily",FALSE,0,0,NA
"2013-01-25","Friday","daily",FALSE,0,0,NA
"2013-01-26","Saturday","daily",FALSE,0,0,NA
"2013-01-27","Sunday","daily",FALSE,0,0,NA
"2013-01-28","Monday","daily",FALSE,0,0,NA
"2013-01-29","Tuesday","daily",FALSE,0,0,NA
"2013-01-30","Wednesday","daily",FALSE,0,0,NA
"2013-01-31","Thursday","daily",FALSE,0,0,NA
"2013-02-01","Friday","daily",FALSE,0,0,NA
"2013-02-02","Saturday","daily",FALSE,0,0,NA
"2013-02-03","Sunday","daily",FALSE,0,0,NA
"2013-02-04","Monday","daily",FALSE,0,0,NA
"2013-02-05","Tuesday","daily",FALSE,0,0,NA
"2013-02-06","Wednesday","daily",FALSE,0,0,NA
"2013-02-07","Thursday","daily",TRUE,6,0,NA
"2013-02-08","Friday","daily",FALSE,0,0,NA
"2013-02-09","Saturday","daily",FALSE,0,0,NA
"2013-02-10","Sunday","daily",FALSE,0,0,NA
"2013-02-11","Monday","daily",FALSE,0,0,NA
"2013-02-12","Tuesday","daily",FALSE,0,0,NA
"2013-02-13","Wednesday","daily",FALSE,0,0,NA
"2013-02-14","Thursday","daily",FALSE,0,0,NA
"2013-02-15","Friday","daily",FALSE,0,0,NA
"2013-02-16","Saturday","daily",FALSE,0,0,NA
"2013-02-17","Sunday","daily",TRUE,5,0,NA
"2013-02-18","Monday","daily",FALSE,0,0,NA
"2013-02-19","Tuesday","daily",FALSE,0,0,NA
"2013-02-20","Wednesday","daily",FALSE,0,0,NA
"2013-02-21","Thursday","daily",FALSE,0,0,NA
"2013-02-22","Friday","daily",FALSE,0,0,NA
"2013-02-23","Saturday","daily",FALSE,0,0,NA
"2013-02-24","Sunday","daily",FALSE,0,0,NA
"2013-02-25","Monday","daily",FALSE,0,0,NA
"2013-02-26","Tuesday","daily",FALSE,0,0,NA
"2013-02-27","Wednesday","daily",FALSE,0,0,NA
"2013-02-28","Thursday","daily",FALSE,0,0,NA
"2013-03-01","Friday","daily",FALSE,0,0,NA
"2013-03-02","Saturday","daily",FALSE,0,0,NA
"2013-03-03","Sunday","daily",FALSE,0,0,NA
"2013-03-04","Monday","daily",FALSE,0,0,NA
"2013-03-05","Tuesday","daily",FALSE,0,0,NA
"2013-03-06","Wednesday","daily",FALSE,0,0,NA
"2013-03-07","Thursday","daily",FALSE,0,0,NA
"2013-03-08","Friday","daily",FALSE,0,0,NA
"2013-03-09","Saturday","daily",FALSE,0,0,NA
"2013-03-10","Sunday","daily",TRUE,7,0,NA
"2013-03-11","Monday","daily",FALSE,0,0,NA
"2013-03-12","Tuesday","daily",FALSE,0,0,NA
"2013-03-13","Wednesday","daily",FALSE,0,0,NA
"2013-03-14","Thursday","daily",FALSE,0,0,NA
"2013-03-15","Friday","daily",FALSE,0,0,NA
"2013-03-16","Saturday","daily",FALSE,0,0,NA
"2013-03-17","Sunday","daily",FALSE,0,0,NA
"2013-03-18","Monday","daily",FALSE,0,0,NA
"2013-03-19","Tuesday","daily",FALSE,0,0,NA
"2013-03-20","Wednesday","daily",FALSE,0,0,NA
"2013-03-21","Thursday","daily",FALSE,0,0,NA
"2013-03-22","Friday","daily",FALSE,0,0,NA
"2013-03-23","Saturday","daily",FALSE,0,0,NA
"2013-03-24","Sunday","daily",FALSE,0,0,NA
"2013-03-25","Monday","daily",FALSE,0,0,NA
"2013-03-26","Tuesday","daily",FALSE,0,0,NA
"2013-03-27","Wednesday","daily",FALSE,0,0,NA
"2013-03-28","Thursday","daily",TRUE,13,0,NA
"2013-03-29","Friday","daily",FALSE,0,0,NA
"2013-03-30","Saturday","daily",FALSE,0,0,NA
"2013-03-31","Sunday","daily",FALSE,0,0,NA
"2013-04-01","Monday","daily",FALSE,0,0,NA
"2013-04-02","Tuesday","daily",FALSE,0,0,NA
"2013-04-03","Wednesday","daily",FALSE,0,0,NA
"2013-04-04","Thursday","daily",FALSE,0,0,NA
"2013-04-05","Friday","daily",FALSE,0,0,NA
"2013-04-06","Saturday","daily",FALSE,0,0,NA
"2013-04-07","Sunday","daily",FALSE,0,0,NA
"2013-04-08","Monday","daily",FALSE,0,0,NA
"2013-04-09","Tuesday","daily",FALSE,0,0,NA
"2013-04-10","Wednesday","daily",FALSE,0,0,NA
"2013-04-11","Thursday","daily",FALSE,0,0,NA
"2013-04-12","Friday","daily",FALSE,0,0,NA
"2013-04-13","Saturday","daily",FALSE,0,0,NA
"2013-04-14","Sunday","daily",FALSE,0,0,NA
"2013-04-15","Monday","daily",FALSE,0,0,NA
"2013-04-16","Tuesday","daily",FALSE,0,0,NA
"2013-04-17","Wednesday","daily",FALSE,0,0,NA
"2013-04-18","Thursday","daily",FALSE,0,0,NA
"2013-04-19","Friday","daily",FALSE,0,0,NA
"2013-04-20","Saturday","daily",FALSE,0,0,NA
"2013-04-21","Sunday","daily",FALSE,0,0,NA
"2013-04-22","Monday","daily",FALSE,0,0,NA
"2013-04-23","Tuesday","daily",FALSE,0,0,NA
"2013-04-24","Wednesday","daily",FALSE,0,0,NA
"2013-04-25","Thursday","daily",FALSE,0,0,NA
"2013-04-26","Friday","daily",FALSE,0,0,NA
"2013-04-27","Saturday","daily",FALSE,0,0,NA
"2013-04-28","Sunday","daily",FALSE,0,0,NA
"2013-04-29","Monday","daily",FALSE,0,0,NA
"2013-04-30","Tuesday","daily",FALSE,0,0,NA
"2013-05-01","Wednesday","daily",FALSE,0,0,NA
"2013-05-02","Thursday","daily",FALSE,0,0,NA
"2013-05-03","Friday","daily",FALSE,0,0,NA
"2013-05-04","Saturday","daily",FALSE,0,0,NA
"2013-05-05","Sunday","daily",TRUE,7,0,NA
"2013-05-06","Monday","daily",FALSE,0,0,NA
"2013-05-07","Tuesday","daily",FALSE,0,0,NA
"2013-05-08","Wednesday","daily",FALSE,0,0,NA
"2013-05-09","Thursday","daily",FALSE,0,0,NA
"2013-05-10","Friday","daily",FALSE,0,0,NA
"2013-05-11","Saturday","daily",FALSE,0,0,NA
"2013-05-12","Sunday","daily",FALSE,0,0,NA
"2013-05-13","Monday","daily",FALSE,0,0,NA
"2013-05-14","Tuesday","daily",FALSE,0,0,NA
"2013-05-15","Wednesday","daily",FALSE,0,0,NA
"2013-05-16","Thursday","daily",FALSE,0,0,NA
"2013-05-17","Friday","daily",FALSE,0,0,NA
"2013-05-18","Saturday","daily",FALSE,0,0,NA
"2013-05-19","Sunday","daily",FALSE,0,0,NA
"2013-05-20","Monday","daily",FALSE,0,0,NA
"2013-05-21","Tuesday","daily",FALSE,0,0,NA
"2013-05-22","Wednesday","daily",FALSE,0,0,NA
"2013-05-23","Thursday","daily",FALSE,0,0,NA
"2013-05-24","Friday","daily",FALSE,0,0,NA
"2013-05-25","Saturday","daily",FALSE,0,0,NA
"2013-05-26","Sunday","daily",FALSE,0,0,NA
"2013-05-27","Monday","daily",FALSE,0,0,NA
"2013-05-28","Tuesday","daily",FALSE,0,0,NA
"2013-05-29","Wednesday","daily",FALSE,0,0,NA
"2013-05-30","Thursday","daily",FALSE,0,0,NA
"2013-05-31","Friday","daily",FALSE,0,0,NA
"2013-06-01","Saturday","daily",FALSE,0,0,NA
"2013-06-02","Sunday","daily",TRUE,12,0,NA
"2013-06-03","Monday","daily",FALSE,0,0,NA
"2013-06-04","Tuesday","daily",FALSE,0,0,NA
"2013-06-05","Wednesday","daily",FALSE,0,0,NA
"2013-06-06","Thursday","daily",FALSE,0,0,NA
"2013-06-07","Friday","daily",FALSE,0,0,NA
"2013-06-08","Saturday","daily",FALSE,0,0,NA
"2013-06-09","Sunday","daily",FALSE,0,0,NA
"2013-06-10","Monday","daily",FALSE,0,0,NA
"2013-06-11","Tuesday","daily",FALSE,0,0,NA
"2013-06-12","Wednesday","daily",FALSE,0,0,NA
"2013-06-13","Thursday","daily",FALSE,0,0,NA
"2013-06-14","Friday","daily",FALSE,0,0,NA
"2013-06-15","Saturday","daily",FALSE,0,0,NA
"2013-06-16","Sunday","daily",FALSE,0,0,NA
"2013-06-17","Monday","daily",FALSE,0,0,NA
"2013-06-18","Tuesday","daily",FALSE,0,0,NA
"2013-06-19","Wednesday","daily",FALSE,0,0,NA
"2013-06-20","Thursday","daily",FALSE,0,0,NA
"2013-06-21","Friday","daily",FALSE,0,0,NA
"2013-06-22","Saturday","daily",FALSE,0,0,NA
"2013-06-23","Sunday","daily",TRUE,32,0,NA
"2013-06-24","Monday","daily",FALSE,0,0,NA
"2013-06-25","Tuesday","daily",FALSE,0,0,NA
"2013-06-26","Wednesday","daily",FALSE,0,0,NA
"2013-06-27","Thursday","daily",FALSE,0,0,NA
"2013-06-28","Friday","daily",FALSE,0,0,NA
"2013-06-29","Saturday","daily",FALSE,0,0,NA
"2013-06-30","Sunday","daily",FALSE,0,0,NA
"2013-07-01","Monday","daily",FALSE,0,0,NA
"2013-07-02","Tuesday","daily",FALSE,0,0,NA
"2013-07-03","Wednesday","daily",FALSE,0,0,NA
"2013-07-04","Thursday","daily",FALSE,0,0,NA
"2013-07-05","Friday","daily",FALSE,0,0,NA
"2013-07-06","Saturday","daily",FALSE,0,0,NA
"2013-07-07","Sunday","daily",FALSE,0,0,NA
"2013-07-08","Monday","daily",FALSE,0,0,NA
"2013-07-09","Tuesday","daily",FALSE,0,0,NA
"2013-07-10","Wednesday","daily",FALSE,0,0,NA
"2013-07-11","Thursday","daily",FALSE,0,0,NA
"2013-07-12","Friday","daily",FALSE,0,0,NA
"2013-07-13","Saturday","daily",FALSE,0,0,NA
"2013-07-14","Sunday","daily",FALSE,0,0,NA
"2013-07-15","Monday","daily",FALSE,0,0,NA
"2013-07-16","Tuesday","daily",FALSE,0,0,NA
"2013-07-17","Wednesday","daily",FALSE,0,0,NA
"2013-07-18","Thursday","daily",FALSE,0,1,NA
"2013-07-19","Friday","daily",FALSE,0,0,NA
"2013-07-20","Saturday","daily",FALSE,0,0,NA
"2013-07-21","Sunday","daily",FALSE,0,0,NA
"2013-07-22","Monday","daily",FALSE,0,0,NA
"2013-07-23","Tuesday","daily",FALSE,0,0,NA
"2013-07-24","Wednesday","daily",FALSE,0,0,NA
"2013-07-25","Thursday","daily",TRUE,24,0,NA
"2013-07-26","Friday","daily",FALSE,0,0,NA
"2013-07-27","Saturday","daily",FALSE,0,0,NA
"2013-07-28","Sunday","daily",FALSE,0,0,NA
"2013-07-29","Monday","daily",FALSE,0,0,NA
"2013-07-30","Tuesday","daily",FALSE,0,0,NA
"2013-07-31","Wednesday","daily",FALSE,0,0,NA
"2013-08-01","Thursday","daily",FALSE,0,0,NA
"2013-08-02","Friday","daily",FALSE,0,0,NA
"2013-08-03","Saturday","daily",FALSE,0,0,NA
"2013-08-04","Sunday","daily",FALSE,0,0,NA
"2013-08-05","Monday","daily",FALSE,0,0,NA
"2013-08-06","Tuesday","daily",FALSE,0,0,NA
"2013-08-07","Wednesday","daily",FALSE,0,0,NA
"2013-08-08","Thursday","daily",FALSE,0,0,NA
"2013-08-09","Friday","daily",FALSE,0,0,NA
"2013-08-10","Saturday","daily",FALSE,0,0,NA
"2013-08-11","Sunday","daily",FALSE,0,0,NA
"2013-08-12","Monday","daily",FALSE,0,0,NA
"2013-08-13","Tuesday","daily",FALSE,0,0,NA
"2013-08-14","Wednesday","daily",FALSE,0,0,NA
"2013-08-15","Thursday","daily",FALSE,0,0,NA
"2013-08-16","Friday","daily",FALSE,0,0,NA
"2013-08-17","Saturday","daily",FALSE,0,0,NA
"2013-08-18","Sunday","daily",FALSE,0,0,NA
"2013-08-19","Monday","daily",FALSE,0,0,NA
"2013-08-20","Tuesday","daily",FALSE,0,0,NA
"2013-08-21","Wednesday","daily",FALSE,0,0,NA
"2013-08-22","Thursday","daily",TRUE,6,0,NA
"2013-08-23","Friday","daily",FALSE,0,0,NA
"2013-08-24","Saturday","daily",FALSE,0,0,NA
"2013-08-25","Sunday","daily",FALSE,0,0,NA
"2013-08-26","Monday","daily",FALSE,0,0,NA
"2013-08-27","Tuesday","daily",FALSE,0,0,NA
"2013-08-28","Wednesday","daily",FALSE,0,0,NA
"2013-08-29","Thursday","daily",TRUE,1,0,NA
"2013-08-30","Friday","daily",FALSE,0,0,NA
"2013-08-31","Saturday","daily",FALSE,0,0,NA
"2013-09-01","Sunday","daily",TRUE,4,0,NA
"2013-09-02","Monday","daily",FALSE,0,0,NA
"2013-09-03","Tuesday","daily",FALSE,0,0,NA
"2013-09-04","Wednesday","daily",FALSE,0,0,NA
"2013-09-05","Thursday","daily",TRUE,4,0,NA
"2013-09-06","Friday","daily",FALSE,0,0,NA
"2013-09-07","Saturday","daily",FALSE,0,0,NA
"2013-09-08","Sunday","daily",FALSE,0,0,NA
"2013-09-09","Monday","daily",FALSE,0,0,NA
"2013-09-10","Tuesday","daily",FALSE,0,0,NA
"2013-09-11","Wednesday","daily",FALSE,0,0,NA
"2013-09-12","Thursday","daily",FALSE,0,0,NA
"2013-09-13","Friday","daily",FALSE,0,0,NA
"2013-09-14","Saturday","daily",FALSE,0,0,NA
"2013-09-15","Sunday","daily",FALSE,0,0,NA
"2013-09-16","Monday","daily",FALSE,0,0,NA
"2013-09-17","Tuesday","daily",FALSE,0,0,NA
"2013-09-18","Wednesday","daily",TRUE,5,0,NA
"2013-09-19","Thursday","daily",FALSE,0,0,NA
"2013-09-20","Friday","daily",FALSE,0,0,NA
"2013-09-21","Saturday","daily",FALSE,0,0,NA
"2013-09-22","Sunday","daily",FALSE,0,0,NA
"2013-09-23","Monday","daily",FALSE,0,0,NA
"2013-09-24","Tuesday","daily",FALSE,0,0,NA
"2013-09-25","Wednesday","daily",FALSE,0,0,NA
"2013-09-26","Thursday","daily",FALSE,0,0,NA
"2013-09-27","Friday","daily",FALSE,0,0,NA
"2013-09-28","Saturday","daily",FALSE,0,0,NA
"2013-09-29","Sunday","daily",FALSE,0,0,NA
"2013-09-30","Monday","daily",FALSE,0,0,NA
"2013-10-01","Tuesday","daily",FALSE,0,0,NA
"2013-10-02","Wednesday","daily",FALSE,0,0,NA
"2013-10-03","Thursday","daily",TRUE,8,0,NA
"2013-10-04","Friday","daily",FALSE,0,0,NA
"2013-10-05","Saturday","daily",FALSE,0,0,NA
"2013-10-06","Sunday","daily",FALSE,0,0,NA
"2013-10-07","Monday","daily",FALSE,0,0,NA
"2013-10-08","Tuesday","daily",FALSE,0,0,NA
"2013-10-09","Wednesday","daily",FALSE,0,0,NA
"2013-10-10","Thursday","daily",TRUE,7,0,NA
"2013-10-11","Friday","daily",FALSE,0,0,NA
"2013-10-12","Saturday","daily",FALSE,0,0,NA
"2013-10-13","Sunday","daily",FALSE,0,0,NA
"2013-10-14","Monday","daily",FALSE,0,0,NA
"2013-10-15","Tuesday","daily",FALSE,0,0,NA
"2013-10-16","Wednesday","daily",FALSE,0,0,NA
"2013-10-17","Thursday","daily",FALSE,0,0,NA
"2013-10-18","Friday","daily",FALSE,0,0,NA
"2013-10-19","Saturday","daily",FALSE,0,0,NA
"2013-10-20","Sunday","daily",FALSE,0,0,NA
"2013-10-21","Monday","daily",FALSE,0,0,NA
"2013-10-22","Tuesday","daily",FALSE,0,0,NA
"2013-10-23","Wednesday","daily",FALSE,0,0,NA
"2013-10-24","Thursday","daily",FALSE,0,0,NA
"2013-10-25","Friday","daily",FALSE,0,0,NA
"2013-10-26","Saturday","daily",FALSE,0,0,NA
"2013-10-27","Sunday","daily",FALSE,0,0,NA
"2013-10-28","Monday","daily",FALSE,0,0,NA
"2013-10-29","Tuesday","daily",FALSE,0,0,NA
"2013-10-30","Wednesday","daily",FALSE,0,0,NA
"2013-10-31","Thursday","daily",FALSE,0,7,NA
"2013-11-01","Friday","daily",FALSE,0,0,NA
"2013-11-02","Saturday","daily",FALSE,0,0,NA
"2013-11-03","Sunday","daily",FALSE,0,0,NA
"2013-11-04","Monday","daily",FALSE,0,0,NA
"2013-11-05","Tuesday","daily",FALSE,0,0,NA
"2013-11-06","Wednesday","daily",FALSE,0,0,NA
"2013-11-07","Thursday","daily",TRUE,10,0,NA
"2013-11-08","Friday","daily",FALSE,0,0,NA
"2013-11-09","Saturday","daily",FALSE,0,0,NA
"2013-11-10","Sunday","daily",FALSE,0,0,NA
"2013-11-11","Monday","daily",FALSE,0,0,NA
"2013-11-12","Tuesday","daily",FALSE,0,0,NA
"2013-11-13","Wednesday","daily",FALSE,0,0,NA
"2013-11-14","Thursday","daily",FALSE,0,0,NA
"2013-11-15","Friday","daily",FALSE,0,0,NA
"2013-11-16","Saturday","daily",FALSE,0,0,NA
"2013-11-17","Sunday","daily",FALSE,0,0,NA
"2013-11-18","Monday","daily",FALSE,0,0,NA
"2013-11-19","Tuesday","daily",FALSE,0,0,NA
"2013-11-20","Wednesday","daily",FALSE,0,0,NA
"2013-11-21","Thursday","daily",FALSE,0,0,NA
"2013-11-22","Friday","daily",FALSE,0,0,NA
"2013-11-23","Saturday","daily",FALSE,0,0,NA
"2013-11-24","Sunday","daily",FALSE,0,0,NA
"2013-11-25","Monday","daily",FALSE,0,0,NA
"2013-11-26","Tuesday","daily",FALSE,0,0,NA
"2013-11-27","Wednesday","daily",FALSE,0,0,NA
"2013-11-28","Thursday","daily",FALSE,0,0,NA
"2013-11-29","Friday","daily",FALSE,0,0,NA
"2013-11-30","Saturday","daily",FALSE,0,0,NA
"2013-12-01","Sunday","daily",FALSE,0,0,NA
"2013-12-02","Monday","daily",FALSE,0,0,NA
"2013-12-03","Tuesday","daily",FALSE,0,0,NA
"2013-12-04","Wednesday","daily",FALSE,0,0,NA
"2013-12-05","Thursday","daily",FALSE,0,0,NA
"2013-12-06","Friday","daily",FALSE,0,0,NA
"2013-12-07","Saturday","daily",FALSE,0,0,NA
"2013-12-08","Sunday","daily",FALSE,0,0,NA
"2013-12-09","Monday","daily",FALSE,0,0,NA
"2013-12-10","Tuesday","daily",FALSE,0,0,NA
"2013-12-11","Wednesday","daily",FALSE,0,0,NA
"2013-12-12","Thursday","daily",FALSE,0,11,NA
"2013-12-13","Friday","daily",FALSE,0,0,NA
"2013-12-14","Saturday","daily",FALSE,0,0,NA
"2013-12-15","Sunday","daily",FALSE,0,0,NA
"2013-12-16","Monday","daily",FALSE,0,0,NA
"2013-12-17","Tuesday","daily",FALSE,0,0,NA
"2013-12-18","Wednesday","daily",FALSE,0,0,NA
"2013-12-19","Thursday","daily",TRUE,6,0,NA
"2013-12-20","Friday","daily",FALSE,0,0,NA
"2013-12-21","Saturday","daily",FALSE,0,0,NA
"2013-12-22","Sunday","daily",FALSE,0,0,NA
"2013-12-23","Monday","daily",FALSE,0,0,NA
"2013-12-24","Tuesday","daily",FALSE,0,0,NA
"2013-12-25","Wednesday","daily",FALSE,0,0,NA
"2013-12-26","Thursday","daily",FALSE,0,0,NA
"2013-12-27","Friday","daily",FALSE,0,0,NA
"2013-12-28","Saturday","daily",FALSE,0,0,NA
"2013-12-29","Sunday","daily",TRUE,6,0,NA
"2013-12-30","Monday","daily",FALSE,0,0,NA
"2013-12-31","Tuesday","daily",FALSE,0,0,NA
"2014-01-01","Wednesday","daily",FALSE,0,0,NA
"2014-01-02","Thursday","daily",FALSE,0,0,NA
"2014-01-03","Friday","daily",FALSE,0,0,NA
"2014-01-04","Saturday","daily",FALSE,0,0,NA
"2014-01-05","Sunday","daily",FALSE,0,0,NA
"2014-01-06","Monday","daily",FALSE,0,0,NA
"2014-01-07","Tuesday","daily",FALSE,0,0,NA
"2014-01-08","Wednesday","daily",FALSE,0,0,NA
"2014-01-09","Thursday","daily",FALSE,0,0,NA
"2014-01-10","Friday","daily",FALSE,0,0,NA
"2014-01-11","Saturday","daily",FALSE,0,0,NA
"2014-01-12","Sunday","daily",FALSE,0,0,NA
"2014-01-13","Monday","daily",FALSE,0,0,NA
"2014-01-14","Tuesday","daily",FALSE,0,0,NA
"2014-01-15","Wednesday","daily",FALSE,0,0,NA
"2014-01-16","Thursday","daily",FALSE,0,0,NA
"2014-01-17","Friday","daily",FALSE,0,0,NA
"2014-01-18","Saturday","daily",FALSE,0,0,NA
"2014-01-19","Sunday","daily",FALSE,0,0,NA
"2014-01-20","Monday","daily",FALSE,0,0,NA
"2014-01-21","Tuesday","daily",FALSE,0,0,NA
"2014-01-22","Wednesday","daily",TRUE,2,0,NA
"2014-01-23","Thursday","daily",TRUE,3,0,NA
"2014-01-24","Friday","daily",FALSE,0,0,NA
"2014-01-25","Saturday","daily",FALSE,0,0,NA
"2014-01-26","Sunday","daily",FALSE,0,0,NA
"2014-01-27","Monday","daily",FALSE,0,0,NA
"2014-01-28","Tuesday","daily",FALSE,0,0,NA
"2014-01-29","Wednesday","daily",FALSE,0,0,NA
"2014-01-30","Thursday","daily",TRUE,1,0,NA
"2014-01-31","Friday","daily",FALSE,0,0,NA
"2014-02-01","Saturday","daily",FALSE,0,0,NA
"2014-02-02","Sunday","daily",FALSE,0,0,NA
"2014-02-03","Monday","daily",FALSE,0,0,NA
"2014-02-04","Tuesday","daily",FALSE,0,0,NA
"2014-02-05","Wednesday","daily",FALSE,0,0,NA
"2014-02-06","Thursday","daily",FALSE,0,0,NA
"2014-02-07","Friday","daily",FALSE,0,0,NA
"2014-02-08","Saturday","daily",FALSE,0,0,NA
"2014-02-09","Sunday","daily",FALSE,0,0,NA
"2014-02-10","Monday","daily",FALSE,0,0,NA
"2014-02-11","Tuesday","daily",FALSE,0,0,NA
"2014-02-12","Wednesday","daily",FALSE,0,0,NA
"2014-02-13","Thursday","daily",TRUE,8,0,NA
"2014-02-14","Friday","daily",FALSE,0,0,NA
"2014-02-15","Saturday","daily",FALSE,0,0,NA
"2014-02-16","Sunday","daily",FALSE,0,0,NA
"2014-02-17","Monday","daily",FALSE,0,0,NA
"2014-02-18","Tuesday","daily",FALSE,0,0,NA
"2014-02-19","Wednesday","daily",FALSE,0,0,NA
"2014-02-20","Thursday","daily",FALSE,0,0,NA
"2014-02-21","Friday","daily",FALSE,0,0,NA
"2014-02-22","Saturday","daily",FALSE,0,0,NA
"2014-02-23","Sunday","daily",FALSE,0,0,NA
"2014-02-24","Monday","daily",FALSE,0,0,NA
"2014-02-25","Tuesday","daily",FALSE,0,0,NA
"2014-02-26","Wednesday","daily",FALSE,0,0,NA
"2014-02-27","Thursday","daily",FALSE,0,0,NA
"2014-02-28","Friday","daily",FALSE,0,0,NA
"2014-03-01","Saturday","daily",FALSE,0,0,NA
"2014-03-02","Sunday","daily",FALSE,0,0,NA
"2014-03-03","Monday","daily",FALSE,0,0,NA
"2014-03-04","Tuesday","daily",FALSE,0,0,NA
"2014-03-05","Wednesday","daily",FALSE,0,0,NA
"2014-03-06","Thursday","daily",TRUE,4,0,NA
"2014-03-07","Friday","daily",FALSE,0,0,NA
"2014-03-08","Saturday","daily",FALSE,0,0,NA
"2014-03-09","Sunday","daily",FALSE,0,0,NA
"2014-03-10","Monday","daily",FALSE,0,0,NA
"2014-03-11","Tuesday","daily",FALSE,0,0,NA
"2014-03-12","Wednesday","daily",FALSE,0,0,NA
"2014-03-13","Thursday","daily",FALSE,0,0,NA
"2014-03-14","Friday","daily",FALSE,0,0,NA
"2014-03-15","Saturday","daily",FALSE,0,0,NA
"2014-03-16","Sunday","daily",FALSE,0,0,NA
"2014-03-17","Monday","daily",FALSE,0,0,NA
"2014-03-18","Tuesday","daily",FALSE,0,0,NA
"2014-03-19","Wednesday","daily",FALSE,0,0,NA
"2014-03-20","Thursday","daily",FALSE,0,0,NA
"2014-03-21","Friday","daily",FALSE,0,0,NA
"2014-03-22","Saturday","daily",FALSE,0,0,NA
"2014-03-23","Sunday","daily",FALSE,0,0,NA
"2014-03-24","Monday","daily",FALSE,0,0,NA
"2014-03-25","Tuesday","daily",FALSE,0,0,NA
"2014-03-26","Wednesday","daily",FALSE,0,0,NA
"2014-03-27","Thursday","daily",TRUE,3,0,NA
"2014-03-28","Friday","daily",FALSE,0,0,NA
"2014-03-29","Saturday","daily",FALSE,0,0,NA
"2014-03-30","Sunday","daily",FALSE,0,0,NA
"2014-03-31","Monday","daily",FALSE,0,0,NA
"2014-04-01","Tuesday","daily",TRUE,8,0,NA
"2014-04-02","Wednesday","daily",FALSE,0,0,NA
"2014-04-03","Thursday","daily",FALSE,0,0,NA
"2014-04-04","Friday","daily",FALSE,0,0,NA
"2014-04-05","Saturday","daily",FALSE,0,0,NA
"2014-04-06","Sunday","daily",FALSE,0,0,NA
"2014-04-07","Monday","daily",FALSE,0,0,NA
"2014-04-08","Tuesday","daily",FALSE,0,0,NA
"2014-04-09","Wednesday","daily",FALSE,0,0,NA
"2014-04-10","Thursday","daily",FALSE,0,0,NA
"2014-04-11","Friday","daily",FALSE,0,0,NA
"2014-04-12","Saturday","daily",FALSE,0,0,NA
"2014-04-13","Sunday","daily",FALSE,0,0,NA
"2014-04-14","Monday","daily",FALSE,0,0,NA
"2014-04-15","Tuesday","daily",FALSE,0,0,NA
"2014-04-16","Wednesday","daily",FALSE,0,0,NA
"2014-04-17","Thursday","daily",FALSE,0,0,NA
"2014-04-18","Friday","daily",FALSE,0,0,NA
"2014-04-19","Saturday","daily",FALSE,0,0,NA
"2014-04-20","Sunday","daily",FALSE,0,0,NA
"2014-04-21","Monday","daily",FALSE,0,0,NA
"2014-04-22","Tuesday","daily",FALSE,0,0,NA
"2014-04-23","Wednesday","daily",FALSE,0,0,NA
"2014-04-24","Thursday","daily",FALSE,0,0,NA
"2014-04-25","Friday","daily",FALSE,0,0,NA
"2014-04-26","Saturday","daily",FALSE,0,0,NA
"2014-04-27","Sunday","daily",FALSE,0,0,NA
"2014-04-28","Monday","daily",FALSE,0,0,NA
"2014-04-29","Tuesday","daily",FALSE,0,0,NA
"2014-04-30","Wednesday","daily",FALSE,0,0,NA
"2014-05-01","Thursday","daily",TRUE,10,0,NA
"2014-05-02","Friday","daily",FALSE,0,0,NA
"2014-05-03","Saturday","daily",FALSE,0,0,NA
"2014-05-04","Sunday","daily",FALSE,0,0,NA
"2014-05-05","Monday","daily",FALSE,0,0,NA
"2014-05-06","Tuesday","daily",FALSE,0,0,NA
"2014-05-07","Wednesday","daily",FALSE,0,0,NA
"2014-05-08","Thursday","daily",FALSE,0,0,NA
"2014-05-09","Friday","daily",FALSE,0,0,NA
"2014-05-10","Saturday","daily",FALSE,0,0,NA
"2014-05-11","Sunday","daily",FALSE,0,0,NA
"2014-05-12","Monday","daily",FALSE,0,0,NA
"2014-05-13","Tuesday","daily",FALSE,0,0,NA
"2014-05-14","Wednesday","daily",FALSE,0,0,NA
"2014-05-15","Thursday","daily",FALSE,0,0,NA
"2014-05-16","Friday","daily",FALSE,0,0,NA
"2014-05-17","Saturday","daily",FALSE,0,0,NA
"2014-05-18","Sunday","daily",FALSE,0,0,NA
"2014-05-19","Monday","daily",FALSE,0,0,NA
"2014-05-20","Tuesday","daily",FALSE,0,0,NA
"2014-05-21","Wednesday","daily",FALSE,0,0,NA
"2014-05-22","Thursday","daily",FALSE,0,0,NA
"2014-05-23","Friday","daily",FALSE,0,0,NA
"2014-05-24","Saturday","daily",FALSE,0,0,NA
"2014-05-25","Sunday","daily",FALSE,0,0,NA
"2014-05-26","Monday","daily",FALSE,0,0,NA
"2014-05-27","Tuesday","daily",FALSE,0,0,NA
"2014-05-28","Wednesday","daily",FALSE,0,0,NA
"2014-05-29","Thursday","daily",FALSE,0,0,NA
"2014-05-30","Friday","daily",FALSE,0,0,NA
"2014-05-31","Saturday","daily",FALSE,0,0,NA
"2014-06-01","Sunday","daily",FALSE,0,0,NA
"2014-06-02","Monday","daily",FALSE,0,0,NA
"2014-06-03","Tuesday","daily",FALSE,0,0,NA
"2014-06-04","Wednesday","daily",FALSE,0,0,NA
"2014-06-05","Thursday","daily",TRUE,4,0,NA
"2014-06-06","Friday","daily",FALSE,0,0,NA
"2014-06-07","Saturday","daily",FALSE,0,0,NA
"2014-06-08","Sunday","daily",TRUE,10,0,NA
"2014-06-09","Monday","daily",FALSE,0,0,NA
"2014-06-10","Tuesday","daily",FALSE,0,0,NA
"2014-06-11","Wednesday","daily",FALSE,0,0,NA
"2014-06-12","Thursday","daily",FALSE,0,0,NA
"2014-06-13","Friday","daily",FALSE,0,0,NA
"2014-06-14","Saturday","daily",FALSE,0,0,NA
"2014-06-15","Sunday","daily",FALSE,0,0,NA
"2014-06-16","Monday","daily",FALSE,0,0,NA
"2014-06-17","Tuesday","daily",FALSE,0,0,NA
"2014-06-18","Wednesday","daily",FALSE,0,0,NA
"2014-06-19","Thursday","daily",FALSE,0,0,NA
"2014-06-20","Friday","daily",FALSE,0,0,NA
"2014-06-21","Saturday","daily",FALSE,0,0,NA
"2014-06-22","Sunday","daily",TRUE,10,0,NA
"2014-06-23","Monday","daily",FALSE,0,0,NA
"2014-06-24","Tuesday","daily",FALSE,0,0,NA
"2014-06-25","Wednesday","daily",FALSE,0,0,NA
"2014-06-26","Thursday","daily",FALSE,0,0,NA
"2014-06-27","Friday","daily",FALSE,0,0,NA
"2014-06-28","Saturday","daily",FALSE,0,0,NA
"2014-06-29","Sunday","daily",FALSE,0,0,NA
"2014-06-30","Monday","daily",FALSE,0,0,NA
"2014-07-01","Tuesday","daily",FALSE,0,0,NA
"2014-07-02","Wednesday","daily",FALSE,0,0,NA
"2014-07-03","Thursday","daily",TRUE,11,0,NA
"2014-07-04","Friday","daily",FALSE,0,0,NA
"2014-07-05","Saturday","daily",FALSE,0,0,NA
"2014-07-06","Sunday","daily",FALSE,0,0,NA
"2014-07-07","Monday","daily",FALSE,0,0,NA
"2014-07-08","Tuesday","daily",FALSE,0,0,NA
"2014-07-09","Wednesday","daily",FALSE,0,0,NA
"2014-07-10","Thursday","daily",FALSE,0,0,NA
"2014-07-11","Friday","daily",FALSE,0,0,NA
"2014-07-12","Saturday","daily",FALSE,0,0,NA
"2014-07-13","Sunday","daily",FALSE,0,0,NA
"2014-07-14","Monday","daily",FALSE,0,0,NA
"2014-07-15","Tuesday","daily",FALSE,0,0,NA
"2014-07-16","Wednesday","daily",FALSE,0,0,NA
"2014-07-17","Thursday","daily",FALSE,0,0,NA
"2014-07-18","Friday","daily",FALSE,0,0,NA
"2014-07-19","Saturday","daily",FALSE,0,0,NA
"2014-07-20","Sunday","daily",FALSE,0,0,NA
"2014-07-21","Monday","daily",FALSE,0,0,NA
"2014-07-22","Tuesday","daily",FALSE,0,0,NA
"2014-07-23","Wednesday","daily",FALSE,0,0,NA
"2014-07-24","Thursday","daily",FALSE,0,0,NA
"2014-07-25","Friday","daily",FALSE,0,0,NA
"2014-07-26","Saturday","daily",FALSE,0,0,NA
"2014-07-27","Sunday","daily",FALSE,0,0,NA
"2014-07-28","Monday","daily",FALSE,0,0,NA
"2014-07-29","Tuesday","daily",FALSE,0,0,NA
"2014-07-30","Wednesday","daily",FALSE,0,0,NA
"2014-07-31","Thursday","daily",FALSE,0,7,NA
"2014-08-01","Friday","daily",FALSE,0,0,NA
"2014-08-02","Saturday","daily",FALSE,0,0,NA
"2014-08-03","Sunday","daily",FALSE,0,0,NA
"2014-08-04","Monday","daily",FALSE,0,0,NA
"2014-08-05","Tuesday","daily",FALSE,0,0,NA
"2014-08-06","Wednesday","daily",FALSE,0,0,NA
"2014-08-07","Thursday","daily",FALSE,0,0,NA
"2014-08-08","Friday","daily",FALSE,0,0,NA
"2014-08-09","Saturday","daily",FALSE,0,0,NA
"2014-08-10","Sunday","daily",FALSE,0,0,NA
"2014-08-11","Monday","daily",FALSE,0,0,NA
"2014-08-12","Tuesday","daily",FALSE,0,0,NA
"2014-08-13","Wednesday","daily",FALSE,0,0,NA
"2014-08-14","Thursday","daily",FALSE,0,0,NA
"2014-08-15","Friday","daily",FALSE,0,0,NA
"2014-08-16","Saturday","daily",FALSE,0,0,NA
"2014-08-17","Sunday","daily",FALSE,0,0,NA
"2014-08-18","Monday","daily",FALSE,0,0,NA
"2014-08-19","Tuesday","daily",FALSE,0,0,NA
"2014-08-20","Wednesday","daily",FALSE,0,0,NA
"2014-08-21","Thursday","daily",TRUE,8,0,NA
"2014-08-21","Thursday","mini",FALSE,0,0,NA
"2014-08-22","Friday","daily",FALSE,0,0,NA
"2014-08-22","Friday","mini",FALSE,0,0,NA
"2014-08-23","Saturday","daily",FALSE,0,0,NA
"2014-08-23","Saturday","mini",FALSE,0,0,NA
"2014-08-24","Sunday","daily",FALSE,0,0,NA
"2014-08-24","Sunday","mini",FALSE,0,0,NA
"2014-08-25","Monday","daily",FALSE,0,0,NA
"2014-08-25","Monday","mini",FALSE,0,0,NA
"2014-08-26","Tuesday","daily",FALSE,0,0,NA
"2014-08-26","Tuesday","mini",FALSE,0,0,NA
"2014-08-27","Wednesday","daily",FALSE,0,0,NA
"2014-08-27","Wednesday","mini",FALSE,0,0,NA
"2014-08-28","Thursday","daily",FALSE,0,0,NA
"2014-08-28","Thursday","mini",FALSE,0,0,NA
"2014-08-29","Friday","daily",FALSE,0,0,NA
"2014-08-29","Friday","mini",FALSE,0,0,NA
"2014-08-30","Saturday","daily",FALSE,0,0,NA
"2014-08-30","Saturday","mini",FALSE,0,0,NA
"2014-08-31","Sunday","daily",FALSE,0,0,NA
"2014-08-31","Sunday","mini",FALSE,0,0,NA
"2014-09-01","Monday","daily",FALSE,0,0,NA
"2014-09-01","Monday","mini",FALSE,0,0,NA
"2014-09-02","Tuesday","daily",FALSE,0,0,NA
"2014-09-02","Tuesday","mini",FALSE,0,0,NA
"2014-09-03","Wednesday","daily",FALSE,0,0,NA
"2014-09-03","Wednesday","mini",FALSE,0,0,NA
"2014-09-04","Thursday","daily",FALSE,0,0,NA
"2014-09-04","Thursday","mini",FALSE,0,0,NA
"2014-09-05","Friday","daily",FALSE,0,0,NA
"2014-09-05","Friday","mini",FALSE,0,0,NA
"2014-09-06","Saturday","daily",FALSE,0,0,NA
"2014-09-06","Saturday","mini",FALSE,0,0,NA
"2014-09-07","Sunday","daily",TRUE,8,0,NA
"2014-09-07","Sunday","mini",FALSE,0,0,NA
"2014-09-08","Monday","daily",FALSE,0,0,NA
"2014-09-08","Monday","mini",FALSE,0,0,NA
"2014-09-09","Tuesday","daily",FALSE,0,0,NA
"2014-09-09","Tuesday","mini",FALSE,0,0,NA
"2014-09-10","Wednesday","daily",FALSE,0,0,NA
"2014-09-10","Wednesday","mini",FALSE,0,0,NA
"2014-09-11","Thursday","daily",FALSE,0,0,NA
"2014-09-11","Thursday","mini",FALSE,0,0,NA
"2014-09-12","Friday","daily",FALSE,0,0,NA
"2014-09-12","Friday","mini",FALSE,0,0,NA
"2014-09-13","Saturday","daily",FALSE,0,0,NA
"2014-09-13","Saturday","mini",FALSE,0,0,NA
"2014-09-14","Sunday","daily",FALSE,0,0,NA
"2014-09-14","Sunday","mini",FALSE,0,0,NA
"2014-09-15","Monday","daily",FALSE,0,0,NA
"2014-09-15","Monday","mini",FALSE,0,0,NA
"2014-09-16","Tuesday","daily",FALSE,0,0,NA
"2014-09-16","Tuesday","mini",FALSE,0,0,NA
"2014-09-17","Wednesday","daily",FALSE,0,0,NA
"2014-09-17","Wednesday","mini",FALSE,0,0,NA
"2014-09-18","Thursday","daily",FALSE,0,0,NA
"2014-09-18","Thursday","mini",FALSE,0,0,NA
"2014-09-19","Friday","daily",FALSE,0,0,NA
"2014-09-19","Friday","mini",FALSE,0,0,NA
"2014-09-20","Saturday","daily",FALSE,0,0,NA
"2014-09-20","Saturday","mini",FALSE,0,0,NA
"2014-09-21","Sunday","daily",FALSE,0,0,NA
"2014-09-21","Sunday","mini",FALSE,0,0,NA
"2014-09-22","Monday","daily",FALSE,0,0,NA
"2014-09-22","Monday","mini",FALSE,0,0,NA
"2014-09-23","Tuesday","daily",FALSE,0,0,NA
"2014-09-23","Tuesday","mini",FALSE,0,0,NA
"2014-09-24","Wednesday","daily",FALSE,0,0,NA
"2014-09-24","Wednesday","mini",FALSE,0,0,NA
"2014-09-25","Thursday","daily",FALSE,0,0,NA
"2014-09-25","Thursday","mini",FALSE,0,0,NA
"2014-09-26","Friday","daily",FALSE,0,0,NA
"2014-09-26","Friday","mini",FALSE,0,0,NA
"2014-09-27","Saturday","daily",FALSE,0,0,NA
"2014-09-27","Saturday","mini",FALSE,0,0,NA
"2014-09-28","Sunday","daily",FALSE,0,0,NA
"2014-09-28","Sunday","mini",FALSE,0,0,NA
"2014-09-29","Monday","daily",FALSE,0,0,NA
"2014-09-29","Monday","mini",FALSE,0,0,NA
"2014-09-30","Tuesday","daily",FALSE,0,0,NA
"2014-09-30","Tuesday","mini",FALSE,0,0,NA
"2014-10-01","Wednesday","daily",FALSE,0,0,NA
"2014-10-01","Wednesday","mini",FALSE,0,0,NA
"2014-10-02","Thursday","daily",TRUE,6,0,NA
"2014-10-02","Thursday","mini",FALSE,0,0,NA
"2014-10-03","Friday","daily",FALSE,0,0,NA
"2014-10-03","Friday","mini",FALSE,0,0,NA
"2014-10-04","Saturday","daily",FALSE,0,0,NA
"2014-10-04","Saturday","mini",FALSE,0,0,NA
"2014-10-05","Sunday","daily",FALSE,0,0,NA
"2014-10-05","Sunday","mini",FALSE,0,0,NA
"2014-10-06","Monday","daily",FALSE,0,0,NA
"2014-10-06","Monday","mini",FALSE,0,0,NA
"2014-10-07","Tuesday","daily",FALSE,0,0,NA
"2014-10-07","Tuesday","mini",FALSE,0,0,NA
"2014-10-08","Wednesday","daily",FALSE,0,0,NA
"2014-10-08","Wednesday","mini",FALSE,0,0,NA
"2014-10-09","Thursday","daily",FALSE,0,0,NA
"2014-10-09","Thursday","mini",FALSE,0,0,NA
"2014-10-10","Friday","daily",FALSE,0,0,NA
"2014-10-10","Friday","mini",FALSE,0,0,NA
"2014-10-11","Saturday","daily",FALSE,0,0,NA
"2014-10-11","Saturday","mini",FALSE,0,0,NA
"2014-10-12","Sunday","daily",FALSE,0,0,NA
"2014-10-12","Sunday","mini",FALSE,0,0,NA
"2014-10-13","Monday","daily",FALSE,0,0,NA
"2014-10-13","Monday","mini",FALSE,0,0,NA
"2014-10-14","Tuesday","daily",FALSE,0,0,NA
"2014-10-14","Tuesday","mini",FALSE,0,0,NA
"2014-10-15","Wednesday","daily",FALSE,0,0,NA
"2014-10-15","Wednesday","mini",FALSE,0,0,NA
"2014-10-16","Thursday","daily",FALSE,0,0,NA
"2014-10-16","Thursday","mini",FALSE,0,0,NA
"2014-10-17","Friday","daily",FALSE,0,0,NA
"2014-10-17","Friday","mini",FALSE,0,0,NA
"2014-10-18","Saturday","daily",FALSE,0,0,NA
"2014-10-18","Saturday","mini",FALSE,0,0,NA
"2014-10-19","Sunday","daily",FALSE,0,0,NA
"2014-10-19","Sunday","mini",FALSE,0,0,NA
"2014-10-20","Monday","daily",FALSE,0,0,NA
"2014-10-20","Monday","mini",FALSE,0,0,NA
"2014-10-21","Tuesday","daily",FALSE,0,0,NA
"2014-10-21","Tuesday","mini",FALSE,0,0,NA
"2014-10-22","Wednesday","daily",FALSE,0,0,NA
"2014-10-22","Wednesday","mini",FALSE,0,0,NA
"2014-10-23","Thursday","daily",FALSE,0,0,NA
"2014-10-23","Thursday","mini",FALSE,0,0,NA
"2014-10-24","Friday","daily",FALSE,0,0,NA
"2014-10-24","Friday","mini",FALSE,0,0,NA
"2014-10-25","Saturday","daily",FALSE,0,0,NA
"2014-10-25","Saturday","mini",FALSE,0,0,NA
"2014-10-26","Sunday","daily",TRUE,8,0,NA
"2014-10-26","Sunday","mini",FALSE,0,0,NA
"2014-10-27","Monday","daily",FALSE,0,0,NA
"2014-10-27","Monday","mini",FALSE,0,0,NA
"2014-10-28","Tuesday","daily",FALSE,0,0,NA
"2014-10-28","Tuesday","mini",FALSE,0,0,NA
"2014-10-29","Wednesday","daily",FALSE,0,0,NA
"2014-10-29","Wednesday","mini",FALSE,0,0,NA
"2014-10-30","Thursday","daily",TRUE,5,0,NA
"2014-10-30","Thursday","mini",FALSE,0,0,NA
"2014-10-31","Friday","daily",FALSE,0,0,NA
"2014-10-31","Friday","mini",FALSE,0,0,NA
"2014-11-01","Saturday","daily",FALSE,0,0,NA
"2014-11-01","Saturday","mini",FALSE,0,0,NA
"2014-11-02","Sunday","daily",FALSE,0,0,NA
"2014-11-02","Sunday","mini",FALSE,0,0,NA
"2014-11-03","Monday","daily",FALSE,0,0,NA
"2014-11-03","Monday","mini",FALSE,0,0,NA
"2014-11-04","Tuesday","daily",FALSE,0,0,NA
"2014-11-04","Tuesday","mini",FALSE,0,0,NA
"2014-11-05","Wednesday","daily",FALSE,0,0,NA
"2014-11-05","Wednesday","mini",FALSE,0,0,NA
"2014-11-06","Thursday","daily",FALSE,0,0,NA
"2014-11-06","Thursday","mini",FALSE,0,0,NA
"2014-11-07","Friday","daily",FALSE,0,0,NA
"2014-11-07","Friday","mini",FALSE,0,0,NA
"2014-11-08","Saturday","daily",FALSE,0,0,NA
"2014-11-08","Saturday","mini",FALSE,0,0,NA
"2014-11-09","Sunday","daily",FALSE,0,0,NA
"2014-11-09","Sunday","mini",FALSE,0,0,NA
"2014-11-10","Monday","daily",FALSE,0,0,NA
"2014-11-10","Monday","mini",FALSE,0,0,NA
"2014-11-11","Tuesday","daily",FALSE,0,0,NA
"2014-11-11","Tuesday","mini",FALSE,0,0,NA
"2014-11-12","Wednesday","daily",FALSE,0,0,NA
"2014-11-12","Wednesday","mini",FALSE,0,0,NA
"2014-11-13","Thursday","daily",FALSE,0,0,NA
"2014-11-13","Thursday","mini",FALSE,0,0,NA
"2014-11-14","Friday","daily",FALSE,0,0,NA
"2014-11-14","Friday","mini",FALSE,0,0,NA
"2014-11-15","Saturday","daily",FALSE,0,0,NA
"2014-11-15","Saturday","mini",FALSE,0,0,NA
"2014-11-16","Sunday","daily",FALSE,0,0,NA
"2014-11-16","Sunday","mini",FALSE,0,0,NA
"2014-11-17","Monday","daily",FALSE,0,0,NA
"2014-11-17","Monday","mini",FALSE,0,0,NA
"2014-11-18","Tuesday","daily",FALSE,0,0,NA
"2014-11-18","Tuesday","mini",FALSE,0,0,NA
"2014-11-19","Wednesday","daily",FALSE,0,0,NA
"2014-11-19","Wednesday","mini",FALSE,0,0,NA
"2014-11-20","Thursday","daily",FALSE,0,0,NA
"2014-11-20","Thursday","mini",FALSE,0,0,NA
"2014-11-21","Friday","daily",FALSE,0,0,NA
"2014-11-21","Friday","mini",FALSE,0,0,NA
"2014-11-22","Saturday","daily",FALSE,0,0,NA
"2014-11-22","Saturday","mini",FALSE,0,0,NA
"2014-11-23","Sunday","daily",FALSE,0,0,NA
"2014-11-23","Sunday","mini",FALSE,0,0,NA
"2014-11-24","Monday","daily",FALSE,0,0,NA
"2014-11-24","Monday","mini",FALSE,0,0,NA
"2014-11-25","Tuesday","daily",FALSE,0,0,NA
"2014-11-25","Tuesday","mini",FALSE,0,0,NA
"2014-11-26","Wednesday","daily",FALSE,0,0,NA
"2014-11-26","Wednesday","mini",FALSE,0,0,NA
"2014-11-27","Thursday","daily",FALSE,0,0,NA
"2014-11-27","Thursday","mini",FALSE,0,0,NA
"2014-11-28","Friday","daily",TRUE,4,0,NA
"2014-11-28","Friday","mini",FALSE,0,0,NA
"2014-11-29","Saturday","daily",FALSE,0,0,NA
"2014-11-29","Saturday","mini",FALSE,0,0,NA
"2014-11-30","Sunday","daily",TRUE,9,0,NA
"2014-11-30","Sunday","mini",FALSE,0,0,NA
"2014-12-01","Monday","daily",FALSE,0,0,NA
"2014-12-01","Monday","mini",FALSE,0,0,NA
"2014-12-02","Tuesday","daily",FALSE,0,0,NA
"2014-12-02","Tuesday","mini",FALSE,0,0,NA
"2014-12-03","Wednesday","daily",FALSE,0,0,NA
"2014-12-03","Wednesday","mini",FALSE,0,0,NA
"2014-12-04","Thursday","daily",TRUE,12,0,NA
"2014-12-04","Thursday","mini",FALSE,0,0,NA
"2014-12-05","Friday","daily",FALSE,0,0,NA
"2014-12-05","Friday","mini",FALSE,0,0,NA
"2014-12-06","Saturday","daily",FALSE,0,0,NA
"2014-12-06","Saturday","mini",FALSE,0,0,NA
"2014-12-07","Sunday","daily",FALSE,0,0,NA
"2014-12-07","Sunday","mini",FALSE,0,0,NA
"2014-12-08","Monday","daily",FALSE,0,0,NA
"2014-12-08","Monday","mini",FALSE,0,0,NA
"2014-12-09","Tuesday","daily",FALSE,0,0,NA
"2014-12-09","Tuesday","mini",FALSE,0,0,NA
"2014-12-10","Wednesday","daily",FALSE,0,0,NA
"2014-12-10","Wednesday","mini",FALSE,0,0,NA
"2014-12-11","Thursday","daily",FALSE,0,0,NA
"2014-12-11","Thursday","mini",FALSE,0,0,NA
"2014-12-12","Friday","daily",FALSE,0,0,NA
"2014-12-12","Friday","mini",FALSE,0,0,NA
"2014-12-13","Saturday","daily",FALSE,0,0,NA
"2014-12-13","Saturday","mini",FALSE,0,0,NA
"2014-12-14","Sunday","daily",FALSE,0,0,NA
"2014-12-14","Sunday","mini",FALSE,0,0,NA
"2014-12-15","Monday","daily",FALSE,0,0,NA
"2014-12-15","Monday","mini",FALSE,0,0,NA
"2014-12-16","Tuesday","daily",FALSE,0,0,NA
"2014-12-16","Tuesday","mini",FALSE,0,0,NA
"2014-12-17","Wednesday","daily",FALSE,0,0,NA
"2014-12-17","Wednesday","mini",FALSE,0,0,NA
"2014-12-18","Thursday","daily",FALSE,0,0,NA
"2014-12-18","Thursday","mini",FALSE,0,0,NA
"2014-12-19","Friday","daily",FALSE,0,0,NA
"2014-12-19","Friday","mini",FALSE,0,0,NA
"2014-12-20","Saturday","daily",FALSE,0,0,NA
"2014-12-20","Saturday","mini",FALSE,0,0,NA
"2014-12-21","Sunday","daily",FALSE,0,0,NA
"2014-12-21","Sunday","mini",FALSE,0,0,NA
"2014-12-22","Monday","daily",FALSE,0,0,NA
"2014-12-22","Monday","mini",FALSE,0,0,NA
"2014-12-23","Tuesday","daily",FALSE,0,0,NA
"2014-12-23","Tuesday","mini",FALSE,0,0,NA
"2014-12-24","Wednesday","daily",FALSE,0,0,NA
"2014-12-24","Wednesday","mini",FALSE,0,0,NA
"2014-12-25","Thursday","daily",TRUE,6,0,NA
"2014-12-25","Thursday","mini",FALSE,0,0,NA
"2014-12-26","Friday","daily",FALSE,0,0,NA
"2014-12-26","Friday","mini",FALSE,0,0,NA
"2014-12-27","Saturday","daily",FALSE,0,0,NA
"2014-12-27","Saturday","mini",FALSE,0,0,NA
"2014-12-28","Sunday","daily",FALSE,0,0,NA
"2014-12-28","Sunday","mini",FALSE,0,0,NA
"2014-12-29","Monday","daily",FALSE,0,0,NA
"2014-12-29","Monday","mini",FALSE,0,0,NA
"2014-12-30","Tuesday","daily",FALSE,0,0,NA
"2014-12-30","Tuesday","mini",FALSE,0,0,NA
"2014-12-31","Wednesday","daily",FALSE,0,0,NA
"2014-12-31","Wednesday","mini",FALSE,0,0,NA
"2015-01-01","Thursday","daily",FALSE,0,0,NA
"2015-01-01","Thursday","mini",FALSE,0,0,NA
"2015-01-02","Friday","daily",FALSE,0,0,NA
"2015-01-02","Friday","mini",FALSE,0,0,NA
"2015-01-03","Saturday","daily",FALSE,0,0,NA
"2015-01-03","Saturday","mini",FALSE,0,0,NA
"2015-01-04","Sunday","daily",FALSE,0,0,NA
"2015-01-04","Sunday","mini",FALSE,0,0,NA
"2015-01-05","Monday","daily",FALSE,0,0,NA
"2015-01-05","Monday","mini",FALSE,0,0,NA
"2015-01-06","Tuesday","daily",FALSE,0,0,NA
"2015-01-06","Tuesday","mini",FALSE,0,0,NA
"2015-01-07","Wednesday","daily",TRUE,1,0,NA
"2015-01-07","Wednesday","mini",FALSE,0,0,NA
"2015-01-08","Thursday","daily",TRUE,6,0,NA
"2015-01-08","Thursday","mini",FALSE,0,0,NA
"2015-01-09","Friday","daily",FALSE,0,0,NA
"2015-01-09","Friday","mini",FALSE,0,0,NA
"2015-01-10","Saturday","daily",FALSE,0,0,NA
"2015-01-10","Saturday","mini",FALSE,0,0,NA
"2015-01-11","Sunday","daily",FALSE,0,0,NA
"2015-01-11","Sunday","mini",FALSE,0,0,NA
"2015-01-12","Monday","daily",FALSE,0,0,NA
"2015-01-12","Monday","mini",FALSE,0,0,NA
"2015-01-13","Tuesday","daily",FALSE,0,0,NA
"2015-01-13","Tuesday","mini",FALSE,0,0,NA
"2015-01-14","Wednesday","daily",FALSE,0,0,NA
"2015-01-14","Wednesday","mini",FALSE,0,0,NA
"2015-01-15","Thursday","daily",FALSE,0,1,NA
"2015-01-15","Thursday","mini",FALSE,0,0,NA
"2015-01-16","Friday","daily",FALSE,0,0,NA
"2015-01-16","Friday","mini",FALSE,0,0,NA
"2015-01-17","Saturday","daily",FALSE,0,0,NA
"2015-01-17","Saturday","mini",FALSE,0,0,NA
"2015-01-18","Sunday","daily",FALSE,0,0,NA
"2015-01-18","Sunday","mini",FALSE,0,0,NA
"2015-01-19","Monday","daily",FALSE,0,0,NA
"2015-01-19","Monday","mini",FALSE,0,0,NA
"2015-01-20","Tuesday","daily",FALSE,0,0,NA
"2015-01-20","Tuesday","mini",FALSE,0,0,NA
"2015-01-21","Wednesday","daily",FALSE,0,0,NA
"2015-01-21","Wednesday","mini",FALSE,0,0,NA
"2015-01-22","Thursday","daily",FALSE,0,0,NA
"2015-01-22","Thursday","mini",FALSE,0,0,NA
"2015-01-23","Friday","daily",FALSE,0,0,NA
"2015-01-23","Friday","mini",FALSE,0,0,NA
"2015-01-24","Saturday","daily",FALSE,0,0,NA
"2015-01-24","Saturday","mini",FALSE,0,0,NA
"2015-01-25","Sunday","daily",FALSE,0,0,NA
"2015-01-25","Sunday","mini",FALSE,0,0,NA
"2015-01-26","Monday","daily",FALSE,0,0,NA
"2015-01-26","Monday","mini",FALSE,0,0,NA
"2015-01-27","Tuesday","daily",FALSE,0,0,NA
"2015-01-27","Tuesday","mini",FALSE,0,0,NA
"2015-01-28","Wednesday","daily",FALSE,0,0,NA
"2015-01-28","Wednesday","mini",FALSE,0,0,NA
"2015-01-29","Thursday","daily",FALSE,0,0,NA
"2015-01-29","Thursday","mini",FALSE,0,0,NA
"2015-01-30","Friday","daily",FALSE,0,0,NA
"2015-01-30","Friday","mini",FALSE,0,0,NA
"2015-01-31","Saturday","daily",FALSE,0,0,NA
"2015-01-31","Saturday","mini",FALSE,0,0,NA
"2015-02-01","Sunday","daily",FALSE,0,0,NA
"2015-02-01","Sunday","mini",FALSE,0,0,NA
"2015-02-02","Monday","daily",FALSE,0,0,NA
"2015-02-02","Monday","mini",FALSE,0,0,NA
"2015-02-03","Tuesday","daily",FALSE,0,0,NA
"2015-02-03","Tuesday","mini",FALSE,0,0,NA
"2015-02-04","Wednesday","daily",FALSE,0,0,NA
"2015-02-04","Wednesday","mini",FALSE,0,0,NA
"2015-02-05","Thursday","daily",FALSE,0,0,NA
"2015-02-05","Thursday","mini",FALSE,0,0,NA
"2015-02-06","Friday","daily",FALSE,0,0,NA
"2015-02-06","Friday","mini",FALSE,0,0,NA
"2015-02-07","Saturday","daily",FALSE,0,0,NA
"2015-02-07","Saturday","mini",FALSE,0,0,NA
"2015-02-08","Sunday","daily",FALSE,0,0,NA
"2015-02-08","Sunday","mini",FALSE,0,0,NA
"2015-02-09","Monday","daily",FALSE,0,0,NA
"2015-02-09","Monday","mini",FALSE,0,0,NA
"2015-02-10","Tuesday","daily",FALSE,0,0,NA
"2015-02-10","Tuesday","mini",FALSE,0,0,NA
"2015-02-11","Wednesday","daily",FALSE,0,0,NA
"2015-02-11","Wednesday","mini",FALSE,0,0,NA
"2015-02-12","Thursday","daily",TRUE,4,0,NA
"2015-02-12","Thursday","mini",FALSE,0,0,NA
"2015-02-13","Friday","daily",FALSE,0,0,NA
"2015-02-13","Friday","mini",FALSE,0,0,NA
"2015-02-14","Saturday","daily",FALSE,0,0,NA
"2015-02-14","Saturday","mini",FALSE,0,0,NA
"2015-02-15","Sunday","daily",FALSE,0,0,NA
"2015-02-15","Sunday","mini",FALSE,0,0,NA
"2015-02-16","Monday","daily",FALSE,0,0,NA
"2015-02-16","Monday","mini",FALSE,0,0,NA
"2015-02-17","Tuesday","daily",FALSE,0,0,NA
"2015-02-17","Tuesday","mini",FALSE,0,0,NA
"2015-02-18","Wednesday","daily",FALSE,0,0,NA
"2015-02-18","Wednesday","mini",FALSE,0,0,NA
"2015-02-19","Thursday","daily",FALSE,0,0,NA
"2015-02-19","Thursday","mini",FALSE,0,0,NA
"2015-02-20","Friday","daily",FALSE,0,0,NA
"2015-02-20","Friday","mini",FALSE,0,0,NA
"2015-02-21","Saturday","daily",FALSE,0,0,NA
"2015-02-21","Saturday","mini",FALSE,0,0,NA
"2015-02-22","Sunday","daily",FALSE,0,0,NA
"2015-02-22","Sunday","mini",FALSE,0,0,NA
"2015-02-23","Monday","daily",FALSE,0,0,NA
"2015-02-23","Monday","mini",FALSE,0,0,NA
"2015-02-24","Tuesday","daily",FALSE,0,0,NA
"2015-02-24","Tuesday","mini",FALSE,0,0,NA
"2015-02-25","Wednesday","daily",FALSE,0,0,NA
"2015-02-25","Wednesday","mini",FALSE,0,0,NA
"2015-02-26","Thursday","daily",FALSE,0,0,NA
"2015-02-26","Thursday","mini",FALSE,0,0,NA
"2015-02-27","Friday","daily",FALSE,0,0,NA
"2015-02-27","Friday","mini",FALSE,0,0,NA
"2015-02-28","Saturday","daily",FALSE,0,0,NA
"2015-02-28","Saturday","mini",FALSE,0,0,NA
"2015-03-01","Sunday","daily",TRUE,8,0,NA
"2015-03-01","Sunday","mini",FALSE,0,0,NA
"2015-03-02","Monday","daily",FALSE,0,0,NA
"2015-03-02","Monday","mini",FALSE,0,0,NA
"2015-03-03","Tuesday","daily",FALSE,0,0,NA
"2015-03-03","Tuesday","mini",FALSE,0,0,NA
"2015-03-04","Wednesday","daily",FALSE,0,0,NA
"2015-03-04","Wednesday","mini",FALSE,0,0,NA
"2015-03-05","Thursday","daily",FALSE,0,0,NA
"2015-03-05","Thursday","mini",FALSE,0,0,NA
"2015-03-06","Friday","daily",FALSE,0,0,NA
"2015-03-06","Friday","mini",FALSE,0,0,NA
"2015-03-07","Saturday","daily",FALSE,0,0,NA
"2015-03-07","Saturday","mini",FALSE,0,0,NA
"2015-03-08","Sunday","daily",TRUE,5,0,NA
"2015-03-08","Sunday","mini",FALSE,0,0,NA
"2015-03-09","Monday","daily",FALSE,0,0,NA
"2015-03-09","Monday","mini",FALSE,0,0,NA
"2015-03-10","Tuesday","daily",FALSE,0,0,NA
"2015-03-10","Tuesday","mini",FALSE,0,0,NA
"2015-03-11","Wednesday","daily",FALSE,0,0,NA
"2015-03-11","Wednesday","mini",FALSE,0,0,NA
"2015-03-12","Thursday","daily",FALSE,0,0,NA
"2015-03-12","Thursday","mini",FALSE,0,0,NA
"2015-03-13","Friday","daily",FALSE,0,0,NA
"2015-03-13","Friday","mini",FALSE,0,0,NA
"2015-03-14","Saturday","daily",FALSE,0,0,NA
"2015-03-14","Saturday","mini",FALSE,0,0,NA
"2015-03-15","Sunday","daily",FALSE,0,0,NA
"2015-03-15","Sunday","mini",FALSE,0,0,NA
"2015-03-16","Monday","daily",FALSE,0,0,NA
"2015-03-16","Monday","mini",FALSE,0,0,NA
"2015-03-17","Tuesday","daily",FALSE,0,0,NA
"2015-03-17","Tuesday","mini",FALSE,0,0,NA
"2015-03-18","Wednesday","daily",FALSE,0,0,NA
"2015-03-18","Wednesday","mini",FALSE,0,0,NA
"2015-03-19","Thursday","daily",FALSE,0,0,NA
"2015-03-19","Thursday","mini",FALSE,0,0,NA
"2015-03-20","Friday","daily",FALSE,0,0,NA
"2015-03-20","Friday","mini",FALSE,0,0,NA
"2015-03-21","Saturday","daily",FALSE,0,0,NA
"2015-03-21","Saturday","mini",FALSE,0,0,NA
"2015-03-22","Sunday","daily",FALSE,0,0,NA
"2015-03-22","Sunday","mini",FALSE,0,0,NA
"2015-03-23","Monday","daily",FALSE,0,0,NA
"2015-03-23","Monday","mini",FALSE,0,0,NA
"2015-03-24","Tuesday","daily",FALSE,0,0,NA
"2015-03-24","Tuesday","mini",FALSE,0,0,NA
"2015-03-25","Wednesday","daily",TRUE,1,0,NA
"2015-03-25","Wednesday","mini",FALSE,0,0,NA
"2015-03-26","Thursday","daily",FALSE,0,0,NA
"2015-03-26","Thursday","mini",FALSE,0,0,NA
"2015-03-27","Friday","daily",FALSE,0,0,NA
"2015-03-27","Friday","mini",FALSE,0,0,NA
"2015-03-28","Saturday","daily",FALSE,0,0,NA
"2015-03-28","Saturday","mini",FALSE,0,0,NA
"2015-03-29","Sunday","daily",FALSE,0,0,NA
"2015-03-29","Sunday","mini",FALSE,0,0,NA
"2015-03-30","Monday","daily",FALSE,0,0,NA
"2015-03-30","Monday","mini",FALSE,0,0,NA
"2015-03-31","Tuesday","daily",FALSE,0,0,NA
"2015-03-31","Tuesday","mini",FALSE,0,0,NA
"2015-04-01","Wednesday","daily",FALSE,0,0,NA
"2015-04-01","Wednesday","mini",FALSE,0,0,NA
"2015-04-02","Thursday","daily",FALSE,0,0,NA
"2015-04-02","Thursday","mini",FALSE,0,0,NA
"2015-04-03","Friday","daily",FALSE,0,0,NA
"2015-04-03","Friday","mini",FALSE,0,0,NA
"2015-04-04","Saturday","daily",FALSE,0,0,NA
"2015-04-04","Saturday","mini",FALSE,0,0,NA
"2015-04-05","Sunday","daily",FALSE,0,0,NA
"2015-04-05","Sunday","mini",FALSE,0,0,NA
"2015-04-06","Monday","daily",FALSE,0,0,NA
"2015-04-06","Monday","mini",FALSE,0,0,NA
"2015-04-07","Tuesday","daily",FALSE,0,0,NA
"2015-04-07","Tuesday","mini",FALSE,0,0,NA
"2015-04-08","Wednesday","daily",FALSE,0,0,NA
"2015-04-08","Wednesday","mini",FALSE,0,0,NA
"2015-04-09","Thursday","daily",TRUE,3,0,NA
"2015-04-09","Thursday","mini",FALSE,0,0,NA
"2015-04-10","Friday","daily",FALSE,0,0,NA
"2015-04-10","Friday","mini",FALSE,0,0,NA
"2015-04-11","Saturday","daily",FALSE,0,0,NA
"2015-04-11","Saturday","mini",FALSE,0,0,NA
"2015-04-12","Sunday","daily",FALSE,0,0,NA
"2015-04-12","Sunday","mini",FALSE,0,0,NA
"2015-04-13","Monday","daily",FALSE,0,0,NA
"2015-04-13","Monday","mini",FALSE,0,0,NA
"2015-04-14","Tuesday","daily",FALSE,0,0,NA
"2015-04-14","Tuesday","mini",FALSE,0,0,NA
"2015-04-15","Wednesday","daily",FALSE,0,0,NA
"2015-04-15","Wednesday","mini",FALSE,0,0,NA
"2015-04-16","Thursday","daily",FALSE,0,0,NA
"2015-04-16","Thursday","mini",FALSE,0,0,NA
"2015-04-17","Friday","daily",FALSE,0,0,NA
"2015-04-17","Friday","mini",FALSE,0,0,NA
"2015-04-18","Saturday","daily",FALSE,0,0,NA
"2015-04-18","Saturday","mini",FALSE,0,0,NA
"2015-04-19","Sunday","daily",TRUE,8,0,NA
"2015-04-19","Sunday","mini",FALSE,0,0,NA
"2015-04-20","Monday","daily",FALSE,0,0,NA
"2015-04-20","Monday","mini",FALSE,0,0,NA
"2015-04-21","Tuesday","daily",FALSE,0,0,NA
"2015-04-21","Tuesday","mini",FALSE,0,0,NA
"2015-04-22","Wednesday","daily",FALSE,0,0,NA
"2015-04-22","Wednesday","mini",FALSE,0,0,NA
"2015-04-23","Thursday","daily",FALSE,0,0,NA
"2015-04-23","Thursday","mini",FALSE,0,0,NA
"2015-04-24","Friday","daily",FALSE,0,0,NA
"2015-04-24","Friday","mini",FALSE,0,0,NA
"2015-04-25","Saturday","daily",FALSE,0,0,NA
"2015-04-25","Saturday","mini",FALSE,0,0,NA
"2015-04-26","Sunday","daily",FALSE,0,0,NA
"2015-04-26","Sunday","mini",FALSE,0,0,NA
"2015-04-27","Monday","daily",FALSE,0,0,NA
"2015-04-27","Monday","mini",FALSE,0,0,NA
"2015-04-28","Tuesday","daily",FALSE,0,0,NA
"2015-04-28","Tuesday","mini",FALSE,0,0,NA
"2015-04-29","Wednesday","daily",FALSE,0,0,NA
"2015-04-29","Wednesday","mini",FALSE,0,0,NA
"2015-04-30","Thursday","daily",FALSE,0,0,NA
"2015-04-30","Thursday","mini",FALSE,0,0,NA
"2015-05-01","Friday","daily",FALSE,0,0,NA
"2015-05-01","Friday","mini",FALSE,0,0,NA
"2015-05-02","Saturday","daily",FALSE,0,0,NA
"2015-05-02","Saturday","mini",FALSE,0,0,NA
"2015-05-03","Sunday","daily",FALSE,0,0,NA
"2015-05-03","Sunday","mini",FALSE,0,0,NA
"2015-05-04","Monday","daily",FALSE,0,0,NA
"2015-05-04","Monday","mini",FALSE,0,0,NA
"2015-05-05","Tuesday","daily",FALSE,0,0,NA
"2015-05-05","Tuesday","mini",FALSE,0,0,NA
"2015-05-06","Wednesday","daily",FALSE,0,0,NA
"2015-05-06","Wednesday","mini",FALSE,0,0,NA
"2015-05-07","Thursday","daily",TRUE,7,0,NA
"2015-05-07","Thursday","mini",FALSE,0,0,NA
"2015-05-08","Friday","daily",FALSE,0,0,NA
"2015-05-08","Friday","mini",FALSE,0,0,NA
"2015-05-09","Saturday","daily",FALSE,0,0,NA
"2015-05-09","Saturday","mini",FALSE,0,0,NA
"2015-05-10","Sunday","daily",FALSE,0,0,NA
"2015-05-10","Sunday","mini",FALSE,0,0,NA
"2015-05-11","Monday","daily",FALSE,0,0,NA
"2015-05-11","Monday","mini",FALSE,0,0,NA
"2015-05-12","Tuesday","daily",FALSE,0,0,NA
"2015-05-12","Tuesday","mini",FALSE,0,0,NA
"2015-05-13","Wednesday","daily",FALSE,0,0,NA
"2015-05-13","Wednesday","mini",FALSE,0,0,NA
"2015-05-14","Thursday","daily",FALSE,0,0,NA
"2015-05-14","Thursday","mini",FALSE,0,0,NA
"2015-05-15","Friday","daily",FALSE,0,0,NA
"2015-05-15","Friday","mini",FALSE,0,0,NA
"2015-05-16","Saturday","daily",FALSE,0,0,NA
"2015-05-16","Saturday","mini",FALSE,0,0,NA
"2015-05-17","Sunday","daily",FALSE,0,0,NA
"2015-05-17","Sunday","mini",FALSE,0,0,NA
"2015-05-18","Monday","daily",FALSE,0,0,NA
"2015-05-18","Monday","mini",FALSE,0,0,NA
"2015-05-19","Tuesday","daily",FALSE,0,0,NA
"2015-05-19","Tuesday","mini",FALSE,0,0,NA
"2015-05-20","Wednesday","daily",FALSE,0,0,NA
"2015-05-20","Wednesday","mini",FALSE,0,0,NA
"2015-05-21","Thursday","daily",FALSE,0,0,NA
"2015-05-21","Thursday","mini",FALSE,0,0,NA
"2015-05-22","Friday","daily",FALSE,0,0,NA
"2015-05-22","Friday","mini",FALSE,0,0,NA
"2015-05-23","Saturday","daily",FALSE,0,0,NA
"2015-05-23","Saturday","mini",FALSE,0,0,NA
"2015-05-24","Sunday","daily",FALSE,0,0,NA
"2015-05-24","Sunday","mini",FALSE,0,0,NA
"2015-05-25","Monday","daily",FALSE,0,0,NA
"2015-05-25","Monday","mini",FALSE,0,0,NA
"2015-05-26","Tuesday","daily",FALSE,0,0,NA
"2015-05-26","Tuesday","mini",FALSE,0,0,NA
"2015-05-27","Wednesday","daily",FALSE,0,0,NA
"2015-05-27","Wednesday","mini",FALSE,0,0,NA
"2015-05-28","Thursday","daily",FALSE,0,0,NA
"2015-05-28","Thursday","mini",FALSE,0,0,NA
"2015-05-29","Friday","daily",FALSE,0,0,NA
"2015-05-29","Friday","mini",FALSE,0,0,NA
"2015-05-30","Saturday","daily",FALSE,0,0,NA
"2015-05-30","Saturday","mini",FALSE,0,0,NA
"2015-05-31","Sunday","daily",FALSE,0,0,NA
"2015-05-31","Sunday","mini",FALSE,0,0,NA
"2015-06-01","Monday","daily",FALSE,0,0,NA
"2015-06-01","Monday","mini",FALSE,0,0,NA
"2015-06-02","Tuesday","daily",FALSE,0,0,NA
"2015-06-02","Tuesday","mini",FALSE,0,0,NA
"2015-06-03","Wednesday","daily",FALSE,0,0,NA
"2015-06-03","Wednesday","mini",FALSE,0,0,NA
"2015-06-04","Thursday","daily",FALSE,0,0,NA
"2015-06-04","Thursday","mini",FALSE,0,0,NA
"2015-06-05","Friday","daily",FALSE,0,0,NA
"2015-06-05","Friday","mini",FALSE,0,0,NA
"2015-06-06","Saturday","daily",FALSE,0,0,NA
"2015-06-06","Saturday","mini",FALSE,0,0,NA
"2015-06-07","Sunday","daily",FALSE,0,0,NA
"2015-06-07","Sunday","mini",FALSE,0,0,NA
"2015-06-08","Monday","daily",FALSE,0,0,NA
"2015-06-08","Monday","mini",FALSE,0,0,NA
"2015-06-09","Tuesday","daily",FALSE,0,0,NA
"2015-06-09","Tuesday","mini",FALSE,0,0,NA
"2015-06-10","Wednesday","daily",FALSE,0,0,NA
"2015-06-10","Wednesday","mini",FALSE,0,0,NA
"2015-06-11","Thursday","daily",FALSE,0,0,NA
"2015-06-11","Thursday","mini",FALSE,0,0,NA
"2015-06-12","Friday","daily",FALSE,0,0,NA
"2015-06-12","Friday","mini",FALSE,0,0,NA
"2015-06-13","Saturday","daily",FALSE,0,0,NA
"2015-06-13","Saturday","mini",FALSE,0,0,NA
"2015-06-14","Sunday","daily",FALSE,0,0,NA
"2015-06-14","Sunday","mini",FALSE,0,0,NA
"2015-06-15","Monday","daily",FALSE,0,0,NA
"2015-06-15","Monday","mini",FALSE,0,0,NA
"2015-06-16","Tuesday","daily",FALSE,0,0,NA
"2015-06-16","Tuesday","mini",FALSE,0,0,NA
"2015-06-17","Wednesday","daily",FALSE,0,0,NA
"2015-06-17","Wednesday","mini",FALSE,0,0,NA
"2015-06-18","Thursday","daily",FALSE,0,0,NA
"2015-06-18","Thursday","mini",FALSE,0,0,NA
"2015-06-19","Friday","daily",FALSE,0,0,NA
"2015-06-19","Friday","mini",FALSE,0,0,NA
"2015-06-20","Saturday","daily",FALSE,0,0,NA
"2015-06-20","Saturday","mini",FALSE,0,0,NA
"2015-06-21","Sunday","daily",FALSE,0,0,NA
"2015-06-21","Sunday","mini",FALSE,0,0,NA
"2015-06-22","Monday","daily",FALSE,0,0,NA
"2015-06-22","Monday","mini",FALSE,0,0,NA
"2015-06-23","Tuesday","daily",FALSE,0,0,NA
"2015-06-23","Tuesday","mini",FALSE,0,0,NA
"2015-06-24","Wednesday","daily",FALSE,0,0,NA
"2015-06-24","Wednesday","mini",FALSE,0,0,NA
"2015-06-25","Thursday","daily",TRUE,4,0,NA
"2015-06-25","Thursday","mini",FALSE,0,0,NA
"2015-06-26","Friday","daily",FALSE,0,0,NA
"2015-06-26","Friday","mini",FALSE,0,0,NA
"2015-06-27","Saturday","daily",FALSE,0,0,NA
"2015-06-27","Saturday","mini",FALSE,0,0,NA
"2015-06-28","Sunday","daily",FALSE,0,0,NA
"2015-06-28","Sunday","mini",FALSE,0,0,NA
"2015-06-29","Monday","daily",FALSE,0,0,NA
"2015-06-29","Monday","mini",FALSE,0,0,NA
"2015-06-30","Tuesday","daily",FALSE,0,0,NA
"2015-06-30","Tuesday","mini",FALSE,0,0,NA
"2015-07-01","Wednesday","daily",FALSE,0,0,NA
"2015-07-01","Wednesday","mini",FALSE,0,0,NA
"2015-07-02","Thursday","daily",FALSE,0,0,NA
"2015-07-02","Thursday","mini",FALSE,0,0,NA
"2015-07-03","Friday","daily",FALSE,0,0,NA
"2015-07-03","Friday","mini",FALSE,0,0,NA
"2015-07-04","Saturday","daily",FALSE,0,0,NA
"2015-07-04","Saturday","mini",FALSE,0,0,NA
"2015-07-05","Sunday","daily",FALSE,0,0,NA
"2015-07-05","Sunday","mini",FALSE,0,0,NA
"2015-07-06","Monday","daily",FALSE,0,0,NA
"2015-07-06","Monday","mini",FALSE,0,0,NA
"2015-07-07","Tuesday","daily",FALSE,0,0,NA
"2015-07-07","Tuesday","mini",FALSE,0,0,NA
"2015-07-08","Wednesday","daily",FALSE,0,0,NA
"2015-07-08","Wednesday","mini",FALSE,0,0,NA
"2015-07-09","Thursday","daily",FALSE,0,0,NA
"2015-07-09","Thursday","mini",FALSE,0,0,NA
"2015-07-10","Friday","daily",FALSE,0,0,NA
"2015-07-10","Friday","mini",FALSE,0,0,NA
"2015-07-11","Saturday","daily",FALSE,0,0,NA
"2015-07-11","Saturday","mini",FALSE,0,0,NA
"2015-07-12","Sunday","daily",FALSE,0,0,NA
"2015-07-12","Sunday","mini",FALSE,0,0,NA
"2015-07-13","Monday","daily",FALSE,0,0,NA
"2015-07-13","Monday","mini",FALSE,0,0,NA
"2015-07-14","Tuesday","daily",FALSE,0,0,NA
"2015-07-14","Tuesday","mini",FALSE,0,0,NA
"2015-07-15","Wednesday","daily",FALSE,0,0,NA
"2015-07-15","Wednesday","mini",FALSE,0,0,NA
"2015-07-16","Thursday","daily",FALSE,0,0,NA
"2015-07-16","Thursday","mini",FALSE,0,0,NA
"2015-07-17","Friday","daily",FALSE,0,0,NA
"2015-07-17","Friday","mini",FALSE,0,0,NA
"2015-07-18","Saturday","daily",FALSE,0,0,NA
"2015-07-18","Saturday","mini",FALSE,0,0,NA
"2015-07-19","Sunday","daily",FALSE,0,0,NA
"2015-07-19","Sunday","mini",FALSE,0,0,NA
"2015-07-20","Monday","daily",FALSE,0,0,NA
"2015-07-20","Monday","mini",FALSE,0,0,NA
"2015-07-21","Tuesday","daily",FALSE,0,0,NA
"2015-07-21","Tuesday","mini",FALSE,0,0,NA
"2015-07-22","Wednesday","daily",FALSE,0,0,NA
"2015-07-22","Wednesday","mini",FALSE,0,0,NA
"2015-07-23","Thursday","daily",TRUE,11,0,NA
"2015-07-23","Thursday","mini",FALSE,0,0,NA
"2015-07-24","Friday","daily",FALSE,0,0,NA
"2015-07-24","Friday","mini",FALSE,0,0,NA
"2015-07-25","Saturday","daily",FALSE,0,0,NA
"2015-07-25","Saturday","mini",FALSE,0,0,NA
"2015-07-26","Sunday","daily",FALSE,0,0,NA
"2015-07-26","Sunday","mini",FALSE,0,0,NA
"2015-07-27","Monday","daily",FALSE,0,0,NA
"2015-07-27","Monday","mini",FALSE,0,0,NA
"2015-07-28","Tuesday","daily",FALSE,0,0,NA
"2015-07-28","Tuesday","mini",FALSE,0,0,NA
"2015-07-29","Wednesday","daily",FALSE,0,0,NA
"2015-07-29","Wednesday","mini",FALSE,0,0,NA
"2015-07-30","Thursday","daily",FALSE,0,0,NA
"2015-07-30","Thursday","mini",FALSE,0,0,NA
"2015-07-31","Friday","daily",FALSE,0,0,NA
"2015-07-31","Friday","mini",FALSE,0,0,NA
"2015-08-01","Saturday","daily",FALSE,0,0,NA
"2015-08-01","Saturday","mini",FALSE,0,0,NA
"2015-08-02","Sunday","daily",FALSE,0,0,NA
"2015-08-02","Sunday","mini",FALSE,0,0,NA
"2015-08-03","Monday","daily",FALSE,0,0,NA
"2015-08-03","Monday","mini",FALSE,0,0,NA
"2015-08-04","Tuesday","daily",FALSE,0,0,NA
"2015-08-04","Tuesday","mini",FALSE,0,0,NA
"2015-08-05","Wednesday","daily",FALSE,0,0,NA
"2015-08-05","Wednesday","mini",FALSE,0,0,NA
"2015-08-06","Thursday","daily",FALSE,0,0,NA
"2015-08-06","Thursday","mini",FALSE,0,0,NA
"2015-08-07","Friday","daily",FALSE,0,0,NA
"2015-08-07","Friday","mini",FALSE,0,0,NA
"2015-08-08","Saturday","daily",FALSE,0,0,NA
"2015-08-08","Saturday","mini",FALSE,0,0,NA
"2015-08-09","Sunday","daily",FALSE,0,0,NA
"2015-08-09","Sunday","mini",FALSE,0,0,NA
"2015-08-10","Monday","daily",FALSE,0,0,NA
"2015-08-10","Monday","mini",FALSE,0,0,NA
"2015-08-11","Tuesday","daily",FALSE,0,0,NA
"2015-08-11","Tuesday","mini",FALSE,0,0,NA
"2015-08-12","Wednesday","daily",FALSE,0,0,NA
"2015-08-12","Wednesday","mini",FALSE,0,0,NA
"2015-08-13","Thursday","daily",FALSE,0,4,NA
"2015-08-13","Thursday","mini",FALSE,0,0,NA
"2015-08-14","Friday","daily",FALSE,0,0,NA
"2015-08-14","Friday","mini",FALSE,0,0,NA
"2015-08-15","Saturday","daily",FALSE,0,0,NA
"2015-08-15","Saturday","mini",FALSE,0,0,NA
"2015-08-16","Sunday","daily",FALSE,0,0,NA
"2015-08-16","Sunday","mini",FALSE,0,0,NA
"2015-08-17","Monday","daily",FALSE,0,0,NA
"2015-08-17","Monday","mini",FALSE,0,0,NA
"2015-08-18","Tuesday","daily",FALSE,0,0,NA
"2015-08-18","Tuesday","mini",FALSE,0,0,NA
"2015-08-19","Wednesday","daily",FALSE,0,0,NA
"2015-08-19","Wednesday","mini",FALSE,0,0,NA
"2015-08-20","Thursday","daily",TRUE,8,0,NA
"2015-08-20","Thursday","mini",FALSE,0,0,NA
"2015-08-21","Friday","daily",FALSE,0,0,NA
"2015-08-21","Friday","mini",FALSE,0,0,NA
"2015-08-22","Saturday","daily",FALSE,0,0,NA
"2015-08-22","Saturday","mini",FALSE,0,0,NA
"2015-08-23","Sunday","daily",FALSE,0,0,NA
"2015-08-23","Sunday","mini",FALSE,0,0,NA
"2015-08-24","Monday","daily",FALSE,0,0,NA
"2015-08-24","Monday","mini",FALSE,0,0,NA
"2015-08-25","Tuesday","daily",FALSE,0,0,NA
"2015-08-25","Tuesday","mini",FALSE,0,0,NA
"2015-08-26","Wednesday","daily",FALSE,0,0,NA
"2015-08-26","Wednesday","mini",FALSE,0,0,NA
"2015-08-27","Thursday","daily",FALSE,0,0,NA
"2015-08-27","Thursday","mini",FALSE,0,0,NA
"2015-08-28","Friday","daily",FALSE,0,0,NA
"2015-08-28","Friday","mini",FALSE,0,0,NA
"2015-08-29","Saturday","daily",FALSE,0,0,NA
"2015-08-29","Saturday","mini",FALSE,0,0,NA
"2015-08-30","Sunday","daily",FALSE,0,0,NA
"2015-08-30","Sunday","mini",FALSE,0,0,NA
"2015-08-31","Monday","daily",FALSE,0,0,NA
"2015-08-31","Monday","mini",FALSE,0,0,NA
"2015-09-01","Tuesday","daily",FALSE,0,0,NA
"2015-09-01","Tuesday","mini",FALSE,0,0,NA
"2015-09-02","Wednesday","daily",FALSE,0,0,NA
"2015-09-02","Wednesday","mini",FALSE,0,0,NA
"2015-09-03","Thursday","daily",FALSE,0,0,NA
"2015-09-03","Thursday","mini",FALSE,0,0,NA
"2015-09-04","Friday","daily",FALSE,0,0,NA
"2015-09-04","Friday","mini",FALSE,0,0,NA
"2015-09-05","Saturday","daily",FALSE,0,0,NA
"2015-09-05","Saturday","mini",FALSE,0,0,NA
"2015-09-06","Sunday","daily",TRUE,9,0,NA
"2015-09-06","Sunday","mini",FALSE,0,0,NA
"2015-09-07","Monday","daily",FALSE,0,0,NA
"2015-09-07","Monday","mini",FALSE,0,0,NA
"2015-09-08","Tuesday","daily",FALSE,0,0,NA
"2015-09-08","Tuesday","mini",FALSE,0,0,NA
"2015-09-09","Wednesday","daily",FALSE,0,0,NA
"2015-09-09","Wednesday","mini",FALSE,0,0,NA
"2015-09-10","Thursday","daily",FALSE,0,0,NA
"2015-09-10","Thursday","mini",FALSE,0,0,NA
"2015-09-11","Friday","daily",FALSE,0,0,NA
"2015-09-11","Friday","mini",FALSE,0,0,NA
"2015-09-12","Saturday","daily",FALSE,0,0,NA
"2015-09-12","Saturday","mini",FALSE,0,0,NA
"2015-09-13","Sunday","daily",FALSE,0,0,NA
"2015-09-13","Sunday","mini",FALSE,0,0,NA
"2015-09-14","Monday","daily",FALSE,0,0,NA
"2015-09-14","Monday","mini",FALSE,0,0,NA
"2015-09-15","Tuesday","daily",FALSE,0,0,NA
"2015-09-15","Tuesday","mini",FALSE,0,0,NA
"2015-09-16","Wednesday","daily",FALSE,0,0,NA
"2015-09-16","Wednesday","mini",FALSE,0,0,NA
"2015-09-17","Thursday","daily",FALSE,0,0,NA
"2015-09-17","Thursday","mini",FALSE,0,0,NA
"2015-09-18","Friday","daily",FALSE,0,0,NA
"2015-09-18","Friday","mini",FALSE,0,0,NA
"2015-09-19","Saturday","daily",FALSE,0,0,NA
"2015-09-19","Saturday","mini",FALSE,0,0,NA
"2015-09-20","Sunday","daily",FALSE,0,0,NA
"2015-09-20","Sunday","mini",FALSE,0,0,NA
"2015-09-21","Monday","daily",FALSE,0,0,NA
"2015-09-21","Monday","mini",FALSE,0,0,NA
"2015-09-22","Tuesday","daily",FALSE,0,0,NA
"2015-09-22","Tuesday","mini",FALSE,0,0,NA
"2015-09-23","Wednesday","daily",FALSE,0,0,NA
"2015-09-23","Wednesday","mini",FALSE,0,0,NA
"2015-09-24","Thursday","daily",FALSE,0,0,NA
"2015-09-24","Thursday","mini",FALSE,0,0,NA
"2015-09-25","Friday","daily",FALSE,0,0,NA
"2015-09-25","Friday","mini",FALSE,0,0,NA
"2015-09-26","Saturday","daily",FALSE,0,0,NA
"2015-09-26","Saturday","mini",FALSE,0,0,NA
"2015-09-27","Sunday","daily",FALSE,0,12,NA
"2015-09-27","Sunday","mini",FALSE,0,0,NA
"2015-09-28","Monday","daily",FALSE,0,0,NA
"2015-09-28","Monday","mini",FALSE,0,0,NA
"2015-09-29","Tuesday","daily",FALSE,0,0,NA
"2015-09-29","Tuesday","mini",FALSE,0,0,NA
"2015-09-30","Wednesday","daily",FALSE,0,0,NA
"2015-09-30","Wednesday","mini",FALSE,0,0,NA
"2015-10-01","Thursday","daily",TRUE,5,0,NA
"2015-10-01","Thursday","mini",FALSE,0,0,NA
"2015-10-02","Friday","daily",FALSE,0,0,NA
"2015-10-02","Friday","mini",FALSE,0,0,NA
"2015-10-03","Saturday","daily",FALSE,0,0,NA
"2015-10-03","Saturday","mini",FALSE,0,0,NA
"2015-10-04","Sunday","daily",FALSE,0,0,NA
"2015-10-04","Sunday","mini",FALSE,0,0,NA
"2015-10-05","Monday","daily",FALSE,0,0,NA
"2015-10-05","Monday","mini",FALSE,0,0,NA
"2015-10-06","Tuesday","daily",FALSE,0,0,NA
"2015-10-06","Tuesday","mini",FALSE,0,0,NA
"2015-10-07","Wednesday","daily",FALSE,0,0,NA
"2015-10-07","Wednesday","mini",FALSE,0,0,NA
"2015-10-08","Thursday","daily",FALSE,0,0,NA
"2015-10-08","Thursday","mini",FALSE,0,0,NA
"2015-10-09","Friday","daily",FALSE,0,0,NA
"2015-10-09","Friday","mini",FALSE,0,0,NA
"2015-10-10","Saturday","daily",FALSE,0,0,NA
"2015-10-10","Saturday","mini",FALSE,0,0,NA
"2015-10-11","Sunday","daily",FALSE,0,0,NA
"2015-10-11","Sunday","mini",FALSE,0,0,NA
"2015-10-12","Monday","daily",FALSE,0,0,NA
"2015-10-12","Monday","mini",FALSE,0,0,NA
"2015-10-13","Tuesday","daily",TRUE,14,0,NA
"2015-10-13","Tuesday","mini",FALSE,0,0,NA
"2015-10-14","Wednesday","daily",FALSE,0,0,NA
"2015-10-14","Wednesday","mini",FALSE,0,0,NA
"2015-10-15","Thursday","daily",TRUE,79,0,NA
"2015-10-15","Thursday","mini",FALSE,0,0,NA
"2015-10-16","Friday","daily",FALSE,0,0,NA
"2015-10-16","Friday","mini",FALSE,0,0,NA
"2015-10-17","Saturday","daily",FALSE,0,52,NA
"2015-10-17","Saturday","mini",FALSE,0,0,NA
"2015-10-18","Sunday","daily",FALSE,0,0,NA
"2015-10-18","Sunday","mini",FALSE,0,0,NA
"2015-10-19","Monday","daily",FALSE,0,0,NA
"2015-10-19","Monday","mini",FALSE,0,0,NA
"2015-10-20","Tuesday","daily",FALSE,0,0,NA
"2015-10-20","Tuesday","mini",FALSE,0,0,NA
"2015-10-21","Wednesday","daily",FALSE,0,0,NA
"2015-10-21","Wednesday","mini",FALSE,0,0,NA
"2015-10-22","Thursday","daily",FALSE,0,0,NA
"2015-10-22","Thursday","mini",FALSE,0,0,NA
"2015-10-23","Friday","daily",FALSE,0,0,NA
"2015-10-23","Friday","mini",FALSE,0,0,NA
"2015-10-24","Saturday","daily",FALSE,0,0,NA
"2015-10-24","Saturday","mini",FALSE,0,0,NA
"2015-10-25","Sunday","daily",FALSE,0,0,NA
"2015-10-25","Sunday","mini",FALSE,0,0,NA
"2015-10-26","Monday","daily",FALSE,0,0,NA
"2015-10-26","Monday","mini",FALSE,0,0,NA
"2015-10-27","Tuesday","daily",FALSE,0,0,NA
"2015-10-27","Tuesday","mini",FALSE,0,0,NA
"2015-10-28","Wednesday","daily",FALSE,0,0,NA
"2015-10-28","Wednesday","mini",FALSE,0,0,NA
"2015-10-29","Thursday","daily",FALSE,0,0,NA
"2015-10-29","Thursday","mini",FALSE,0,0,NA
"2015-10-30","Friday","daily",FALSE,0,0,NA
"2015-10-30","Friday","mini",FALSE,0,0,NA
"2015-10-31","Saturday","daily",FALSE,0,0,NA
"2015-10-31","Saturday","mini",FALSE,0,0,NA
"2015-11-01","Sunday","daily",FALSE,0,0,NA
"2015-11-01","Sunday","mini",FALSE,0,0,NA
"2015-11-02","Monday","daily",FALSE,0,0,NA
"2015-11-02","Monday","mini",FALSE,0,0,NA
"2015-11-03","Tuesday","daily",FALSE,0,0,NA
"2015-11-03","Tuesday","mini",FALSE,0,0,NA
"2015-11-04","Wednesday","daily",FALSE,0,0,NA
"2015-11-04","Wednesday","mini",FALSE,0,0,NA
"2015-11-05","Thursday","daily",FALSE,0,0,NA
"2015-11-05","Thursday","mini",FALSE,0,0,NA
"2015-11-06","Friday","daily",FALSE,0,0,NA
"2015-11-06","Friday","mini",FALSE,0,0,NA
"2015-11-07","Saturday","daily",FALSE,0,0,NA
"2015-11-07","Saturday","mini",FALSE,0,0,NA
"2015-11-08","Sunday","daily",FALSE,0,0,NA
"2015-11-08","Sunday","mini",FALSE,0,0,NA
"2015-11-09","Monday","daily",FALSE,0,0,NA
"2015-11-09","Monday","mini",FALSE,0,0,NA
"2015-11-10","Tuesday","daily",FALSE,0,0,NA
"2015-11-10","Tuesday","mini",FALSE,0,0,NA
"2015-11-11","Wednesday","daily",FALSE,0,0,NA
"2015-11-11","Wednesday","mini",FALSE,0,0,NA
"2015-11-12","Thursday","daily",TRUE,11,0,NA
"2015-11-12","Thursday","mini",FALSE,0,0,NA
"2015-11-13","Friday","daily",FALSE,0,0,NA
"2015-11-13","Friday","mini",FALSE,0,0,NA
"2015-11-14","Saturday","daily",FALSE,0,0,NA
"2015-11-14","Saturday","mini",FALSE,0,0,NA
"2015-11-15","Sunday","daily",FALSE,0,0,NA
"2015-11-15","Sunday","mini",FALSE,0,0,NA
"2015-11-16","Monday","daily",FALSE,0,0,NA
"2015-11-16","Monday","mini",FALSE,0,0,NA
"2015-11-17","Tuesday","daily",FALSE,0,0,NA
"2015-11-17","Tuesday","mini",FALSE,0,0,NA
"2015-11-18","Wednesday","daily",FALSE,0,0,NA
"2015-11-18","Wednesday","mini",FALSE,0,0,NA
"2015-11-19","Thursday","daily",FALSE,0,0,NA
"2015-11-19","Thursday","mini",FALSE,0,0,NA
"2015-11-20","Friday","daily",FALSE,0,0,NA
"2015-11-20","Friday","mini",FALSE,0,0,NA
"2015-11-21","Saturday","daily",FALSE,0,0,NA
"2015-11-21","Saturday","mini",FALSE,0,0,NA
"2015-11-22","Sunday","daily",FALSE,0,0,NA
"2015-11-22","Sunday","mini",FALSE,0,0,NA
"2015-11-23","Monday","daily",FALSE,0,0,NA
"2015-11-23","Monday","mini",FALSE,0,0,NA
"2015-11-24","Tuesday","daily",FALSE,0,0,NA
"2015-11-24","Tuesday","mini",FALSE,0,0,NA
"2015-11-25","Wednesday","daily",FALSE,0,0,NA
"2015-11-25","Wednesday","mini",FALSE,0,0,NA
"2015-11-26","Thursday","daily",FALSE,0,0,NA
"2015-11-26","Thursday","mini",FALSE,0,0,NA
"2015-11-27","Friday","daily",FALSE,0,0,NA
"2015-11-27","Friday","mini",FALSE,0,0,NA
"2015-11-28","Saturday","daily",FALSE,0,0,NA
"2015-11-28","Saturday","mini",FALSE,0,0,NA
"2015-11-29","Sunday","daily",FALSE,0,0,NA
"2015-11-29","Sunday","mini",FALSE,0,0,NA
"2015-11-30","Monday","daily",FALSE,0,0,NA
"2015-11-30","Monday","mini",FALSE,0,0,NA
"2015-12-01","Tuesday","daily",FALSE,0,0,NA
"2015-12-01","Tuesday","mini",FALSE,0,0,NA
"2015-12-02","Wednesday","daily",FALSE,0,0,NA
"2015-12-02","Wednesday","mini",FALSE,0,0,NA
"2015-12-03","Thursday","daily",FALSE,0,0,NA
"2015-12-03","Thursday","mini",FALSE,0,0,NA
"2015-12-04","Friday","daily",FALSE,0,0,NA
"2015-12-04","Friday","mini",FALSE,0,0,NA
"2015-12-05","Saturday","daily",FALSE,0,0,NA
"2015-12-05","Saturday","mini",FALSE,0,0,NA
"2015-12-06","Sunday","daily",FALSE,0,0,NA
"2015-12-06","Sunday","mini",FALSE,0,0,NA
"2015-12-07","Monday","daily",FALSE,0,0,NA
"2015-12-07","Monday","mini",FALSE,0,0,NA
"2015-12-08","Tuesday","daily",FALSE,0,0,NA
"2015-12-08","Tuesday","mini",FALSE,0,0,NA
"2015-12-09","Wednesday","daily",FALSE,0,0,NA
"2015-12-09","Wednesday","mini",FALSE,0,0,NA
"2015-12-10","Thursday","daily",FALSE,0,0,NA
"2015-12-10","Thursday","mini",FALSE,0,0,NA
"2015-12-11","Friday","daily",FALSE,0,0,NA
"2015-12-11","Friday","mini",FALSE,0,0,NA
"2015-12-12","Saturday","daily",FALSE,0,0,NA
"2015-12-12","Saturday","mini",FALSE,0,0,NA
"2015-12-13","Sunday","daily",FALSE,0,0,NA
"2015-12-13","Sunday","mini",FALSE,0,0,NA
"2015-12-14","Monday","daily",FALSE,0,0,NA
"2015-12-14","Monday","mini",FALSE,0,0,NA
"2015-12-15","Tuesday","daily",FALSE,0,0,NA
"2015-12-15","Tuesday","mini",FALSE,0,0,NA
"2015-12-16","Wednesday","daily",FALSE,0,0,NA
"2015-12-16","Wednesday","mini",FALSE,0,0,NA
"2015-12-17","Thursday","daily",TRUE,8,1,NA
"2015-12-17","Thursday","mini",FALSE,0,0,NA
"2015-12-18","Friday","daily",FALSE,0,0,NA
"2015-12-18","Friday","mini",FALSE,0,0,NA
"2015-12-19","Saturday","daily",FALSE,0,0,NA
"2015-12-19","Saturday","mini",FALSE,0,0,NA
"2015-12-20","Sunday","daily",FALSE,0,0,NA
"2015-12-20","Sunday","mini",FALSE,0,0,NA
"2015-12-21","Monday","daily",FALSE,0,0,NA
"2015-12-21","Monday","mini",FALSE,0,0,NA
"2015-12-22","Tuesday","daily",FALSE,0,0,NA
"2015-12-22","Tuesday","mini",FALSE,0,0,NA
"2015-12-23","Wednesday","daily",TRUE,1,0,NA
"2015-12-23","Wednesday","mini",FALSE,0,0,NA
"2015-12-24","Thursday","daily",FALSE,0,0,NA
"2015-12-24","Thursday","mini",FALSE,0,0,NA
"2015-12-25","Friday","daily",FALSE,0,0,NA
"2015-12-25","Friday","mini",FALSE,0,0,NA
"2015-12-26","Saturday","daily",FALSE,0,0,NA
"2015-12-26","Saturday","mini",FALSE,0,0,NA
"2015-12-27","Sunday","daily",FALSE,0,0,NA
"2015-12-27","Sunday","mini",FALSE,0,0,NA
"2015-12-28","Monday","daily",FALSE,0,0,NA
"2015-12-28","Monday","mini",FALSE,0,0,NA
"2015-12-29","Tuesday","daily",FALSE,0,0,NA
"2015-12-29","Tuesday","mini",FALSE,0,0,NA
"2015-12-30","Wednesday","daily",FALSE,0,0,NA
"2015-12-30","Wednesday","mini",FALSE,0,0,NA
"2015-12-31","Thursday","daily",FALSE,0,0,NA
"2015-12-31","Thursday","mini",FALSE,0,0,NA
"2016-01-01","Friday","daily",FALSE,0,0,NA
"2016-01-01","Friday","mini",FALSE,0,0,NA
"2016-01-02","Saturday","daily",FALSE,0,0,NA
"2016-01-02","Saturday","mini",FALSE,0,0,NA
"2016-01-03","Sunday","daily",TRUE,12,0,NA
"2016-01-03","Sunday","mini",FALSE,0,0,NA
"2016-01-04","Monday","daily",FALSE,0,0,NA
"2016-01-04","Monday","mini",FALSE,0,0,NA
"2016-01-05","Tuesday","daily",FALSE,0,0,NA
"2016-01-05","Tuesday","mini",FALSE,0,0,NA
"2016-01-06","Wednesday","daily",FALSE,0,0,NA
"2016-01-06","Wednesday","mini",FALSE,0,0,NA
"2016-01-07","Thursday","daily",FALSE,0,0,NA
"2016-01-07","Thursday","mini",FALSE,0,0,NA
"2016-01-08","Friday","daily",FALSE,0,0,NA
"2016-01-08","Friday","mini",FALSE,0,0,NA
"2016-01-09","Saturday","daily",FALSE,0,0,NA
"2016-01-09","Saturday","mini",FALSE,0,0,NA
"2016-01-10","Sunday","daily",FALSE,0,0,NA
"2016-01-10","Sunday","mini",FALSE,0,0,NA
"2016-01-11","Monday","daily",FALSE,0,0,NA
"2016-01-11","Monday","mini",FALSE,0,0,NA
"2016-01-12","Tuesday","daily",FALSE,0,0,NA
"2016-01-12","Tuesday","mini",FALSE,0,0,NA
"2016-01-13","Wednesday","daily",FALSE,0,0,NA
"2016-01-13","Wednesday","mini",FALSE,0,0,NA
"2016-01-14","Thursday","daily",FALSE,0,0,NA
"2016-01-14","Thursday","mini",FALSE,0,0,NA
"2016-01-15","Friday","daily",FALSE,0,0,NA
"2016-01-15","Friday","mini",FALSE,0,0,NA
"2016-01-16","Saturday","daily",FALSE,0,0,NA
"2016-01-16","Saturday","mini",FALSE,0,0,NA
"2016-01-17","Sunday","daily",FALSE,0,0,NA
"2016-01-17","Sunday","mini",FALSE,0,0,NA
"2016-01-18","Monday","daily",FALSE,0,0,NA
"2016-01-18","Monday","mini",FALSE,0,0,NA
"2016-01-19","Tuesday","daily",FALSE,0,0,NA
"2016-01-19","Tuesday","mini",FALSE,0,0,NA
"2016-01-20","Wednesday","daily",FALSE,0,0,NA
"2016-01-20","Wednesday","mini",FALSE,0,0,NA
"2016-01-21","Thursday","daily",FALSE,0,0,NA
"2016-01-21","Thursday","mini",FALSE,0,0,NA
"2016-01-22","Friday","daily",FALSE,0,0,NA
"2016-01-22","Friday","mini",FALSE,0,0,NA
"2016-01-23","Saturday","daily",FALSE,0,0,NA
"2016-01-23","Saturday","mini",FALSE,0,0,NA
"2016-01-24","Sunday","daily",FALSE,0,0,NA
"2016-01-24","Sunday","mini",FALSE,0,0,NA
"2016-01-25","Monday","daily",FALSE,0,0,NA
"2016-01-25","Monday","mini",FALSE,0,0,NA
"2016-01-26","Tuesday","daily",FALSE,0,0,NA
"2016-01-26","Tuesday","mini",FALSE,0,0,NA
"2016-01-27","Wednesday","daily",FALSE,0,0,NA
"2016-01-27","Wednesday","mini",FALSE,0,0,NA
"2016-01-28","Thursday","daily",TRUE,8,0,NA
"2016-01-28","Thursday","mini",FALSE,0,0,NA
"2016-01-29","Friday","daily",FALSE,0,0,NA
"2016-01-29","Friday","mini",FALSE,0,0,NA
"2016-01-30","Saturday","daily",FALSE,0,0,NA
"2016-01-30","Saturday","mini",FALSE,0,0,NA
"2016-01-31","Sunday","daily",FALSE,0,0,NA
"2016-01-31","Sunday","mini",FALSE,0,0,NA
"2016-02-01","Monday","daily",FALSE,0,0,NA
"2016-02-01","Monday","mini",FALSE,0,0,NA
"2016-02-02","Tuesday","daily",FALSE,0,0,NA
"2016-02-02","Tuesday","mini",FALSE,0,0,NA
"2016-02-03","Wednesday","daily",FALSE,0,0,NA
"2016-02-03","Wednesday","mini",FALSE,0,0,NA
"2016-02-04","Thursday","daily",FALSE,0,0,NA
"2016-02-04","Thursday","mini",FALSE,0,0,NA
"2016-02-05","Friday","daily",FALSE,0,0,NA
"2016-02-05","Friday","mini",FALSE,0,0,NA
"2016-02-06","Saturday","daily",FALSE,0,0,NA
"2016-02-06","Saturday","mini",FALSE,0,0,NA
"2016-02-07","Sunday","daily",FALSE,0,0,NA
"2016-02-07","Sunday","mini",FALSE,0,0,NA
"2016-02-08","Monday","daily",FALSE,0,0,NA
"2016-02-08","Monday","mini",FALSE,0,0,NA
"2016-02-09","Tuesday","daily",FALSE,0,0,NA
"2016-02-09","Tuesday","mini",FALSE,0,0,NA
"2016-02-10","Wednesday","daily",FALSE,0,0,NA
"2016-02-10","Wednesday","mini",FALSE,0,0,NA
"2016-02-11","Thursday","daily",FALSE,0,0,NA
"2016-02-11","Thursday","mini",FALSE,0,0,NA
"2016-02-12","Friday","daily",FALSE,0,0,NA
"2016-02-12","Friday","mini",FALSE,0,0,NA
"2016-02-13","Saturday","daily",FALSE,0,0,NA
"2016-02-13","Saturday","mini",FALSE,0,0,NA
"2016-02-14","Sunday","daily",TRUE,9,0,NA
"2016-02-14","Sunday","mini",FALSE,0,0,NA
"2016-02-15","Monday","daily",FALSE,0,0,NA
"2016-02-15","Monday","mini",FALSE,0,0,NA
"2016-02-16","Tuesday","daily",FALSE,0,0,NA
"2016-02-16","Tuesday","mini",FALSE,0,0,NA
"2016-02-17","Wednesday","daily",FALSE,0,0,NA
"2016-02-17","Wednesday","mini",FALSE,0,0,NA
"2016-02-18","Thursday","daily",FALSE,0,0,NA
"2016-02-18","Thursday","mini",FALSE,0,0,NA
"2016-02-19","Friday","daily",FALSE,0,0,NA
"2016-02-19","Friday","mini",FALSE,0,0,NA
"2016-02-20","Saturday","daily",FALSE,0,0,NA
"2016-02-20","Saturday","mini",FALSE,0,0,NA
"2016-02-21","Sunday","daily",FALSE,0,0,NA
"2016-02-21","Sunday","mini",FALSE,0,0,NA
"2016-02-22","Monday","daily",FALSE,0,0,NA
"2016-02-22","Monday","mini",FALSE,0,0,NA
"2016-02-23","Tuesday","daily",FALSE,0,0,NA
"2016-02-23","Tuesday","mini",FALSE,0,0,NA
"2016-02-24","Wednesday","daily",FALSE,0,0,NA
"2016-02-24","Wednesday","mini",FALSE,0,0,NA
"2016-02-25","Thursday","daily",FALSE,0,0,NA
"2016-02-25","Thursday","mini",FALSE,0,0,NA
"2016-02-26","Friday","daily",FALSE,0,0,NA
"2016-02-26","Friday","mini",FALSE,0,0,NA
"2016-02-27","Saturday","daily",FALSE,0,0,NA
"2016-02-27","Saturday","mini",FALSE,0,0,NA
"2016-02-28","Sunday","daily",FALSE,0,0,NA
"2016-02-28","Sunday","mini",FALSE,0,0,NA
"2016-02-29","Monday","daily",FALSE,0,0,NA
"2016-02-29","Monday","mini",FALSE,0,0,NA
"2016-03-01","Tuesday","daily",FALSE,0,0,NA
"2016-03-01","Tuesday","mini",FALSE,0,0,NA
"2016-03-02","Wednesday","daily",FALSE,0,0,NA
"2016-03-02","Wednesday","mini",FALSE,0,0,NA
"2016-03-03","Thursday","daily",TRUE,3,0,NA
"2016-03-03","Thursday","mini",FALSE,0,0,NA
"2016-03-04","Friday","daily",FALSE,0,0,NA
"2016-03-04","Friday","mini",FALSE,0,0,NA
"2016-03-05","Saturday","daily",FALSE,0,0,NA
"2016-03-05","Saturday","mini",FALSE,0,0,NA
"2016-03-06","Sunday","daily",FALSE,0,0,NA
"2016-03-06","Sunday","mini",FALSE,0,0,NA
"2016-03-07","Monday","daily",FALSE,0,0,NA
"2016-03-07","Monday","mini",FALSE,0,0,NA
"2016-03-08","Tuesday","daily",FALSE,0,0,NA
"2016-03-08","Tuesday","mini",FALSE,0,0,NA
"2016-03-09","Wednesday","daily",FALSE,0,0,NA
"2016-03-09","Wednesday","mini",FALSE,0,0,NA
"2016-03-10","Thursday","daily",TRUE,5,0,NA
"2016-03-10","Thursday","mini",FALSE,0,0,NA
"2016-03-11","Friday","daily",FALSE,0,0,NA
"2016-03-11","Friday","mini",FALSE,0,0,NA
"2016-03-12","Saturday","daily",FALSE,0,0,NA
"2016-03-12","Saturday","mini",FALSE,0,0,NA
"2016-03-13","Sunday","daily",FALSE,0,0,NA
"2016-03-13","Sunday","mini",FALSE,0,0,NA
"2016-03-14","Monday","daily",FALSE,0,0,NA
"2016-03-14","Monday","mini",FALSE,0,0,NA
"2016-03-15","Tuesday","daily",FALSE,0,0,NA
"2016-03-15","Tuesday","mini",FALSE,0,0,NA
"2016-03-16","Wednesday","daily",FALSE,0,0,NA
"2016-03-16","Wednesday","mini",FALSE,0,0,NA
"2016-03-17","Thursday","daily",FALSE,0,0,NA
"2016-03-17","Thursday","mini",FALSE,0,0,NA
"2016-03-18","Friday","daily",FALSE,0,0,NA
"2016-03-18","Friday","mini",FALSE,0,0,NA
"2016-03-19","Saturday","daily",FALSE,0,0,NA
"2016-03-19","Saturday","mini",FALSE,0,0,NA
"2016-03-20","Sunday","daily",FALSE,0,0,NA
"2016-03-20","Sunday","mini",FALSE,0,0,NA
"2016-03-21","Monday","daily",FALSE,0,0,NA
"2016-03-21","Monday","mini",FALSE,0,0,NA
"2016-03-22","Tuesday","daily",FALSE,0,0,NA
"2016-03-22","Tuesday","mini",FALSE,0,0,NA
"2016-03-23","Wednesday","daily",FALSE,0,0,NA
"2016-03-23","Wednesday","mini",FALSE,0,0,NA
"2016-03-24","Thursday","daily",FALSE,0,0,NA
"2016-03-24","Thursday","mini",FALSE,0,0,NA
"2016-03-25","Friday","daily",FALSE,0,0,NA
"2016-03-25","Friday","mini",FALSE,0,0,NA
"2016-03-26","Saturday","daily",FALSE,0,0,NA
"2016-03-26","Saturday","mini",FALSE,0,0,NA
"2016-03-27","Sunday","daily",FALSE,0,0,NA
"2016-03-27","Sunday","mini",FALSE,0,0,NA
"2016-03-28","Monday","daily",FALSE,0,0,NA
"2016-03-28","Monday","mini",FALSE,0,0,NA
"2016-03-29","Tuesday","daily",FALSE,0,0,NA
"2016-03-29","Tuesday","mini",FALSE,0,0,NA
"2016-03-30","Wednesday","daily",FALSE,0,0,NA
"2016-03-30","Wednesday","mini",FALSE,0,0,NA
"2016-03-31","Thursday","daily",FALSE,0,0,NA
"2016-03-31","Thursday","mini",FALSE,0,0,NA
"2016-04-01","Friday","daily",FALSE,0,0,NA
"2016-04-01","Friday","mini",FALSE,0,0,NA
"2016-04-02","Saturday","daily",FALSE,0,0,NA
"2016-04-02","Saturday","mini",FALSE,0,0,NA
"2016-04-03","Sunday","daily",TRUE,6,0,NA
"2016-04-03","Sunday","mini",FALSE,0,0,NA
"2016-04-04","Monday","daily",FALSE,0,0,NA
"2016-04-04","Monday","mini",FALSE,0,0,NA
"2016-04-05","Tuesday","daily",FALSE,0,0,NA
"2016-04-05","Tuesday","mini",FALSE,0,0,NA
"2016-04-06","Wednesday","daily",FALSE,0,0,NA
"2016-04-06","Wednesday","mini",FALSE,0,0,NA
"2016-04-07","Thursday","daily",TRUE,6,0,NA
"2016-04-07","Thursday","mini",FALSE,0,0,NA
"2016-04-08","Friday","daily",FALSE,0,0,NA
"2016-04-08","Friday","mini",FALSE,0,0,NA
"2016-04-09","Saturday","daily",FALSE,0,0,NA
"2016-04-09","Saturday","mini",FALSE,0,0,NA
"2016-04-10","Sunday","daily",FALSE,0,0,NA
"2016-04-10","Sunday","mini",FALSE,0,0,NA
"2016-04-11","Monday","daily",FALSE,0,0,NA
"2016-04-11","Monday","mini",FALSE,0,0,NA
"2016-04-12","Tuesday","daily",FALSE,0,0,NA
"2016-04-12","Tuesday","mini",FALSE,0,0,NA
"2016-04-13","Wednesday","daily",FALSE,0,0,NA
"2016-04-13","Wednesday","mini",FALSE,0,0,NA
"2016-04-14","Thursday","daily",FALSE,0,0,NA
"2016-04-14","Thursday","mini",FALSE,0,0,NA
"2016-04-15","Friday","daily",FALSE,0,0,NA
"2016-04-15","Friday","mini",FALSE,0,0,NA
"2016-04-16","Saturday","daily",FALSE,0,0,NA
"2016-04-16","Saturday","mini",FALSE,0,0,NA
"2016-04-17","Sunday","daily",FALSE,0,0,NA
"2016-04-17","Sunday","mini",FALSE,0,0,NA
"2016-04-18","Monday","daily",FALSE,0,0,NA
"2016-04-18","Monday","mini",FALSE,0,0,NA
"2016-04-19","Tuesday","daily",FALSE,0,0,NA
"2016-04-19","Tuesday","mini",FALSE,0,0,NA
"2016-04-20","Wednesday","daily",FALSE,0,0,NA
"2016-04-20","Wednesday","mini",FALSE,0,0,NA
"2016-04-21","Thursday","daily",FALSE,0,0,NA
"2016-04-21","Thursday","mini",FALSE,0,0,NA
"2016-04-22","Friday","daily",FALSE,0,0,NA
"2016-04-22","Friday","mini",FALSE,0,0,NA
"2016-04-23","Saturday","daily",FALSE,0,0,NA
"2016-04-23","Saturday","mini",FALSE,0,0,NA
"2016-04-24","Sunday","daily",FALSE,0,0,NA
"2016-04-24","Sunday","mini",FALSE,0,0,NA
"2016-04-25","Monday","daily",FALSE,0,0,NA
"2016-04-25","Monday","mini",FALSE,0,0,NA
"2016-04-26","Tuesday","daily",FALSE,0,0,NA
"2016-04-26","Tuesday","mini",FALSE,0,0,NA
"2016-04-27","Wednesday","daily",FALSE,0,0,NA
"2016-04-27","Wednesday","mini",FALSE,0,0,NA
"2016-04-28","Thursday","daily",FALSE,0,0,NA
"2016-04-28","Thursday","mini",FALSE,0,0,NA
"2016-04-29","Friday","daily",FALSE,0,0,NA
"2016-04-29","Friday","mini",FALSE,0,0,NA
"2016-04-30","Saturday","daily",FALSE,0,0,NA
"2016-04-30","Saturday","mini",FALSE,0,0,NA
"2016-05-01","Sunday","daily",FALSE,0,0,NA
"2016-05-01","Sunday","mini",FALSE,0,0,NA
"2016-05-02","Monday","daily",FALSE,0,0,NA
"2016-05-02","Monday","mini",FALSE,0,0,NA
"2016-05-03","Tuesday","daily",FALSE,0,0,NA
"2016-05-03","Tuesday","mini",FALSE,0,0,NA
"2016-05-04","Wednesday","daily",FALSE,0,0,NA
"2016-05-04","Wednesday","mini",FALSE,0,0,NA
"2016-05-05","Thursday","daily",FALSE,0,0,NA
"2016-05-05","Thursday","mini",FALSE,0,0,NA
"2016-05-06","Friday","daily",FALSE,0,0,NA
"2016-05-06","Friday","mini",FALSE,0,0,NA
"2016-05-07","Saturday","daily",FALSE,0,0,NA
"2016-05-07","Saturday","mini",FALSE,0,0,NA
"2016-05-08","Sunday","daily",TRUE,6,0,NA
"2016-05-08","Sunday","mini",FALSE,0,0,NA
"2016-05-09","Monday","daily",FALSE,0,0,NA
"2016-05-09","Monday","mini",FALSE,0,0,NA
"2016-05-10","Tuesday","daily",FALSE,0,0,NA
"2016-05-10","Tuesday","mini",FALSE,0,0,NA
"2016-05-11","Wednesday","daily",FALSE,0,0,NA
"2016-05-11","Wednesday","mini",FALSE,0,0,NA
"2016-05-12","Thursday","daily",FALSE,0,0,NA
"2016-05-12","Thursday","mini",FALSE,0,0,NA
"2016-05-13","Friday","daily",FALSE,0,0,NA
"2016-05-13","Friday","mini",FALSE,0,0,NA
"2016-05-14","Saturday","daily",FALSE,0,0,NA
"2016-05-14","Saturday","mini",FALSE,0,0,NA
"2016-05-15","Sunday","daily",FALSE,0,0,NA
"2016-05-15","Sunday","mini",FALSE,0,0,NA
"2016-05-16","Monday","daily",FALSE,0,0,NA
"2016-05-16","Monday","mini",FALSE,0,0,NA
"2016-05-17","Tuesday","daily",FALSE,0,0,NA
"2016-05-17","Tuesday","mini",FALSE,0,0,NA
"2016-05-18","Wednesday","daily",FALSE,0,0,NA
"2016-05-18","Wednesday","mini",FALSE,0,0,NA
"2016-05-19","Thursday","daily",FALSE,0,0,NA
"2016-05-19","Thursday","mini",FALSE,0,0,NA
"2016-05-20","Friday","daily",FALSE,0,0,NA
"2016-05-20","Friday","mini",FALSE,0,0,NA
"2016-05-21","Saturday","daily",FALSE,0,0,NA
"2016-05-21","Saturday","mini",FALSE,0,0,NA
"2016-05-22","Sunday","daily",FALSE,0,0,NA
"2016-05-22","Sunday","mini",FALSE,0,0,NA
"2016-05-23","Monday","daily",FALSE,0,0,NA
"2016-05-23","Monday","mini",FALSE,0,0,NA
"2016-05-24","Tuesday","daily",FALSE,0,0,NA
"2016-05-24","Tuesday","mini",FALSE,0,0,NA
"2016-05-25","Wednesday","daily",FALSE,0,0,NA
"2016-05-25","Wednesday","mini",FALSE,0,0,NA
"2016-05-26","Thursday","daily",FALSE,0,0,NA
"2016-05-26","Thursday","mini",FALSE,0,0,NA
"2016-05-27","Friday","daily",FALSE,0,0,NA
"2016-05-27","Friday","mini",FALSE,0,0,NA
"2016-05-28","Saturday","daily",FALSE,0,0,NA
"2016-05-28","Saturday","mini",FALSE,0,0,NA
"2016-05-29","Sunday","daily",FALSE,0,0,NA
"2016-05-29","Sunday","mini",FALSE,0,0,NA
"2016-05-30","Monday","daily",FALSE,0,0,NA
"2016-05-30","Monday","mini",FALSE,0,0,NA
"2016-05-31","Tuesday","daily",FALSE,0,0,NA
"2016-05-31","Tuesday","mini",FALSE,0,0,NA
"2016-06-01","Wednesday","daily",FALSE,0,0,NA
"2016-06-01","Wednesday","mini",FALSE,0,0,NA
"2016-06-02","Thursday","daily",TRUE,4,0,NA
"2016-06-02","Thursday","mini",FALSE,0,0,NA
"2016-06-03","Friday","daily",FALSE,0,0,NA
"2016-06-03","Friday","mini",FALSE,0,0,NA
"2016-06-04","Saturday","daily",FALSE,0,0,NA
"2016-06-04","Saturday","mini",FALSE,0,0,NA
"2016-06-05","Sunday","daily",FALSE,0,0,NA
"2016-06-05","Sunday","mini",FALSE,0,0,NA
"2016-06-06","Monday","daily",FALSE,0,0,NA
"2016-06-06","Monday","mini",FALSE,0,0,NA
"2016-06-07","Tuesday","daily",FALSE,0,0,NA
"2016-06-07","Tuesday","mini",FALSE,0,0,NA
"2016-06-08","Wednesday","daily",FALSE,0,0,NA
"2016-06-08","Wednesday","mini",FALSE,0,0,NA
"2016-06-09","Thursday","daily",FALSE,0,0,NA
"2016-06-09","Thursday","mini",FALSE,0,0,NA
"2016-06-10","Friday","daily",FALSE,0,0,NA
"2016-06-10","Friday","mini",FALSE,0,0,NA
"2016-06-11","Saturday","daily",FALSE,0,0,NA
"2016-06-11","Saturday","mini",FALSE,0,0,NA
"2016-06-12","Sunday","daily",FALSE,0,0,NA
"2016-06-12","Sunday","mini",FALSE,0,0,NA
"2016-06-13","Monday","daily",FALSE,0,0,NA
"2016-06-13","Monday","mini",FALSE,0,0,NA
"2016-06-14","Tuesday","daily",FALSE,0,0,NA
"2016-06-14","Tuesday","mini",FALSE,0,0,NA
"2016-06-15","Wednesday","daily",FALSE,0,0,NA
"2016-06-15","Wednesday","mini",FALSE,0,0,NA
"2016-06-16","Thursday","daily",FALSE,0,0,NA
"2016-06-16","Thursday","mini",FALSE,0,0,NA
"2016-06-17","Friday","daily",FALSE,0,0,NA
"2016-06-17","Friday","mini",FALSE,0,0,NA
"2016-06-18","Saturday","daily",FALSE,0,0,NA
"2016-06-18","Saturday","mini",FALSE,0,0,NA
"2016-06-19","Sunday","daily",FALSE,0,0,NA
"2016-06-19","Sunday","mini",FALSE,0,0,NA
"2016-06-20","Monday","daily",FALSE,0,0,NA
"2016-06-20","Monday","mini",FALSE,0,0,NA
"2016-06-21","Tuesday","daily",FALSE,0,0,NA
"2016-06-21","Tuesday","mini",FALSE,0,0,NA
"2016-06-22","Wednesday","daily",FALSE,0,0,NA
"2016-06-22","Wednesday","mini",FALSE,0,0,NA
"2016-06-23","Thursday","daily",FALSE,0,0,NA
"2016-06-23","Thursday","mini",FALSE,0,0,NA
"2016-06-24","Friday","daily",FALSE,0,0,NA
"2016-06-24","Friday","mini",FALSE,0,0,NA
"2016-06-25","Saturday","daily",FALSE,0,0,NA
"2016-06-25","Saturday","mini",FALSE,0,0,NA
"2016-06-26","Sunday","daily",FALSE,0,0,NA
"2016-06-26","Sunday","mini",FALSE,0,0,NA
"2016-06-27","Monday","daily",FALSE,0,0,NA
"2016-06-27","Monday","mini",FALSE,0,0,NA
"2016-06-28","Tuesday","daily",FALSE,0,0,NA
"2016-06-28","Tuesday","mini",FALSE,0,0,NA
"2016-06-29","Wednesday","daily",FALSE,0,0,NA
"2016-06-29","Wednesday","mini",FALSE,0,0,NA
"2016-06-30","Thursday","daily",FALSE,0,0,NA
"2016-06-30","Thursday","mini",FALSE,0,0,NA
"2016-07-01","Friday","daily",FALSE,0,0,NA
"2016-07-01","Friday","mini",FALSE,0,0,NA
"2016-07-02","Saturday","daily",FALSE,0,0,NA
"2016-07-02","Saturday","mini",FALSE,0,0,NA
"2016-07-03","Sunday","daily",FALSE,0,0,NA
"2016-07-03","Sunday","mini",FALSE,0,0,NA
"2016-07-04","Monday","daily",FALSE,0,0,NA
"2016-07-04","Monday","mini",FALSE,0,0,NA
"2016-07-05","Tuesday","daily",FALSE,0,0,NA
"2016-07-05","Tuesday","mini",FALSE,0,0,NA
"2016-07-06","Wednesday","daily",FALSE,0,0,NA
"2016-07-06","Wednesday","mini",FALSE,0,0,NA
"2016-07-07","Thursday","daily",TRUE,4,0,NA
"2016-07-07","Thursday","mini",FALSE,0,0,NA
"2016-07-08","Friday","daily",FALSE,0,0,NA
"2016-07-08","Friday","mini",FALSE,0,0,NA
"2016-07-09","Saturday","daily",FALSE,0,0,NA
"2016-07-09","Saturday","mini",FALSE,0,0,NA
"2016-07-10","Sunday","daily",FALSE,0,0,NA
"2016-07-10","Sunday","mini",FALSE,0,0,NA
"2016-07-11","Monday","daily",FALSE,0,0,NA
"2016-07-11","Monday","mini",FALSE,0,0,NA
"2016-07-12","Tuesday","daily",FALSE,0,0,NA
"2016-07-12","Tuesday","mini",FALSE,0,0,NA
"2016-07-13","Wednesday","daily",FALSE,0,0,NA
"2016-07-13","Wednesday","mini",FALSE,0,0,NA
"2016-07-14","Thursday","daily",FALSE,0,0,NA
"2016-07-14","Thursday","mini",FALSE,0,0,NA
"2016-07-15","Friday","daily",FALSE,0,0,NA
"2016-07-15","Friday","mini",FALSE,0,0,NA
"2016-07-16","Saturday","daily",FALSE,0,0,NA
"2016-07-16","Saturday","mini",FALSE,0,0,NA
"2016-07-17","Sunday","daily",FALSE,0,0,NA
"2016-07-17","Sunday","mini",FALSE,0,0,NA
"2016-07-18","Monday","daily",FALSE,0,0,NA
"2016-07-18","Monday","mini",FALSE,0,0,NA
"2016-07-19","Tuesday","daily",FALSE,0,0,NA
"2016-07-19","Tuesday","mini",FALSE,0,0,NA
"2016-07-20","Wednesday","daily",FALSE,0,0,NA
"2016-07-20","Wednesday","mini",FALSE,0,0,NA
"2016-07-21","Thursday","daily",FALSE,0,0,NA
"2016-07-21","Thursday","mini",FALSE,0,0,NA
"2016-07-22","Friday","daily",FALSE,0,0,NA
"2016-07-22","Friday","mini",FALSE,0,0,NA
"2016-07-23","Saturday","daily",FALSE,0,0,NA
"2016-07-23","Saturday","mini",FALSE,0,0,NA
"2016-07-24","Sunday","daily",FALSE,0,0,NA
"2016-07-24","Sunday","mini",FALSE,0,0,NA
"2016-07-25","Monday","daily",FALSE,0,0,NA
"2016-07-25","Monday","mini",FALSE,0,0,NA
"2016-07-26","Tuesday","daily",FALSE,0,0,NA
"2016-07-26","Tuesday","mini",FALSE,0,0,NA
"2016-07-27","Wednesday","daily",FALSE,0,0,NA
"2016-07-27","Wednesday","mini",FALSE,0,0,NA
"2016-07-28","Thursday","daily",FALSE,0,0,NA
"2016-07-28","Thursday","mini",FALSE,0,0,NA
"2016-07-29","Friday","daily",FALSE,0,0,NA
"2016-07-29","Friday","mini",FALSE,0,0,NA
"2016-07-30","Saturday","daily",FALSE,0,0,NA
"2016-07-30","Saturday","mini",FALSE,0,0,NA
"2016-07-31","Sunday","daily",TRUE,15,0,NA
"2016-07-31","Sunday","mini",FALSE,0,0,NA
"2016-08-01","Monday","daily",FALSE,0,0,NA
"2016-08-01","Monday","mini",FALSE,0,0,NA
"2016-08-02","Tuesday","daily",FALSE,0,0,NA
"2016-08-02","Tuesday","mini",FALSE,0,0,NA
"2016-08-03","Wednesday","daily",FALSE,0,0,NA
"2016-08-03","Wednesday","mini",FALSE,0,0,NA
"2016-08-04","Thursday","daily",FALSE,0,0,NA
"2016-08-04","Thursday","mini",FALSE,0,0,NA
"2016-08-05","Friday","daily",FALSE,0,0,NA
"2016-08-05","Friday","mini",FALSE,0,0,NA
"2016-08-06","Saturday","daily",FALSE,0,0,NA
"2016-08-06","Saturday","mini",FALSE,0,0,NA
"2016-08-07","Sunday","daily",FALSE,0,0,NA
"2016-08-07","Sunday","mini",FALSE,0,0,NA
"2016-08-08","Monday","daily",FALSE,0,0,NA
"2016-08-08","Monday","mini",FALSE,0,0,NA
"2016-08-09","Tuesday","daily",FALSE,0,0,NA
"2016-08-09","Tuesday","mini",FALSE,0,0,NA
"2016-08-10","Wednesday","daily",FALSE,0,0,NA
"2016-08-10","Wednesday","mini",FALSE,0,0,NA
"2016-08-11","Thursday","daily",FALSE,0,0,NA
"2016-08-11","Thursday","mini",FALSE,0,0,NA
"2016-08-12","Friday","daily",FALSE,0,0,NA
"2016-08-12","Friday","mini",FALSE,0,0,NA
"2016-08-13","Saturday","daily",FALSE,0,0,NA
"2016-08-13","Saturday","mini",FALSE,0,0,NA
"2016-08-14","Sunday","daily",FALSE,0,0,NA
"2016-08-14","Sunday","mini",FALSE,0,0,NA
"2016-08-15","Monday","daily",FALSE,0,0,NA
"2016-08-15","Monday","mini",FALSE,0,0,NA
"2016-08-16","Tuesday","daily",FALSE,0,0,NA
"2016-08-16","Tuesday","mini",FALSE,0,0,NA
"2016-08-17","Wednesday","daily",FALSE,0,0,NA
"2016-08-17","Wednesday","mini",FALSE,0,0,NA
"2016-08-18","Thursday","daily",FALSE,0,0,NA
"2016-08-18","Thursday","mini",FALSE,0,0,NA
"2016-08-19","Friday","daily",FALSE,0,0,NA
"2016-08-19","Friday","mini",FALSE,0,0,NA
"2016-08-20","Saturday","daily",FALSE,0,0,NA
"2016-08-20","Saturday","mini",FALSE,0,0,NA
"2016-08-21","Sunday","daily",FALSE,0,0,NA
"2016-08-21","Sunday","mini",FALSE,0,0,NA
"2016-08-22","Monday","daily",FALSE,0,0,NA
"2016-08-22","Monday","mini",FALSE,0,0,NA
"2016-08-23","Tuesday","daily",FALSE,0,0,NA
"2016-08-23","Tuesday","mini",FALSE,0,0,NA
"2016-08-24","Wednesday","daily",FALSE,0,0,NA
"2016-08-24","Wednesday","mini",FALSE,0,0,NA
"2016-08-25","Thursday","daily",TRUE,1,0,NA
"2016-08-25","Thursday","mini",FALSE,0,0,NA
"2016-08-26","Friday","daily",FALSE,0,0,NA
"2016-08-26","Friday","mini",FALSE,0,0,NA
"2016-08-27","Saturday","daily",FALSE,0,0,NA
"2016-08-27","Saturday","mini",FALSE,0,0,NA
"2016-08-28","Sunday","daily",FALSE,0,0,NA
"2016-08-28","Sunday","mini",FALSE,0,0,NA
"2016-08-29","Monday","daily",FALSE,0,0,NA
"2016-08-29","Monday","mini",FALSE,0,0,NA
"2016-08-30","Tuesday","daily",FALSE,0,0,NA
"2016-08-30","Tuesday","mini",FALSE,0,0,NA
"2016-08-31","Wednesday","daily",FALSE,0,0,NA
"2016-08-31","Wednesday","mini",FALSE,0,0,NA
"2016-09-01","Thursday","daily",TRUE,4,0,NA
"2016-09-01","Thursday","mini",FALSE,0,0,NA
"2016-09-02","Friday","daily",FALSE,0,0,NA
"2016-09-02","Friday","mini",FALSE,0,0,NA
"2016-09-03","Saturday","daily",FALSE,0,0,NA
"2016-09-03","Saturday","mini",FALSE,0,0,NA
"2016-09-04","Sunday","daily",TRUE,8,0,NA
"2016-09-04","Sunday","mini",FALSE,0,0,NA
"2016-09-05","Monday","daily",FALSE,0,0,NA
"2016-09-05","Monday","mini",FALSE,0,0,NA
"2016-09-06","Tuesday","daily",FALSE,0,0,NA
"2016-09-06","Tuesday","mini",FALSE,0,0,NA
"2016-09-07","Wednesday","daily",FALSE,0,0,NA
"2016-09-07","Wednesday","mini",FALSE,0,0,NA
"2016-09-08","Thursday","daily",FALSE,0,0,NA
"2016-09-08","Thursday","mini",FALSE,0,0,NA
"2016-09-09","Friday","daily",FALSE,0,0,NA
"2016-09-09","Friday","mini",FALSE,0,0,NA
"2016-09-10","Saturday","daily",FALSE,0,0,NA
"2016-09-10","Saturday","mini",FALSE,0,0,NA
"2016-09-11","Sunday","daily",FALSE,0,0,NA
"2016-09-11","Sunday","mini",FALSE,0,0,NA
"2016-09-12","Monday","daily",FALSE,0,0,NA
"2016-09-12","Monday","mini",FALSE,0,0,NA
"2016-09-13","Tuesday","daily",FALSE,0,0,NA
"2016-09-13","Tuesday","mini",FALSE,0,0,NA
"2016-09-14","Wednesday","daily",FALSE,0,0,NA
"2016-09-14","Wednesday","mini",FALSE,0,0,NA
"2016-09-15","Thursday","daily",FALSE,0,0,NA
"2016-09-15","Thursday","mini",FALSE,0,0,NA
"2016-09-16","Friday","daily",FALSE,0,0,NA
"2016-09-16","Friday","mini",FALSE,0,0,NA
"2016-09-17","Saturday","daily",FALSE,0,0,NA
"2016-09-17","Saturday","mini",FALSE,0,0,NA
"2016-09-18","Sunday","daily",FALSE,0,7,NA
"2016-09-18","Sunday","mini",FALSE,0,0,NA
"2016-09-19","Monday","daily",FALSE,0,0,NA
"2016-09-19","Monday","mini",FALSE,0,0,NA
"2016-09-20","Tuesday","daily",FALSE,0,0,NA
"2016-09-20","Tuesday","mini",FALSE,0,0,NA
"2016-09-21","Wednesday","daily",FALSE,0,0,NA
"2016-09-21","Wednesday","mini",FALSE,0,0,NA
"2016-09-22","Thursday","daily",FALSE,0,0,NA
"2016-09-22","Thursday","mini",FALSE,0,0,NA
"2016-09-23","Friday","daily",FALSE,0,0,NA
"2016-09-23","Friday","mini",FALSE,0,0,NA
"2016-09-24","Saturday","daily",FALSE,0,0,NA
"2016-09-24","Saturday","mini",FALSE,0,0,NA
"2016-09-25","Sunday","daily",FALSE,0,0,NA
"2016-09-25","Sunday","mini",FALSE,0,0,NA
"2016-09-26","Monday","daily",FALSE,0,0,NA
"2016-09-26","Monday","mini",FALSE,0,0,NA
"2016-09-27","Tuesday","daily",FALSE,0,0,NA
"2016-09-27","Tuesday","mini",FALSE,0,0,NA
"2016-09-28","Wednesday","daily",FALSE,0,0,NA
"2016-09-28","Wednesday","mini",FALSE,0,0,NA
"2016-09-29","Thursday","daily",FALSE,0,8,NA
"2016-09-29","Thursday","mini",FALSE,0,0,NA
"2016-09-30","Friday","daily",FALSE,0,0,NA
"2016-09-30","Friday","mini",FALSE,0,0,NA
"2016-10-01","Saturday","daily",FALSE,0,0,NA
"2016-10-01","Saturday","mini",FALSE,0,0,NA
"2016-10-02","Sunday","daily",TRUE,7,0,NA
"2016-10-02","Sunday","mini",FALSE,0,0,NA
"2016-10-03","Monday","daily",FALSE,0,0,NA
"2016-10-03","Monday","mini",FALSE,0,0,NA
"2016-10-04","Tuesday","daily",FALSE,0,0,NA
"2016-10-04","Tuesday","mini",FALSE,0,0,NA
"2016-10-05","Wednesday","daily",FALSE,0,0,NA
"2016-10-05","Wednesday","mini",FALSE,0,0,NA
"2016-10-06","Thursday","daily",FALSE,0,0,NA
"2016-10-06","Thursday","mini",FALSE,0,0,NA
"2016-10-07","Friday","daily",FALSE,0,0,NA
"2016-10-07","Friday","mini",FALSE,0,0,NA
"2016-10-08","Saturday","daily",FALSE,0,0,NA
"2016-10-08","Saturday","mini",FALSE,0,0,NA
"2016-10-09","Sunday","daily",FALSE,0,0,NA
"2016-10-09","Sunday","mini",FALSE,0,0,NA
"2016-10-10","Monday","daily",FALSE,0,0,NA
"2016-10-10","Monday","mini",FALSE,0,0,NA
"2016-10-11","Tuesday","daily",FALSE,0,0,NA
"2016-10-11","Tuesday","mini",FALSE,0,0,NA
"2016-10-12","Wednesday","daily",FALSE,0,0,NA
"2016-10-12","Wednesday","mini",FALSE,0,0,NA
"2016-10-13","Thursday","daily",FALSE,0,0,NA
"2016-10-13","Thursday","mini",FALSE,0,0,NA
"2016-10-14","Friday","daily",FALSE,0,0,NA
"2016-10-14","Friday","mini",FALSE,0,0,NA
"2016-10-15","Saturday","daily",FALSE,0,0,NA
"2016-10-15","Saturday","mini",FALSE,0,0,NA
"2016-10-16","Sunday","daily",FALSE,0,0,NA
"2016-10-16","Sunday","mini",FALSE,0,0,NA
"2016-10-17","Monday","daily",FALSE,0,0,NA
"2016-10-17","Monday","mini",FALSE,0,0,NA
"2016-10-18","Tuesday","daily",FALSE,0,0,NA
"2016-10-18","Tuesday","mini",FALSE,0,0,NA
"2016-10-19","Wednesday","daily",FALSE,0,0,NA
"2016-10-19","Wednesday","mini",FALSE,0,0,NA
"2016-10-20","Thursday","daily",FALSE,0,0,NA
"2016-10-20","Thursday","mini",FALSE,0,0,NA
"2016-10-21","Friday","daily",FALSE,0,0,NA
"2016-10-21","Friday","mini",FALSE,0,0,NA
"2016-10-22","Saturday","daily",FALSE,0,0,NA
"2016-10-22","Saturday","mini",FALSE,0,0,NA
"2016-10-23","Sunday","daily",FALSE,0,0,NA
"2016-10-23","Sunday","mini",FALSE,0,0,NA
"2016-10-24","Monday","daily",FALSE,0,0,NA
"2016-10-24","Monday","mini",FALSE,0,0,NA
"2016-10-25","Tuesday","daily",FALSE,0,0,NA
"2016-10-25","Tuesday","mini",FALSE,0,0,NA
"2016-10-26","Wednesday","daily",FALSE,0,0,NA
"2016-10-26","Wednesday","mini",FALSE,0,0,NA
"2016-10-27","Thursday","daily",FALSE,0,0,NA
"2016-10-27","Thursday","mini",FALSE,0,0,NA
"2016-10-28","Friday","daily",FALSE,0,0,NA
"2016-10-28","Friday","mini",FALSE,0,0,NA
"2016-10-29","Saturday","daily",FALSE,0,0,NA
"2016-10-29","Saturday","mini",FALSE,0,0,NA
"2016-10-30","Sunday","daily",FALSE,0,0,NA
"2016-10-30","Sunday","mini",FALSE,0,0,NA
"2016-10-31","Monday","daily",FALSE,0,0,NA
"2016-10-31","Monday","mini",FALSE,0,0,NA
"2016-11-01","Tuesday","daily",FALSE,0,0,NA
"2016-11-01","Tuesday","mini",FALSE,0,0,NA
"2016-11-02","Wednesday","daily",FALSE,0,0,NA
"2016-11-02","Wednesday","mini",FALSE,0,0,NA
"2016-11-03","Thursday","daily",TRUE,8,0,NA
"2016-11-03","Thursday","mini",FALSE,0,0,NA
"2016-11-04","Friday","daily",FALSE,0,0,NA
"2016-11-04","Friday","mini",FALSE,0,0,NA
"2016-11-05","Saturday","daily",FALSE,0,0,NA
"2016-11-05","Saturday","mini",FALSE,0,0,NA
"2016-11-06","Sunday","daily",FALSE,0,0,NA
"2016-11-06","Sunday","mini",FALSE,0,0,NA
"2016-11-07","Monday","daily",FALSE,0,0,NA
"2016-11-07","Monday","mini",FALSE,0,0,NA
"2016-11-08","Tuesday","daily",FALSE,0,0,NA
"2016-11-08","Tuesday","mini",FALSE,0,0,NA
"2016-11-09","Wednesday","daily",FALSE,0,0,NA
"2016-11-09","Wednesday","mini",FALSE,0,0,NA
"2016-11-10","Thursday","daily",FALSE,0,0,NA
"2016-11-10","Thursday","mini",FALSE,0,0,NA
"2016-11-11","Friday","daily",FALSE,0,0,NA
"2016-11-11","Friday","mini",FALSE,0,0,NA
"2016-11-12","Saturday","daily",FALSE,0,1,NA
"2016-11-12","Saturday","mini",FALSE,0,0,NA
"2016-11-13","Sunday","daily",FALSE,0,0,NA
"2016-11-13","Sunday","mini",FALSE,0,0,NA
"2016-11-14","Monday","daily",FALSE,0,0,NA
"2016-11-14","Monday","mini",FALSE,0,0,NA
"2016-11-15","Tuesday","daily",FALSE,0,0,NA
"2016-11-15","Tuesday","mini",FALSE,0,0,NA
"2016-11-16","Wednesday","daily",FALSE,0,0,NA
"2016-11-16","Wednesday","mini",FALSE,0,0,NA
"2016-11-17","Thursday","daily",FALSE,0,0,NA
"2016-11-17","Thursday","mini",FALSE,0,0,NA
"2016-11-18","Friday","daily",FALSE,0,0,NA
"2016-11-18","Friday","mini",FALSE,0,0,NA
"2016-11-19","Saturday","daily",FALSE,0,0,NA
"2016-11-19","Saturday","mini",FALSE,0,0,NA
"2016-11-20","Sunday","daily",FALSE,0,0,NA
"2016-11-20","Sunday","mini",FALSE,0,0,NA
"2016-11-21","Monday","daily",FALSE,0,0,NA
"2016-11-21","Monday","mini",FALSE,0,0,NA
"2016-11-22","Tuesday","daily",FALSE,0,0,NA
"2016-11-22","Tuesday","mini",FALSE,0,0,NA
"2016-11-23","Wednesday","daily",FALSE,0,0,NA
"2016-11-23","Wednesday","mini",FALSE,0,0,NA
"2016-11-24","Thursday","daily",FALSE,0,0,NA
"2016-11-24","Thursday","mini",FALSE,0,0,NA
"2016-11-25","Friday","daily",FALSE,0,0,NA
"2016-11-25","Friday","mini",FALSE,0,0,NA
"2016-11-26","Saturday","daily",FALSE,0,0,NA
"2016-11-26","Saturday","mini",FALSE,0,0,NA
"2016-11-27","Sunday","daily",FALSE,0,0,NA
"2016-11-27","Sunday","mini",FALSE,0,0,NA
"2016-11-28","Monday","daily",FALSE,0,0,NA
"2016-11-28","Monday","mini",FALSE,0,0,NA
"2016-11-29","Tuesday","daily",FALSE,0,0,NA
"2016-11-29","Tuesday","mini",FALSE,0,0,NA
"2016-11-30","Wednesday","daily",FALSE,0,0,NA
"2016-11-30","Wednesday","mini",FALSE,0,0,NA
"2016-12-01","Thursday","daily",FALSE,0,0,NA
"2016-12-01","Thursday","mini",FALSE,0,0,NA
"2016-12-02","Friday","daily",FALSE,0,0,NA
"2016-12-02","Friday","mini",FALSE,0,0,NA
"2016-12-03","Saturday","daily",FALSE,0,0,NA
"2016-12-03","Saturday","mini",FALSE,0,0,NA
"2016-12-04","Sunday","daily",FALSE,0,0,NA
"2016-12-04","Sunday","mini",FALSE,0,0,NA
"2016-12-05","Monday","daily",FALSE,0,0,NA
"2016-12-05","Monday","mini",FALSE,0,0,NA
"2016-12-06","Tuesday","daily",FALSE,0,0,NA
"2016-12-06","Tuesday","mini",FALSE,0,0,NA
"2016-12-07","Wednesday","daily",FALSE,0,0,NA
"2016-12-07","Wednesday","mini",FALSE,0,0,NA
"2016-12-08","Thursday","daily",FALSE,0,0,NA
"2016-12-08","Thursday","mini",FALSE,0,0,NA
"2016-12-09","Friday","daily",FALSE,0,0,NA
"2016-12-09","Friday","mini",FALSE,0,0,NA
"2016-12-10","Saturday","daily",FALSE,0,0,NA
"2016-12-10","Saturday","mini",FALSE,0,0,NA
"2016-12-11","Sunday","daily",FALSE,0,0,NA
"2016-12-11","Sunday","mini",FALSE,0,0,NA
"2016-12-12","Monday","daily",FALSE,0,0,NA
"2016-12-12","Monday","mini",FALSE,0,0,NA
"2016-12-13","Tuesday","daily",FALSE,0,0,NA
"2016-12-13","Tuesday","mini",FALSE,0,0,NA
"2016-12-14","Wednesday","daily",FALSE,0,0,NA
"2016-12-14","Wednesday","mini",FALSE,0,0,NA
"2016-12-15","Thursday","daily",TRUE,17,0,NA
"2016-12-15","Thursday","mini",FALSE,0,0,NA
"2016-12-16","Friday","daily",FALSE,0,0,NA
"2016-12-16","Friday","mini",FALSE,0,0,NA
"2016-12-17","Saturday","daily",FALSE,0,0,NA
"2016-12-17","Saturday","mini",FALSE,0,0,NA
"2016-12-18","Sunday","daily",FALSE,0,0,NA
"2016-12-18","Sunday","mini",FALSE,0,0,NA
"2016-12-19","Monday","daily",FALSE,0,0,NA
"2016-12-19","Monday","mini",FALSE,0,0,NA
"2016-12-20","Tuesday","daily",FALSE,0,0,NA
"2016-12-20","Tuesday","mini",FALSE,0,0,NA
"2016-12-21","Wednesday","daily",FALSE,0,0,NA
"2016-12-21","Wednesday","mini",FALSE,0,0,NA
"2016-12-22","Thursday","daily",FALSE,0,24,NA
"2016-12-22","Thursday","mini",FALSE,0,0,NA
"2016-12-23","Friday","daily",FALSE,0,0,NA
"2016-12-23","Friday","mini",FALSE,0,0,NA
"2016-12-24","Saturday","daily",FALSE,0,0,NA
"2016-12-24","Saturday","mini",FALSE,0,0,NA
"2016-12-25","Sunday","daily",FALSE,0,0,NA
"2016-12-25","Sunday","mini",FALSE,0,0,NA
"2016-12-26","Monday","daily",FALSE,0,0,NA
"2016-12-26","Monday","mini",FALSE,0,0,NA
"2016-12-27","Tuesday","daily",FALSE,0,0,NA
"2016-12-27","Tuesday","mini",FALSE,0,0,NA
"2016-12-28","Wednesday","daily",FALSE,0,0,NA
"2016-12-28","Wednesday","mini",FALSE,0,0,NA
"2016-12-29","Thursday","daily",FALSE,0,0,NA
"2016-12-29","Thursday","mini",FALSE,0,0,NA
"2016-12-30","Friday","daily",FALSE,0,0,NA
"2016-12-30","Friday","mini",FALSE,0,0,NA
"2016-12-31","Saturday","daily",FALSE,0,0,NA
"2016-12-31","Saturday","mini",FALSE,0,0,NA
"2017-01-01","Sunday","daily",TRUE,6,0,NA
"2017-01-01","Sunday","mini",FALSE,0,0,NA
"2017-01-02","Monday","daily",FALSE,0,0,NA
"2017-01-02","Monday","mini",FALSE,0,0,NA
"2017-01-03","Tuesday","daily",FALSE,0,0,NA
"2017-01-03","Tuesday","mini",FALSE,0,0,NA
"2017-01-04","Wednesday","daily",FALSE,0,0,NA
"2017-01-04","Wednesday","mini",FALSE,0,0,NA
"2017-01-05","Thursday","daily",FALSE,0,0,NA
"2017-01-05","Thursday","mini",FALSE,0,0,NA
"2017-01-06","Friday","daily",FALSE,0,0,NA
"2017-01-06","Friday","mini",FALSE,0,0,NA
"2017-01-07","Saturday","daily",FALSE,0,0,NA
"2017-01-07","Saturday","mini",FALSE,0,0,NA
"2017-01-08","Sunday","daily",FALSE,0,0,NA
"2017-01-08","Sunday","mini",FALSE,0,0,NA
"2017-01-09","Monday","daily",FALSE,0,0,NA
"2017-01-09","Monday","mini",FALSE,0,0,NA
"2017-01-10","Tuesday","daily",FALSE,0,0,NA
"2017-01-10","Tuesday","mini",FALSE,0,0,NA
"2017-01-11","Wednesday","daily",FALSE,0,0,NA
"2017-01-11","Wednesday","mini",FALSE,0,0,NA
"2017-01-12","Thursday","daily",FALSE,0,0,NA
"2017-01-12","Thursday","mini",FALSE,0,0,NA
"2017-01-13","Friday","daily",FALSE,0,0,NA
"2017-01-13","Friday","mini",FALSE,0,0,NA
"2017-01-14","Saturday","daily",FALSE,0,0,NA
"2017-01-14","Saturday","mini",FALSE,0,0,NA
"2017-01-15","Sunday","daily",FALSE,0,0,NA
"2017-01-15","Sunday","mini",FALSE,0,0,NA
"2017-01-16","Monday","daily",FALSE,0,0,NA
"2017-01-16","Monday","mini",FALSE,0,0,NA
"2017-01-17","Tuesday","daily",FALSE,0,0,NA
"2017-01-17","Tuesday","mini",FALSE,0,0,NA
"2017-01-18","Wednesday","daily",FALSE,0,0,NA
"2017-01-18","Wednesday","mini",FALSE,0,0,NA
"2017-01-19","Thursday","daily",FALSE,0,0,NA
"2017-01-19","Thursday","mini",FALSE,0,0,NA
"2017-01-20","Friday","daily",FALSE,0,0,NA
"2017-01-20","Friday","mini",FALSE,0,0,NA
"2017-01-21","Saturday","daily",FALSE,0,0,NA
"2017-01-21","Saturday","mini",FALSE,0,0,NA
"2017-01-22","Sunday","daily",FALSE,0,0,NA
"2017-01-22","Sunday","mini",FALSE,0,0,NA
"2017-01-23","Monday","daily",FALSE,0,0,NA
"2017-01-23","Monday","mini",FALSE,0,0,NA
"2017-01-24","Tuesday","daily",FALSE,0,0,NA
"2017-01-24","Tuesday","mini",FALSE,0,0,NA
"2017-01-25","Wednesday","daily",FALSE,0,0,NA
"2017-01-25","Wednesday","mini",FALSE,0,0,NA
"2017-01-26","Thursday","daily",TRUE,4,0,NA
"2017-01-26","Thursday","mini",FALSE,0,0,NA
"2017-01-27","Friday","daily",FALSE,0,0,NA
"2017-01-27","Friday","mini",FALSE,0,0,NA
"2017-01-28","Saturday","daily",FALSE,0,0,NA
"2017-01-28","Saturday","mini",FALSE,0,0,NA
"2017-01-29","Sunday","daily",FALSE,0,0,NA
"2017-01-29","Sunday","mini",FALSE,0,0,NA
"2017-01-30","Monday","daily",FALSE,0,0,NA
"2017-01-30","Monday","mini",FALSE,0,0,NA
"2017-01-31","Tuesday","daily",FALSE,0,0,NA
"2017-01-31","Tuesday","mini",FALSE,0,0,NA
"2017-02-01","Wednesday","daily",FALSE,0,0,NA
"2017-02-01","Wednesday","mini",FALSE,0,0,NA
"2017-02-02","Thursday","daily",FALSE,0,0,NA
"2017-02-02","Thursday","mini",FALSE,0,0,NA
"2017-02-03","Friday","daily",FALSE,0,0,NA
"2017-02-03","Friday","mini",FALSE,0,0,NA
"2017-02-04","Saturday","daily",FALSE,0,0,NA
"2017-02-04","Saturday","mini",FALSE,0,0,NA
"2017-02-05","Sunday","daily",FALSE,0,0,NA
"2017-02-05","Sunday","mini",FALSE,0,0,NA
"2017-02-06","Monday","daily",FALSE,0,0,NA
"2017-02-06","Monday","mini",FALSE,0,0,NA
"2017-02-07","Tuesday","daily",FALSE,0,0,NA
"2017-02-07","Tuesday","mini",FALSE,0,0,NA
"2017-02-08","Wednesday","daily",FALSE,0,0,NA
"2017-02-08","Wednesday","mini",FALSE,0,0,NA
"2017-02-09","Thursday","daily",FALSE,0,0,NA
"2017-02-09","Thursday","mini",FALSE,0,0,NA
"2017-02-10","Friday","daily",FALSE,0,0,NA
"2017-02-10","Friday","mini",FALSE,0,0,NA
"2017-02-11","Saturday","daily",FALSE,0,0,NA
"2017-02-11","Saturday","mini",FALSE,0,0,NA
"2017-02-12","Sunday","daily",FALSE,0,0,NA
"2017-02-12","Sunday","mini",FALSE,0,0,NA
"2017-02-13","Monday","daily",FALSE,0,0,NA
"2017-02-13","Monday","mini",FALSE,0,0,NA
"2017-02-14","Tuesday","daily",FALSE,0,0,NA
"2017-02-14","Tuesday","mini",FALSE,0,0,NA
"2017-02-15","Wednesday","daily",FALSE,0,0,NA
"2017-02-15","Wednesday","mini",FALSE,0,0,NA
"2017-02-16","Thursday","daily",TRUE,4,0,NA
"2017-02-16","Thursday","mini",FALSE,0,0,NA
"2017-02-17","Friday","daily",FALSE,0,0,NA
"2017-02-17","Friday","mini",FALSE,0,0,NA
"2017-02-18","Saturday","daily",FALSE,0,0,NA
"2017-02-18","Saturday","mini",FALSE,0,0,NA
"2017-02-19","Sunday","daily",FALSE,0,0,NA
"2017-02-19","Sunday","mini",FALSE,0,0,NA
"2017-02-20","Monday","daily",FALSE,0,0,NA
"2017-02-20","Monday","mini",FALSE,0,0,NA
"2017-02-21","Tuesday","daily",FALSE,0,0,NA
"2017-02-21","Tuesday","mini",FALSE,0,0,NA
"2017-02-22","Wednesday","daily",FALSE,0,0,NA
"2017-02-22","Wednesday","mini",FALSE,0,0,NA
"2017-02-23","Thursday","daily",FALSE,0,0,NA
"2017-02-23","Thursday","mini",FALSE,0,0,NA
"2017-02-24","Friday","daily",FALSE,0,0,NA
"2017-02-24","Friday","mini",FALSE,0,0,NA
"2017-02-25","Saturday","daily",FALSE,0,0,NA
"2017-02-25","Saturday","mini",FALSE,0,0,NA
"2017-02-26","Sunday","daily",FALSE,0,0,NA
"2017-02-26","Sunday","mini",FALSE,0,0,NA
"2017-02-27","Monday","daily",FALSE,0,0,NA
"2017-02-27","Monday","mini",FALSE,0,0,NA
"2017-02-28","Tuesday","daily",FALSE,0,0,NA
"2017-02-28","Tuesday","mini",FALSE,0,0,NA
"2017-03-01","Wednesday","daily",FALSE,0,0,NA
"2017-03-01","Wednesday","mini",FALSE,0,0,NA
"2017-03-02","Thursday","daily",FALSE,0,0,NA
"2017-03-02","Thursday","mini",FALSE,0,0,NA
"2017-03-03","Friday","daily",FALSE,0,0,NA
"2017-03-03","Friday","mini",FALSE,0,0,NA
"2017-03-04","Saturday","daily",FALSE,0,0,NA
"2017-03-04","Saturday","mini",FALSE,0,0,NA
"2017-03-05","Sunday","daily",FALSE,0,0,NA
"2017-03-05","Sunday","mini",FALSE,0,0,NA
"2017-03-06","Monday","daily",FALSE,0,0,NA
"2017-03-06","Monday","mini",FALSE,0,0,NA
"2017-03-07","Tuesday","daily",FALSE,0,0,NA
"2017-03-07","Tuesday","mini",FALSE,0,0,NA
"2017-03-08","Wednesday","daily",FALSE,0,0,NA
"2017-03-08","Wednesday","mini",FALSE,0,0,NA
"2017-03-09","Thursday","daily",TRUE,8,0,NA
"2017-03-09","Thursday","mini",FALSE,0,0,NA
"2017-03-10","Friday","daily",FALSE,0,0,NA
"2017-03-10","Friday","mini",FALSE,0,0,NA
"2017-03-11","Saturday","daily",FALSE,0,0,NA
"2017-03-11","Saturday","mini",FALSE,0,0,NA
"2017-03-12","Sunday","daily",FALSE,0,0,NA
"2017-03-12","Sunday","mini",FALSE,0,0,NA
"2017-03-13","Monday","daily",FALSE,0,0,NA
"2017-03-13","Monday","mini",FALSE,0,0,NA
"2017-03-14","Tuesday","daily",FALSE,0,0,NA
"2017-03-14","Tuesday","mini",FALSE,0,0,NA
"2017-03-15","Wednesday","daily",FALSE,0,0,NA
"2017-03-15","Wednesday","mini",FALSE,0,0,NA
"2017-03-16","Thursday","daily",FALSE,0,0,NA
"2017-03-16","Thursday","mini",FALSE,0,0,NA
"2017-03-17","Friday","daily",FALSE,0,0,NA
"2017-03-17","Friday","mini",FALSE,0,0,NA
"2017-03-18","Saturday","daily",FALSE,0,0,NA
"2017-03-18","Saturday","mini",FALSE,0,0,NA
"2017-03-19","Sunday","daily",FALSE,0,0,NA
"2017-03-19","Sunday","mini",FALSE,0,0,NA
"2017-03-20","Monday","daily",FALSE,0,0,NA
"2017-03-20","Monday","mini",FALSE,0,0,NA
"2017-03-21","Tuesday","daily",FALSE,0,0,NA
"2017-03-21","Tuesday","mini",FALSE,0,0,NA
"2017-03-22","Wednesday","daily",FALSE,0,0,NA
"2017-03-22","Wednesday","mini",FALSE,0,0,NA
"2017-03-23","Thursday","daily",FALSE,0,0,NA
"2017-03-23","Thursday","mini",FALSE,0,0,NA
"2017-03-24","Friday","daily",FALSE,0,0,NA
"2017-03-24","Friday","mini",FALSE,0,0,NA
"2017-03-25","Saturday","daily",FALSE,0,0,NA
"2017-03-25","Saturday","mini",FALSE,0,0,NA
"2017-03-26","Sunday","daily",FALSE,0,0,NA
"2017-03-26","Sunday","mini",FALSE,0,0,NA
"2017-03-27","Monday","daily",FALSE,0,0,NA
"2017-03-27","Monday","mini",FALSE,0,0,NA
"2017-03-28","Tuesday","daily",FALSE,0,0,NA
"2017-03-28","Tuesday","mini",FALSE,0,0,NA
"2017-03-29","Wednesday","daily",FALSE,0,0,NA
"2017-03-29","Wednesday","mini",FALSE,0,0,NA
"2017-03-30","Thursday","daily",FALSE,0,0,NA
"2017-03-30","Thursday","mini",FALSE,0,0,NA
"2017-03-31","Friday","daily",FALSE,0,0,NA
"2017-03-31","Friday","mini",FALSE,0,0,NA
"2017-04-01","Saturday","daily",TRUE,16,0,NA
"2017-04-01","Saturday","mini",FALSE,0,0,NA
"2017-04-02","Sunday","daily",FALSE,0,0,NA
"2017-04-02","Sunday","mini",FALSE,0,0,NA
"2017-04-03","Monday","daily",FALSE,0,0,NA
"2017-04-03","Monday","mini",FALSE,0,0,NA
"2017-04-04","Tuesday","daily",FALSE,0,0,NA
"2017-04-04","Tuesday","mini",FALSE,0,0,NA
"2017-04-05","Wednesday","daily",FALSE,0,5,NA
"2017-04-05","Wednesday","mini",FALSE,0,0,NA
"2017-04-06","Thursday","daily",FALSE,0,0,NA
"2017-04-06","Thursday","mini",FALSE,0,0,NA
"2017-04-07","Friday","daily",FALSE,0,0,NA
"2017-04-07","Friday","mini",FALSE,0,0,NA
"2017-04-08","Saturday","daily",FALSE,0,0,NA
"2017-04-08","Saturday","mini",FALSE,0,0,NA
"2017-04-09","Sunday","daily",FALSE,0,0,NA
"2017-04-09","Sunday","mini",FALSE,0,0,NA
"2017-04-10","Monday","daily",FALSE,0,0,NA
"2017-04-10","Monday","mini",FALSE,0,0,NA
"2017-04-11","Tuesday","daily",FALSE,0,0,NA
"2017-04-11","Tuesday","mini",FALSE,0,0,NA
"2017-04-12","Wednesday","daily",FALSE,0,0,NA
"2017-04-12","Wednesday","mini",FALSE,0,0,NA
"2017-04-13","Thursday","daily",TRUE,11,0,NA
"2017-04-13","Thursday","mini",FALSE,0,0,NA
"2017-04-14","Friday","daily",FALSE,0,0,NA
"2017-04-14","Friday","mini",FALSE,0,0,NA
"2017-04-15","Saturday","daily",FALSE,0,0,NA
"2017-04-15","Saturday","mini",FALSE,0,0,NA
"2017-04-16","Sunday","daily",FALSE,0,0,NA
"2017-04-16","Sunday","mini",FALSE,0,0,NA
"2017-04-17","Monday","daily",FALSE,0,0,NA
"2017-04-17","Monday","mini",FALSE,0,0,NA
"2017-04-18","Tuesday","daily",FALSE,0,0,NA
"2017-04-18","Tuesday","mini",FALSE,0,0,NA
"2017-04-19","Wednesday","daily",FALSE,0,0,NA
"2017-04-19","Wednesday","mini",FALSE,0,0,NA
"2017-04-20","Thursday","daily",FALSE,0,0,NA
"2017-04-20","Thursday","mini",FALSE,0,0,NA
"2017-04-21","Friday","daily",FALSE,0,0,NA
"2017-04-21","Friday","mini",FALSE,0,0,NA
"2017-04-22","Saturday","daily",FALSE,0,0,NA
"2017-04-22","Saturday","mini",FALSE,0,0,NA
"2017-04-23","Sunday","daily",FALSE,0,0,NA
"2017-04-23","Sunday","mini",FALSE,0,0,NA
"2017-04-24","Monday","daily",FALSE,0,0,NA
"2017-04-24","Monday","mini",FALSE,0,0,NA
"2017-04-25","Tuesday","daily",FALSE,0,0,NA
"2017-04-25","Tuesday","mini",FALSE,0,0,NA
"2017-04-26","Wednesday","daily",FALSE,0,0,NA
"2017-04-26","Wednesday","mini",FALSE,0,0,NA
"2017-04-27","Thursday","daily",FALSE,0,0,NA
"2017-04-27","Thursday","mini",FALSE,0,0,NA
"2017-04-28","Friday","daily",FALSE,0,0,NA
"2017-04-28","Friday","mini",FALSE,0,0,NA
"2017-04-29","Saturday","daily",FALSE,0,0,NA
"2017-04-29","Saturday","mini",FALSE,0,0,NA
"2017-04-30","Sunday","daily",FALSE,0,0,NA
"2017-04-30","Sunday","mini",FALSE,0,0,NA
"2017-05-01","Monday","daily",FALSE,0,0,NA
"2017-05-01","Monday","mini",FALSE,0,0,NA
"2017-05-02","Tuesday","daily",FALSE,0,0,NA
"2017-05-02","Tuesday","mini",FALSE,0,0,NA
"2017-05-03","Wednesday","daily",FALSE,0,0,NA
"2017-05-03","Wednesday","mini",FALSE,0,0,NA
"2017-05-04","Thursday","daily",FALSE,0,0,NA
"2017-05-04","Thursday","mini",FALSE,0,0,NA
"2017-05-05","Friday","daily",FALSE,0,0,NA
"2017-05-05","Friday","mini",FALSE,0,0,NA
"2017-05-06","Saturday","daily",FALSE,0,0,NA
"2017-05-06","Saturday","mini",FALSE,0,0,NA
"2017-05-07","Sunday","daily",FALSE,0,0,NA
"2017-05-07","Sunday","mini",FALSE,0,0,NA
"2017-05-08","Monday","daily",FALSE,0,0,NA
"2017-05-08","Monday","mini",FALSE,0,0,NA
"2017-05-09","Tuesday","daily",FALSE,0,0,NA
"2017-05-09","Tuesday","mini",FALSE,0,0,NA
"2017-05-10","Wednesday","daily",FALSE,0,0,NA
"2017-05-10","Wednesday","mini",FALSE,0,0,NA
"2017-05-11","Thursday","daily",FALSE,0,0,NA
"2017-05-11","Thursday","mini",FALSE,0,0,NA
"2017-05-12","Friday","daily",FALSE,0,0,NA
"2017-05-12","Friday","mini",FALSE,0,0,NA
"2017-05-13","Saturday","daily",FALSE,0,0,NA
"2017-05-13","Saturday","mini",FALSE,0,0,NA
"2017-05-14","Sunday","daily",FALSE,0,0,NA
"2017-05-14","Sunday","mini",FALSE,0,0,NA
"2017-05-15","Monday","daily",FALSE,0,0,NA
"2017-05-15","Monday","mini",FALSE,0,0,NA
"2017-05-16","Tuesday","daily",FALSE,0,0,NA
"2017-05-16","Tuesday","mini",FALSE,0,0,NA
"2017-05-17","Wednesday","daily",FALSE,0,0,NA
"2017-05-17","Wednesday","mini",FALSE,0,0,NA
"2017-05-18","Thursday","daily",TRUE,4,0,NA
"2017-05-18","Thursday","mini",FALSE,0,0,NA
"2017-05-19","Friday","daily",FALSE,0,0,NA
"2017-05-19","Friday","mini",FALSE,0,0,NA
"2017-05-20","Saturday","daily",FALSE,0,0,NA
"2017-05-20","Saturday","mini",FALSE,0,0,NA
"2017-05-21","Sunday","daily",FALSE,0,0,NA
"2017-05-21","Sunday","mini",FALSE,0,0,NA
"2017-05-22","Monday","daily",FALSE,0,0,NA
"2017-05-22","Monday","mini",FALSE,0,0,NA
"2017-05-23","Tuesday","daily",FALSE,0,0,NA
"2017-05-23","Tuesday","mini",FALSE,0,0,NA
"2017-05-24","Wednesday","daily",FALSE,0,0,NA
"2017-05-24","Wednesday","mini",FALSE,0,0,NA
"2017-05-25","Thursday","daily",FALSE,0,0,NA
"2017-05-25","Thursday","mini",FALSE,0,0,NA
"2017-05-26","Friday","daily",FALSE,0,0,NA
"2017-05-26","Friday","mini",FALSE,0,0,NA
"2017-05-27","Saturday","daily",FALSE,0,0,NA
"2017-05-27","Saturday","mini",FALSE,0,0,NA
"2017-05-28","Sunday","daily",FALSE,0,0,NA
"2017-05-28","Sunday","mini",FALSE,0,0,NA
"2017-05-29","Monday","daily",FALSE,0,0,NA
"2017-05-29","Monday","mini",FALSE,0,0,NA
"2017-05-30","Tuesday","daily",FALSE,0,0,NA
"2017-05-30","Tuesday","mini",FALSE,0,0,NA
"2017-05-31","Wednesday","daily",FALSE,0,0,NA
"2017-05-31","Wednesday","mini",FALSE,0,0,NA
"2017-06-01","Thursday","daily",TRUE,1,0,NA
"2017-06-01","Thursday","mini",FALSE,0,0,NA
"2017-06-02","Friday","daily",FALSE,0,0,NA
"2017-06-02","Friday","mini",FALSE,0,0,NA
"2017-06-03","Saturday","daily",FALSE,0,0,NA
"2017-06-03","Saturday","mini",FALSE,0,0,NA
"2017-06-04","Sunday","daily",FALSE,0,0,NA
"2017-06-04","Sunday","mini",FALSE,0,0,NA
"2017-06-05","Monday","daily",FALSE,0,0,NA
"2017-06-05","Monday","mini",FALSE,0,0,NA
"2017-06-06","Tuesday","daily",FALSE,0,0,NA
"2017-06-06","Tuesday","mini",FALSE,0,0,NA
"2017-06-07","Wednesday","daily",FALSE,0,0,NA
"2017-06-07","Wednesday","mini",FALSE,0,0,NA
"2017-06-08","Thursday","daily",FALSE,0,0,NA
"2017-06-08","Thursday","mini",FALSE,0,0,NA
"2017-06-09","Friday","daily",FALSE,0,0,NA
"2017-06-09","Friday","mini",FALSE,0,0,NA
"2017-06-10","Saturday","daily",FALSE,0,0,NA
"2017-06-10","Saturday","mini",FALSE,0,0,NA
"2017-06-11","Sunday","daily",FALSE,0,0,NA
"2017-06-11","Sunday","mini",FALSE,0,0,NA
"2017-06-12","Monday","daily",FALSE,0,0,NA
"2017-06-12","Monday","mini",FALSE,0,0,NA
"2017-06-13","Tuesday","daily",FALSE,0,0,NA
"2017-06-13","Tuesday","mini",FALSE,0,0,NA
"2017-06-14","Wednesday","daily",FALSE,0,0,NA
"2017-06-14","Wednesday","mini",FALSE,0,0,NA
"2017-06-15","Thursday","daily",FALSE,0,0,NA
"2017-06-15","Thursday","mini",FALSE,0,0,NA
"2017-06-16","Friday","daily",FALSE,0,0,NA
"2017-06-16","Friday","mini",FALSE,0,0,NA
"2017-06-17","Saturday","daily",FALSE,0,0,NA
"2017-06-17","Saturday","mini",FALSE,0,0,NA
"2017-06-18","Sunday","daily",FALSE,0,0,NA
"2017-06-18","Sunday","mini",FALSE,0,0,NA
"2017-06-19","Monday","daily",FALSE,0,0,NA
"2017-06-19","Monday","mini",FALSE,0,0,NA
"2017-06-20","Tuesday","daily",FALSE,0,0,NA
"2017-06-20","Tuesday","mini",FALSE,0,0,NA
"2017-06-21","Wednesday","daily",FALSE,0,0,NA
"2017-06-21","Wednesday","mini",FALSE,0,0,NA
"2017-06-22","Thursday","daily",FALSE,0,0,NA
"2017-06-22","Thursday","mini",FALSE,0,0,NA
"2017-06-23","Friday","daily",FALSE,0,0,NA
"2017-06-23","Friday","mini",FALSE,0,0,NA
"2017-06-24","Saturday","daily",FALSE,0,0,NA
"2017-06-24","Saturday","mini",FALSE,0,0,NA
"2017-06-25","Sunday","daily",TRUE,14,0,NA
"2017-06-25","Sunday","mini",FALSE,0,0,NA
"2017-06-26","Monday","daily",FALSE,0,0,NA
"2017-06-26","Monday","mini",FALSE,0,0,NA
"2017-06-27","Tuesday","daily",FALSE,0,0,NA
"2017-06-27","Tuesday","mini",FALSE,0,0,NA
"2017-06-28","Wednesday","daily",FALSE,0,0,NA
"2017-06-28","Wednesday","mini",FALSE,0,0,NA
"2017-06-29","Thursday","daily",FALSE,0,0,NA
"2017-06-29","Thursday","mini",FALSE,0,0,NA
"2017-06-30","Friday","daily",FALSE,0,0,NA
"2017-06-30","Friday","mini",FALSE,0,0,NA
"2017-07-01","Saturday","daily",FALSE,0,0,NA
"2017-07-01","Saturday","mini",FALSE,0,0,NA
"2017-07-02","Sunday","daily",FALSE,0,0,NA
"2017-07-02","Sunday","mini",FALSE,0,0,NA
"2017-07-03","Monday","daily",FALSE,0,0,NA
"2017-07-03","Monday","mini",FALSE,0,0,NA
"2017-07-04","Tuesday","daily",FALSE,0,0,NA
"2017-07-04","Tuesday","mini",FALSE,0,0,NA
"2017-07-05","Wednesday","daily",FALSE,0,0,NA
"2017-07-05","Wednesday","mini",FALSE,0,0,NA
"2017-07-06","Thursday","daily",FALSE,0,0,NA
"2017-07-06","Thursday","mini",FALSE,0,0,NA
"2017-07-07","Friday","daily",FALSE,0,0,NA
"2017-07-07","Friday","mini",FALSE,0,0,NA
"2017-07-08","Saturday","daily",FALSE,0,0,NA
"2017-07-08","Saturday","mini",FALSE,0,0,NA
"2017-07-09","Sunday","daily",FALSE,0,0,NA
"2017-07-09","Sunday","mini",FALSE,0,0,NA
"2017-07-10","Monday","daily",FALSE,0,0,NA
"2017-07-10","Monday","mini",FALSE,0,0,NA
"2017-07-11","Tuesday","daily",FALSE,0,0,NA
"2017-07-11","Tuesday","mini",FALSE,0,0,NA
"2017-07-12","Wednesday","daily",FALSE,0,0,NA
"2017-07-12","Wednesday","mini",FALSE,0,0,NA
"2017-07-13","Thursday","daily",FALSE,0,0,NA
"2017-07-13","Thursday","mini",FALSE,0,0,NA
"2017-07-14","Friday","daily",FALSE,0,0,NA
"2017-07-14","Friday","mini",FALSE,0,0,NA
"2017-07-15","Saturday","daily",FALSE,0,0,NA
"2017-07-15","Saturday","mini",FALSE,0,0,NA
"2017-07-16","Sunday","daily",FALSE,0,0,NA
"2017-07-16","Sunday","mini",FALSE,0,0,NA
"2017-07-17","Monday","daily",FALSE,0,0,NA
"2017-07-17","Monday","mini",FALSE,0,0,NA
"2017-07-18","Tuesday","daily",FALSE,0,0,NA
"2017-07-18","Tuesday","mini",FALSE,0,0,NA
"2017-07-19","Wednesday","daily",FALSE,0,0,NA
"2017-07-19","Wednesday","mini",FALSE,0,0,NA
"2017-07-20","Thursday","daily",FALSE,0,0,NA
"2017-07-20","Thursday","mini",FALSE,0,0,NA
"2017-07-21","Friday","daily",FALSE,0,0,NA
"2017-07-21","Friday","mini",FALSE,0,0,NA
"2017-07-22","Saturday","daily",FALSE,0,0,NA
"2017-07-22","Saturday","mini",FALSE,0,0,NA
"2017-07-23","Sunday","daily",FALSE,0,0,NA
"2017-07-23","Sunday","mini",FALSE,0,0,NA
"2017-07-24","Monday","daily",FALSE,0,0,NA
"2017-07-24","Monday","mini",FALSE,0,0,NA
"2017-07-25","Tuesday","daily",FALSE,0,0,NA
"2017-07-25","Tuesday","mini",FALSE,0,0,NA
"2017-07-26","Wednesday","daily",FALSE,0,0,NA
"2017-07-26","Wednesday","mini",FALSE,0,0,NA
"2017-07-27","Thursday","daily",FALSE,0,0,NA
"2017-07-27","Thursday","mini",FALSE,0,0,NA
"2017-07-28","Friday","daily",FALSE,0,0,NA
"2017-07-28","Friday","mini",FALSE,0,0,NA
"2017-07-29","Saturday","daily",FALSE,0,0,NA
"2017-07-29","Saturday","mini",FALSE,0,0,NA
"2017-07-30","Sunday","daily",FALSE,0,0,NA
"2017-07-30","Sunday","mini",FALSE,0,0,NA
"2017-07-31","Monday","daily",FALSE,0,0,NA
"2017-07-31","Monday","mini",FALSE,0,0,NA
"2017-08-01","Tuesday","daily",FALSE,0,0,NA
"2017-08-01","Tuesday","mini",FALSE,0,0,NA
"2017-08-02","Wednesday","daily",FALSE,0,0,NA
"2017-08-02","Wednesday","mini",FALSE,0,0,NA
"2017-08-03","Thursday","daily",FALSE,0,0,NA
"2017-08-03","Thursday","mini",FALSE,0,0,NA
"2017-08-04","Friday","daily",FALSE,0,0,NA
"2017-08-04","Friday","mini",FALSE,0,0,NA
"2017-08-05","Saturday","daily",FALSE,0,0,NA
"2017-08-05","Saturday","mini",FALSE,0,0,NA
"2017-08-06","Sunday","daily",FALSE,0,0,NA
"2017-08-06","Sunday","mini",FALSE,0,0,NA
"2017-08-07","Monday","daily",FALSE,0,0,NA
"2017-08-07","Monday","mini",FALSE,0,0,NA
"2017-08-08","Tuesday","daily",FALSE,0,0,NA
"2017-08-08","Tuesday","mini",FALSE,0,0,NA
"2017-08-09","Wednesday","daily",FALSE,0,0,NA
"2017-08-09","Wednesday","mini",FALSE,0,0,NA
"2017-08-10","Thursday","daily",FALSE,0,0,NA
"2017-08-10","Thursday","mini",FALSE,0,0,NA
"2017-08-11","Friday","daily",FALSE,0,0,NA
"2017-08-11","Friday","mini",FALSE,0,0,NA
"2017-08-12","Saturday","daily",FALSE,0,0,NA
"2017-08-12","Saturday","mini",FALSE,0,0,NA
"2017-08-13","Sunday","daily",TRUE,1,0,NA
"2017-08-13","Sunday","mini",FALSE,0,0,NA
"2017-08-14","Monday","daily",FALSE,0,0,NA
"2017-08-14","Monday","mini",FALSE,0,0,NA
"2017-08-15","Tuesday","daily",FALSE,0,0,NA
"2017-08-15","Tuesday","mini",FALSE,0,0,NA
"2017-08-16","Wednesday","daily",FALSE,0,0,NA
"2017-08-16","Wednesday","mini",FALSE,0,0,NA
"2017-08-17","Thursday","daily",FALSE,0,0,NA
"2017-08-17","Thursday","mini",FALSE,0,0,NA
"2017-08-18","Friday","daily",FALSE,0,0,NA
"2017-08-18","Friday","mini",FALSE,0,0,NA
"2017-08-19","Saturday","daily",FALSE,0,0,NA
"2017-08-19","Saturday","mini",FALSE,0,0,NA
"2017-08-20","Sunday","daily",FALSE,0,0,NA
"2017-08-20","Sunday","mini",FALSE,0,0,NA
"2017-08-21","Monday","daily",FALSE,0,0,NA
"2017-08-21","Monday","mini",FALSE,0,0,NA
"2017-08-22","Tuesday","daily",FALSE,0,0,NA
"2017-08-22","Tuesday","mini",FALSE,0,0,NA
"2017-08-23","Wednesday","daily",FALSE,0,0,NA
"2017-08-23","Wednesday","mini",FALSE,0,0,NA
"2017-08-24","Thursday","daily",FALSE,0,12,NA
"2017-08-24","Thursday","mini",FALSE,0,0,NA
"2017-08-25","Friday","daily",FALSE,0,0,NA
"2017-08-25","Friday","mini",FALSE,0,0,NA
"2017-08-26","Saturday","daily",FALSE,0,0,NA
"2017-08-26","Saturday","mini",FALSE,0,0,NA
"2017-08-27","Sunday","daily",FALSE,0,0,NA
"2017-08-27","Sunday","mini",FALSE,0,0,NA
"2017-08-28","Monday","daily",FALSE,0,0,NA
"2017-08-28","Monday","mini",FALSE,0,0,NA
"2017-08-29","Tuesday","daily",FALSE,0,0,NA
"2017-08-29","Tuesday","mini",FALSE,0,0,NA
"2017-08-30","Wednesday","daily",FALSE,0,0,NA
"2017-08-30","Wednesday","mini",FALSE,0,0,NA
"2017-08-31","Thursday","daily",TRUE,4,0,NA
"2017-08-31","Thursday","mini",FALSE,0,0,NA
"2017-09-01","Friday","daily",FALSE,0,0,NA
"2017-09-01","Friday","mini",FALSE,0,0,NA
"2017-09-02","Saturday","daily",FALSE,0,0,NA
"2017-09-02","Saturday","mini",FALSE,0,0,NA
"2017-09-03","Sunday","daily",FALSE,0,0,NA
"2017-09-03","Sunday","mini",FALSE,0,0,NA
"2017-09-04","Monday","daily",FALSE,0,0,NA
"2017-09-04","Monday","mini",FALSE,0,0,NA
"2017-09-05","Tuesday","daily",FALSE,0,0,NA
"2017-09-05","Tuesday","mini",FALSE,0,0,NA
"2017-09-06","Wednesday","daily",FALSE,0,0,NA
"2017-09-06","Wednesday","mini",FALSE,0,0,NA
"2017-09-07","Thursday","daily",FALSE,0,0,NA
"2017-09-07","Thursday","mini",FALSE,0,0,NA
"2017-09-08","Friday","daily",FALSE,0,0,NA
"2017-09-08","Friday","mini",FALSE,0,0,NA
"2017-09-09","Saturday","daily",FALSE,0,0,NA
"2017-09-09","Saturday","mini",FALSE,0,0,NA
"2017-09-10","Sunday","daily",FALSE,0,0,NA
"2017-09-10","Sunday","mini",FALSE,0,0,NA
"2017-09-11","Monday","daily",FALSE,0,0,NA
"2017-09-11","Monday","mini",FALSE,0,0,NA
"2017-09-12","Tuesday","daily",FALSE,0,0,NA
"2017-09-12","Tuesday","mini",FALSE,0,0,NA
"2017-09-13","Wednesday","daily",FALSE,0,0,NA
"2017-09-13","Wednesday","mini",FALSE,0,0,NA
"2017-09-14","Thursday","daily",FALSE,0,0,NA
"2017-09-14","Thursday","mini",FALSE,0,0,NA
"2017-09-15","Friday","daily",FALSE,0,0,NA
"2017-09-15","Friday","mini",FALSE,0,0,NA
"2017-09-16","Saturday","daily",FALSE,0,0,NA
"2017-09-16","Saturday","mini",FALSE,0,0,NA
"2017-09-17","Sunday","daily",FALSE,0,0,NA
"2017-09-17","Sunday","mini",FALSE,0,0,NA
"2017-09-18","Monday","daily",FALSE,0,0,NA
"2017-09-18","Monday","mini",FALSE,0,0,NA
"2017-09-19","Tuesday","daily",FALSE,0,0,NA
"2017-09-19","Tuesday","mini",FALSE,0,0,NA
"2017-09-20","Wednesday","daily",FALSE,0,0,NA
"2017-09-20","Wednesday","mini",FALSE,0,0,NA
"2017-09-21","Thursday","daily",FALSE,0,0,NA
"2017-09-21","Thursday","mini",FALSE,0,0,NA
"2017-09-22","Friday","daily",FALSE,0,0,NA
"2017-09-22","Friday","mini",FALSE,0,0,NA
"2017-09-23","Saturday","daily",FALSE,0,0,NA
"2017-09-23","Saturday","mini",FALSE,0,0,NA
"2017-09-24","Sunday","daily",FALSE,0,0,NA
"2017-09-24","Sunday","mini",FALSE,0,0,NA
"2017-09-25","Monday","daily",FALSE,0,0,NA
"2017-09-25","Monday","mini",FALSE,0,0,NA
"2017-09-26","Tuesday","daily",FALSE,0,0,NA
"2017-09-26","Tuesday","mini",FALSE,0,0,NA
"2017-09-27","Wednesday","daily",FALSE,0,0,NA
"2017-09-27","Wednesday","mini",FALSE,0,0,NA
"2017-09-28","Thursday","daily",FALSE,0,0,NA
"2017-09-28","Thursday","mini",FALSE,0,0,NA
"2017-09-29","Friday","daily",FALSE,0,0,NA
"2017-09-29","Friday","mini",FALSE,0,0,NA
"2017-09-30","Saturday","daily",FALSE,0,0,NA
"2017-09-30","Saturday","mini",FALSE,0,0,NA
"2017-10-01","Sunday","daily",FALSE,0,0,NA
"2017-10-01","Sunday","mini",FALSE,0,0,NA
"2017-10-02","Monday","daily",FALSE,0,0,NA
"2017-10-02","Monday","mini",FALSE,0,0,NA
"2017-10-03","Tuesday","daily",FALSE,0,0,NA
"2017-10-03","Tuesday","mini",FALSE,0,0,NA
"2017-10-04","Wednesday","daily",FALSE,0,0,NA
"2017-10-04","Wednesday","mini",FALSE,0,0,NA
"2017-10-05","Thursday","daily",FALSE,0,0,NA
"2017-10-05","Thursday","mini",FALSE,0,0,NA
"2017-10-06","Friday","daily",FALSE,0,0,NA
"2017-10-06","Friday","mini",FALSE,0,0,NA
"2017-10-07","Saturday","daily",FALSE,0,0,NA
"2017-10-07","Saturday","mini",FALSE,0,0,NA
"2017-10-08","Sunday","daily",FALSE,0,0,NA
"2017-10-08","Sunday","mini",FALSE,0,0,NA
"2017-10-09","Monday","daily",FALSE,0,0,NA
"2017-10-09","Monday","mini",FALSE,0,0,NA
"2017-10-10","Tuesday","daily",FALSE,0,0,NA
"2017-10-10","Tuesday","mini",FALSE,0,0,NA
"2017-10-11","Wednesday","daily",FALSE,0,0,NA
"2017-10-11","Wednesday","mini",FALSE,0,0,NA
"2017-10-12","Thursday","daily",FALSE,0,0,NA
"2017-10-12","Thursday","mini",FALSE,0,0,NA
"2017-10-13","Friday","daily",FALSE,0,0,NA
"2017-10-13","Friday","mini",FALSE,0,0,NA
"2017-10-14","Saturday","daily",FALSE,0,0,NA
"2017-10-14","Saturday","mini",FALSE,0,0,NA
"2017-10-15","Sunday","daily",FALSE,0,0,NA
"2017-10-15","Sunday","mini",FALSE,0,0,NA
"2017-10-16","Monday","daily",FALSE,0,0,NA
"2017-10-16","Monday","mini",FALSE,0,0,NA
"2017-10-17","Tuesday","daily",FALSE,0,0,NA
"2017-10-17","Tuesday","mini",FALSE,0,0,NA
"2017-10-18","Wednesday","daily",FALSE,0,0,NA
"2017-10-18","Wednesday","mini",FALSE,0,0,NA
"2017-10-19","Thursday","daily",FALSE,0,0,NA
"2017-10-19","Thursday","mini",FALSE,0,0,NA
"2017-10-20","Friday","daily",FALSE,0,0,NA
"2017-10-20","Friday","mini",FALSE,0,0,NA
"2017-10-21","Saturday","daily",FALSE,0,0,NA
"2017-10-21","Saturday","mini",FALSE,0,0,NA
"2017-10-22","Sunday","daily",FALSE,0,0,NA
"2017-10-22","Sunday","mini",FALSE,0,0,NA
"2017-10-23","Monday","daily",FALSE,0,0,NA
"2017-10-23","Monday","mini",FALSE,0,0,NA
"2017-10-24","Tuesday","daily",FALSE,0,0,NA
"2017-10-24","Tuesday","mini",FALSE,0,0,NA
"2017-10-25","Wednesday","daily",FALSE,0,0,NA
"2017-10-25","Wednesday","mini",FALSE,0,0,NA
"2017-10-26","Thursday","daily",TRUE,3,0,NA
"2017-10-26","Thursday","mini",FALSE,0,0,NA
"2017-10-27","Friday","daily",FALSE,0,0,NA
"2017-10-27","Friday","mini",FALSE,0,0,NA
"2017-10-28","Saturday","daily",FALSE,0,0,NA
"2017-10-28","Saturday","mini",FALSE,0,0,NA
"2017-10-29","Sunday","daily",FALSE,0,0,NA
"2017-10-29","Sunday","mini",FALSE,0,0,NA
"2017-10-30","Monday","daily",FALSE,0,0,NA
"2017-10-30","Monday","mini",FALSE,0,0,NA
"2017-10-31","Tuesday","daily",FALSE,0,0,NA
"2017-10-31","Tuesday","mini",FALSE,0,0,NA
"2017-11-01","Wednesday","daily",FALSE,0,0,NA
"2017-11-01","Wednesday","mini",FALSE,0,0,NA
"2017-11-02","Thursday","daily",FALSE,0,0,NA
"2017-11-02","Thursday","mini",FALSE,0,0,NA
"2017-11-03","Friday","daily",FALSE,0,0,NA
"2017-11-03","Friday","mini",FALSE,0,0,NA
"2017-11-04","Saturday","daily",FALSE,0,0,NA
"2017-11-04","Saturday","mini",FALSE,0,0,NA
"2017-11-05","Sunday","daily",FALSE,0,0,NA
"2017-11-05","Sunday","mini",FALSE,0,0,NA
"2017-11-06","Monday","daily",FALSE,0,0,NA
"2017-11-06","Monday","mini",FALSE,0,0,NA
"2017-11-07","Tuesday","daily",FALSE,0,0,NA
"2017-11-07","Tuesday","mini",FALSE,0,0,NA
"2017-11-08","Wednesday","daily",FALSE,0,0,NA
"2017-11-08","Wednesday","mini",FALSE,0,0,NA
"2017-11-09","Thursday","daily",FALSE,0,0,NA
"2017-11-09","Thursday","mini",FALSE,0,0,NA
"2017-11-10","Friday","daily",FALSE,0,0,NA
"2017-11-10","Friday","mini",FALSE,0,0,NA
"2017-11-11","Saturday","daily",FALSE,0,0,NA
"2017-11-11","Saturday","mini",FALSE,0,0,NA
"2017-11-12","Sunday","daily",FALSE,0,0,NA
"2017-11-12","Sunday","mini",FALSE,0,0,NA
"2017-11-13","Monday","daily",FALSE,0,0,NA
"2017-11-13","Monday","mini",FALSE,0,0,NA
"2017-11-14","Tuesday","daily",FALSE,0,0,NA
"2017-11-14","Tuesday","mini",FALSE,0,0,NA
"2017-11-15","Wednesday","daily",FALSE,0,0,NA
"2017-11-15","Wednesday","mini",FALSE,0,0,NA
"2017-11-16","Thursday","daily",FALSE,0,0,NA
"2017-11-16","Thursday","mini",FALSE,0,0,NA
"2017-11-17","Friday","daily",FALSE,0,0,NA
"2017-11-17","Friday","mini",FALSE,0,0,NA
"2017-11-18","Saturday","daily",FALSE,0,0,NA
"2017-11-18","Saturday","mini",FALSE,0,0,NA
"2017-11-19","Sunday","daily",FALSE,0,0,NA
"2017-11-19","Sunday","mini",FALSE,0,0,NA
"2017-11-20","Monday","daily",FALSE,0,0,NA
"2017-11-20","Monday","mini",FALSE,0,0,NA
"2017-11-21","Tuesday","daily",FALSE,0,0,NA
"2017-11-21","Tuesday","mini",FALSE,0,0,NA
"2017-11-22","Wednesday","daily",FALSE,0,0,NA
"2017-11-22","Wednesday","mini",FALSE,0,0,NA
"2017-11-23","Thursday","daily",FALSE,0,0,NA
"2017-11-23","Thursday","mini",FALSE,0,0,NA
"2017-11-24","Friday","daily",FALSE,0,0,NA
"2017-11-24","Friday","mini",FALSE,0,0,NA
"2017-11-25","Saturday","daily",FALSE,0,0,NA
"2017-11-25","Saturday","mini",FALSE,0,0,NA
"2017-11-26","Sunday","daily",FALSE,0,0,NA
"2017-11-26","Sunday","mini",FALSE,0,0,NA
"2017-11-27","Monday","daily",FALSE,0,0,NA
"2017-11-27","Monday","mini",FALSE,0,0,NA
"2017-11-28","Tuesday","daily",FALSE,0,0,NA
"2017-11-28","Tuesday","mini",FALSE,0,0,NA
"2017-11-29","Wednesday","daily",FALSE,0,0,NA
"2017-11-29","Wednesday","mini",FALSE,0,0,NA
"2017-11-30","Thursday","daily",FALSE,0,0,NA
"2017-11-30","Thursday","mini",FALSE,0,0,NA
"2017-12-01","Friday","daily",FALSE,0,0,NA
"2017-12-01","Friday","mini",FALSE,0,0,NA
"2017-12-02","Saturday","daily",FALSE,0,0,NA
"2017-12-02","Saturday","mini",FALSE,0,0,NA
"2017-12-03","Sunday","daily",TRUE,1,0,NA
"2017-12-03","Sunday","mini",FALSE,0,0,NA
"2017-12-04","Monday","daily",FALSE,0,0,NA
"2017-12-04","Monday","mini",FALSE,0,0,NA
"2017-12-05","Tuesday","daily",FALSE,0,0,NA
"2017-12-05","Tuesday","mini",FALSE,0,0,NA
"2017-12-06","Wednesday","daily",FALSE,0,0,NA
"2017-12-06","Wednesday","mini",FALSE,0,0,NA
"2017-12-07","Thursday","daily",FALSE,0,0,NA
"2017-12-07","Thursday","mini",FALSE,0,0,NA
"2017-12-08","Friday","daily",FALSE,0,0,NA
"2017-12-08","Friday","mini",FALSE,0,0,NA
"2017-12-09","Saturday","daily",FALSE,0,0,NA
"2017-12-09","Saturday","mini",FALSE,0,0,NA
"2017-12-10","Sunday","daily",TRUE,8,0,NA
"2017-12-10","Sunday","mini",FALSE,0,0,NA
"2017-12-11","Monday","daily",FALSE,0,0,NA
"2017-12-11","Monday","mini",FALSE,0,0,NA
"2017-12-12","Tuesday","daily",FALSE,0,0,NA
"2017-12-12","Tuesday","mini",FALSE,0,0,NA
"2017-12-13","Wednesday","daily",FALSE,0,0,NA
"2017-12-13","Wednesday","mini",FALSE,0,0,NA
"2017-12-14","Thursday","daily",FALSE,0,0,NA
"2017-12-14","Thursday","mini",FALSE,0,0,NA
"2017-12-15","Friday","daily",FALSE,0,0,NA
"2017-12-15","Friday","mini",FALSE,0,0,NA
"2017-12-16","Saturday","daily",FALSE,0,0,NA
"2017-12-16","Saturday","mini",FALSE,0,0,NA
"2017-12-17","Sunday","daily",FALSE,0,0,NA
"2017-12-17","Sunday","mini",FALSE,0,0,NA
"2017-12-18","Monday","daily",FALSE,0,0,NA
"2017-12-18","Monday","mini",FALSE,0,0,NA
"2017-12-19","Tuesday","daily",FALSE,0,0,NA
"2017-12-19","Tuesday","mini",FALSE,0,0,NA
"2017-12-20","Wednesday","daily",FALSE,0,0,NA
"2017-12-20","Wednesday","mini",FALSE,0,0,NA
"2017-12-21","Thursday","daily",FALSE,0,0,NA
"2017-12-21","Thursday","mini",FALSE,0,0,NA
"2017-12-22","Friday","daily",FALSE,0,0,NA
"2017-12-22","Friday","mini",FALSE,0,0,NA
"2017-12-23","Saturday","daily",FALSE,0,0,NA
"2017-12-23","Saturday","mini",FALSE,0,0,NA
"2017-12-24","Sunday","daily",TRUE,1,0,NA
"2017-12-24","Sunday","mini",FALSE,0,0,NA
"2017-12-25","Monday","daily",FALSE,0,0,NA
"2017-12-25","Monday","mini",FALSE,0,0,NA
"2017-12-26","Tuesday","daily",FALSE,0,0,NA
"2017-12-26","Tuesday","mini",FALSE,0,0,NA
"2017-12-27","Wednesday","daily",FALSE,0,0,NA
"2017-12-27","Wednesday","mini",FALSE,0,0,NA
"2017-12-28","Thursday","daily",FALSE,0,0,NA
"2017-12-28","Thursday","mini",FALSE,0,0,NA
"2017-12-29","Friday","daily",FALSE,0,0,NA
"2017-12-29","Friday","mini",FALSE,0,0,NA
"2017-12-30","Saturday","daily",FALSE,0,0,NA
"2017-12-30","Saturday","mini",FALSE,0,0,NA
"2017-12-31","Sunday","daily",FALSE,0,0,NA
"2017-12-31","Sunday","mini",FALSE,0,0,NA
"2018-01-01","Monday","daily",FALSE,0,0,NA
"2018-01-01","Monday","mini",FALSE,0,0,NA
"2018-01-02","Tuesday","daily",FALSE,0,0,NA
"2018-01-02","Tuesday","mini",FALSE,0,0,NA
"2018-01-03","Wednesday","daily",FALSE,0,0,NA
"2018-01-03","Wednesday","mini",FALSE,0,0,NA
"2018-01-04","Thursday","daily",FALSE,0,0,NA
"2018-01-04","Thursday","mini",FALSE,0,0,NA
"2018-01-05","Friday","daily",FALSE,0,0,NA
"2018-01-05","Friday","mini",FALSE,0,0,NA
"2018-01-06","Saturday","daily",FALSE,0,0,NA
"2018-01-06","Saturday","mini",FALSE,0,0,NA
"2018-01-07","Sunday","daily",TRUE,31,0,NA
"2018-01-07","Sunday","mini",FALSE,0,0,NA
"2018-01-08","Monday","daily",FALSE,0,0,NA
"2018-01-08","Monday","mini",FALSE,0,0,NA
"2018-01-09","Tuesday","daily",FALSE,0,0,NA
"2018-01-09","Tuesday","mini",FALSE,0,0,NA
"2018-01-10","Wednesday","daily",FALSE,0,0,NA
"2018-01-10","Wednesday","mini",FALSE,0,0,NA
"2018-01-11","Thursday","daily",FALSE,0,3,NA
"2018-01-11","Thursday","mini",FALSE,0,0,NA
"2018-01-12","Friday","daily",FALSE,0,0,NA
"2018-01-12","Friday","mini",FALSE,0,0,NA
"2018-01-13","Saturday","daily",FALSE,0,0,NA
"2018-01-13","Saturday","mini",FALSE,0,0,NA
"2018-01-14","Sunday","daily",FALSE,0,0,NA
"2018-01-14","Sunday","mini",FALSE,0,0,NA
"2018-01-15","Monday","daily",FALSE,0,0,NA
"2018-01-15","Monday","mini",FALSE,0,0,NA
"2018-01-16","Tuesday","daily",FALSE,0,0,NA
"2018-01-16","Tuesday","mini",FALSE,0,0,NA
"2018-01-17","Wednesday","daily",FALSE,0,0,NA
"2018-01-17","Wednesday","mini",FALSE,0,0,NA
"2018-01-18","Thursday","daily",FALSE,0,0,NA
"2018-01-18","Thursday","mini",FALSE,0,0,NA
"2018-01-19","Friday","daily",FALSE,0,0,NA
"2018-01-19","Friday","mini",FALSE,0,0,NA
"2018-01-20","Saturday","daily",FALSE,0,0,NA
"2018-01-20","Saturday","mini",FALSE,0,0,NA
"2018-01-21","Sunday","daily",FALSE,0,0,NA
"2018-01-21","Sunday","mini",FALSE,0,0,NA
"2018-01-22","Monday","daily",FALSE,0,0,NA
"2018-01-22","Monday","mini",FALSE,0,0,NA
"2018-01-23","Tuesday","daily",FALSE,0,0,NA
"2018-01-23","Tuesday","mini",FALSE,0,3,NA
"2018-01-24","Wednesday","daily",FALSE,0,0,NA
"2018-01-24","Wednesday","mini",FALSE,0,0,NA
"2018-01-25","Thursday","daily",FALSE,0,0,NA
"2018-01-25","Thursday","mini",FALSE,0,0,NA
"2018-01-26","Friday","daily",FALSE,0,0,NA
"2018-01-26","Friday","mini",FALSE,0,0,NA
"2018-01-27","Saturday","daily",FALSE,0,0,NA
"2018-01-27","Saturday","mini",FALSE,0,0,NA
"2018-01-28","Sunday","daily",FALSE,0,0,NA
"2018-01-28","Sunday","mini",FALSE,0,0,NA
"2018-01-29","Monday","daily",FALSE,0,0,NA
"2018-01-29","Monday","mini",FALSE,0,0,NA
"2018-01-30","Tuesday","daily",FALSE,0,0,NA
"2018-01-30","Tuesday","mini",FALSE,0,0,NA
"2018-01-31","Wednesday","daily",FALSE,0,0,NA
"2018-01-31","Wednesday","mini",FALSE,0,0,NA
"2018-02-01","Thursday","daily",FALSE,0,0,NA
"2018-02-01","Thursday","mini",FALSE,0,0,NA
"2018-02-02","Friday","daily",FALSE,0,0,NA
"2018-02-02","Friday","mini",FALSE,0,0,NA
"2018-02-03","Saturday","daily",FALSE,0,0,NA
"2018-02-03","Saturday","mini",FALSE,0,0,NA
"2018-02-04","Sunday","daily",FALSE,0,8,NA
"2018-02-04","Sunday","mini",FALSE,0,0,NA
"2018-02-05","Monday","daily",FALSE,0,0,NA
"2018-02-05","Monday","mini",FALSE,0,0,NA
"2018-02-06","Tuesday","daily",FALSE,0,0,NA
"2018-02-06","Tuesday","mini",FALSE,0,0,NA
"2018-02-07","Wednesday","daily",FALSE,0,0,NA
"2018-02-07","Wednesday","mini",FALSE,0,0,NA
"2018-02-08","Thursday","daily",FALSE,0,0,NA
"2018-02-08","Thursday","mini",FALSE,0,0,NA
"2018-02-09","Friday","daily",FALSE,0,0,NA
"2018-02-09","Friday","mini",FALSE,0,0,NA
"2018-02-10","Saturday","daily",FALSE,0,0,NA
"2018-02-10","Saturday","mini",FALSE,0,0,NA
"2018-02-11","Sunday","daily",FALSE,0,0,NA
"2018-02-11","Sunday","mini",FALSE,0,0,NA
"2018-02-12","Monday","daily",FALSE,0,0,NA
"2018-02-12","Monday","mini",FALSE,0,0,NA
"2018-02-13","Tuesday","daily",FALSE,0,0,NA
"2018-02-13","Tuesday","mini",FALSE,0,0,NA
"2018-02-14","Wednesday","daily",FALSE,0,0,NA
"2018-02-14","Wednesday","mini",FALSE,0,0,NA
"2018-02-15","Thursday","daily",FALSE,0,0,NA
"2018-02-15","Thursday","mini",FALSE,0,0,NA
"2018-02-16","Friday","daily",FALSE,0,0,NA
"2018-02-16","Friday","mini",FALSE,0,0,NA
"2018-02-17","Saturday","daily",FALSE,0,0,NA
"2018-02-17","Saturday","mini",FALSE,0,0,NA
"2018-02-18","Sunday","daily",FALSE,0,0,NA
"2018-02-18","Sunday","mini",FALSE,0,0,NA
"2018-02-19","Monday","daily",FALSE,0,0,NA
"2018-02-19","Monday","mini",FALSE,0,0,NA
"2018-02-20","Tuesday","daily",FALSE,0,0,NA
"2018-02-20","Tuesday","mini",FALSE,0,0,NA
"2018-02-21","Wednesday","daily",TRUE,14,0,NA
"2018-02-21","Wednesday","mini",FALSE,0,0,NA
"2018-02-22","Thursday","daily",FALSE,0,0,NA
"2018-02-22","Thursday","mini",FALSE,0,0,NA
"2018-02-23","Friday","daily",FALSE,0,0,NA
"2018-02-23","Friday","mini",FALSE,0,0,NA
"2018-02-24","Saturday","daily",FALSE,0,0,NA
"2018-02-24","Saturday","mini",FALSE,0,0,NA
"2018-02-25","Sunday","daily",FALSE,0,0,NA
"2018-02-25","Sunday","mini",FALSE,0,0,NA
"2018-02-26","Monday","daily",FALSE,0,0,NA
"2018-02-26","Monday","mini",FALSE,0,0,NA
"2018-02-27","Tuesday","daily",FALSE,0,0,NA
"2018-02-27","Tuesday","mini",FALSE,0,0,NA
"2018-02-28","Wednesday","daily",FALSE,0,0,NA
"2018-02-28","Wednesday","mini",FALSE,0,0,NA
"2018-03-01","Thursday","daily",TRUE,3,0,NA
"2018-03-01","Thursday","mini",FALSE,0,0,NA
"2018-03-02","Friday","daily",FALSE,0,0,NA
"2018-03-02","Friday","mini",FALSE,0,0,NA
"2018-03-03","Saturday","daily",FALSE,0,0,NA
"2018-03-03","Saturday","mini",FALSE,0,0,NA
"2018-03-04","Sunday","daily",FALSE,0,0,NA
"2018-03-04","Sunday","mini",FALSE,0,0,NA
"2018-03-05","Monday","daily",FALSE,0,0,NA
"2018-03-05","Monday","mini",FALSE,0,0,NA
"2018-03-06","Tuesday","daily",FALSE,0,0,NA
"2018-03-06","Tuesday","mini",FALSE,0,0,NA
"2018-03-07","Wednesday","daily",FALSE,0,0,NA
"2018-03-07","Wednesday","mini",FALSE,0,0,NA
"2018-03-08","Thursday","daily",FALSE,0,0,NA
"2018-03-08","Thursday","mini",FALSE,0,0,NA
"2018-03-09","Friday","daily",FALSE,0,0,NA
"2018-03-09","Friday","mini",FALSE,0,0,NA
"2018-03-10","Saturday","daily",FALSE,0,0,NA
"2018-03-10","Saturday","mini",FALSE,0,0,NA
"2018-03-11","Sunday","daily",FALSE,0,0,NA
"2018-03-11","Sunday","mini",FALSE,0,0,NA
"2018-03-12","Monday","daily",FALSE,0,0,NA
"2018-03-12","Monday","mini",FALSE,0,0,NA
"2018-03-13","Tuesday","daily",FALSE,0,0,NA
"2018-03-13","Tuesday","mini",FALSE,0,0,NA
"2018-03-14","Wednesday","daily",FALSE,0,0,NA
"2018-03-14","Wednesday","mini",FALSE,0,0,NA
"2018-03-15","Thursday","daily",FALSE,0,0,NA
"2018-03-15","Thursday","mini",FALSE,0,0,NA
"2018-03-16","Friday","daily",FALSE,0,0,NA
"2018-03-16","Friday","mini",FALSE,0,0,NA
"2018-03-17","Saturday","daily",FALSE,0,0,NA
"2018-03-17","Saturday","mini",FALSE,0,0,NA
"2018-03-18","Sunday","daily",FALSE,0,0,NA
"2018-03-18","Sunday","mini",FALSE,0,0,NA
"2018-03-19","Monday","daily",FALSE,0,0,NA
"2018-03-19","Monday","mini",FALSE,0,0,NA
"2018-03-20","Tuesday","daily",FALSE,0,0,NA
"2018-03-20","Tuesday","mini",FALSE,0,0,NA
"2018-03-21","Wednesday","daily",FALSE,0,0,NA
"2018-03-21","Wednesday","mini",FALSE,0,0,NA
"2018-03-22","Thursday","daily",FALSE,0,0,NA
"2018-03-22","Thursday","mini",FALSE,0,0,NA
"2018-03-23","Friday","daily",FALSE,0,0,NA
"2018-03-23","Friday","mini",FALSE,0,0,NA
"2018-03-24","Saturday","daily",FALSE,0,0,NA
"2018-03-24","Saturday","mini",FALSE,0,0,NA
"2018-03-25","Sunday","daily",FALSE,0,0,NA
"2018-03-25","Sunday","mini",FALSE,0,0,NA
"2018-03-26","Monday","daily",FALSE,0,0,NA
"2018-03-26","Monday","mini",FALSE,0,0,NA
"2018-03-27","Tuesday","daily",FALSE,0,0,NA
"2018-03-27","Tuesday","mini",FALSE,0,0,NA
"2018-03-28","Wednesday","daily",FALSE,0,0,NA
"2018-03-28","Wednesday","mini",FALSE,0,0,NA
"2018-03-29","Thursday","daily",FALSE,0,0,NA
"2018-03-29","Thursday","mini",FALSE,0,0,NA
"2018-03-30","Friday","daily",FALSE,0,0,NA
"2018-03-30","Friday","mini",FALSE,0,0,NA
"2018-03-31","Saturday","daily",FALSE,0,0,NA
"2018-03-31","Saturday","mini",FALSE,0,0,NA
"2018-04-01","Sunday","daily",TRUE,9,0,NA
"2018-04-01","Sunday","mini",FALSE,0,0,NA
"2018-04-02","Monday","daily",FALSE,0,0,NA
"2018-04-02","Monday","mini",FALSE,0,0,NA
"2018-04-03","Tuesday","daily",FALSE,0,0,NA
"2018-04-03","Tuesday","mini",FALSE,0,0,NA
"2018-04-04","Wednesday","daily",FALSE,0,0,NA
"2018-04-04","Wednesday","mini",FALSE,0,0,NA
"2018-04-05","Thursday","daily",FALSE,0,0,NA
"2018-04-05","Thursday","mini",FALSE,0,0,NA
"2018-04-06","Friday","daily",FALSE,0,0,NA
"2018-04-06","Friday","mini",FALSE,0,0,NA
"2018-04-07","Saturday","daily",FALSE,0,0,NA
"2018-04-07","Saturday","mini",FALSE,0,0,NA
"2018-04-08","Sunday","daily",FALSE,0,0,NA
"2018-04-08","Sunday","mini",FALSE,0,0,NA
"2018-04-09","Monday","daily",FALSE,0,0,NA
"2018-04-09","Monday","mini",FALSE,0,0,NA
"2018-04-10","Tuesday","daily",FALSE,0,0,NA
"2018-04-10","Tuesday","mini",FALSE,0,0,NA
"2018-04-11","Wednesday","daily",FALSE,0,0,NA
"2018-04-11","Wednesday","mini",FALSE,0,0,NA
"2018-04-12","Thursday","daily",TRUE,4,0,NA
"2018-04-12","Thursday","mini",FALSE,0,0,NA
"2018-04-13","Friday","daily",FALSE,0,0,NA
"2018-04-13","Friday","mini",FALSE,0,0,NA
"2018-04-14","Saturday","daily",FALSE,0,0,NA
"2018-04-14","Saturday","mini",FALSE,0,0,NA
"2018-04-15","Sunday","daily",FALSE,0,0,NA
"2018-04-15","Sunday","mini",FALSE,0,0,NA
"2018-04-16","Monday","daily",FALSE,0,0,NA
"2018-04-16","Monday","mini",FALSE,0,0,NA
"2018-04-17","Tuesday","daily",FALSE,0,0,NA
"2018-04-17","Tuesday","mini",FALSE,0,0,NA
"2018-04-18","Wednesday","daily",FALSE,0,0,NA
"2018-04-18","Wednesday","mini",FALSE,0,0,NA
"2018-04-19","Thursday","daily",FALSE,0,0,NA
"2018-04-19","Thursday","mini",FALSE,0,0,NA
"2018-04-20","Friday","daily",FALSE,0,0,NA
"2018-04-20","Friday","mini",FALSE,0,0,NA
"2018-04-21","Saturday","daily",FALSE,0,0,NA
"2018-04-21","Saturday","mini",FALSE,0,0,NA
"2018-04-22","Sunday","daily",FALSE,0,0,NA
"2018-04-22","Sunday","mini",FALSE,0,0,NA
"2018-04-23","Monday","daily",FALSE,0,0,NA
"2018-04-23","Monday","mini",FALSE,0,0,NA
"2018-04-24","Tuesday","daily",FALSE,0,0,NA
"2018-04-24","Tuesday","mini",FALSE,0,0,NA
"2018-04-25","Wednesday","daily",FALSE,0,0,NA
"2018-04-25","Wednesday","mini",FALSE,0,0,NA
"2018-04-26","Thursday","daily",FALSE,0,0,NA
"2018-04-26","Thursday","mini",FALSE,0,0,NA
"2018-04-27","Friday","daily",FALSE,0,0,NA
"2018-04-27","Friday","mini",FALSE,0,0,NA
"2018-04-28","Saturday","daily",FALSE,0,0,NA
"2018-04-28","Saturday","mini",FALSE,0,0,NA
"2018-04-29","Sunday","daily",FALSE,0,0,NA
"2018-04-29","Sunday","mini",FALSE,0,0,NA
"2018-04-30","Monday","daily",FALSE,0,0,NA
"2018-04-30","Monday","mini",FALSE,0,0,NA
"2018-05-01","Tuesday","daily",FALSE,0,0,NA
"2018-05-01","Tuesday","mini",FALSE,0,0,NA
"2018-05-02","Wednesday","daily",FALSE,0,0,NA
"2018-05-02","Wednesday","mini",FALSE,0,0,NA
"2018-05-03","Thursday","daily",TRUE,4,0,NA
"2018-05-03","Thursday","mini",FALSE,0,0,NA
"2018-05-04","Friday","daily",FALSE,0,0,NA
"2018-05-04","Friday","mini",FALSE,0,0,NA
"2018-05-05","Saturday","daily",FALSE,0,0,NA
"2018-05-05","Saturday","mini",FALSE,0,0,NA
"2018-05-06","Sunday","daily",FALSE,0,0,NA
"2018-05-06","Sunday","mini",FALSE,0,0,NA
"2018-05-07","Monday","daily",FALSE,0,0,NA
"2018-05-07","Monday","mini",FALSE,0,0,NA
"2018-05-08","Tuesday","daily",FALSE,0,0,NA
"2018-05-08","Tuesday","mini",FALSE,0,0,NA
"2018-05-09","Wednesday","daily",FALSE,0,0,NA
"2018-05-09","Wednesday","mini",FALSE,0,0,NA
"2018-05-10","Thursday","daily",FALSE,0,0,NA
"2018-05-10","Thursday","mini",FALSE,0,0,NA
"2018-05-11","Friday","daily",FALSE,0,0,NA
"2018-05-11","Friday","mini",FALSE,0,0,NA
"2018-05-12","Saturday","daily",FALSE,0,0,NA
"2018-05-12","Saturday","mini",FALSE,0,0,NA
"2018-05-13","Sunday","daily",FALSE,0,0,NA
"2018-05-13","Sunday","mini",FALSE,0,0,NA
"2018-05-14","Monday","daily",FALSE,0,0,NA
"2018-05-14","Monday","mini",FALSE,0,0,NA
"2018-05-15","Tuesday","daily",FALSE,0,0,NA
"2018-05-15","Tuesday","mini",FALSE,0,0,NA
"2018-05-16","Wednesday","daily",FALSE,0,0,NA
"2018-05-16","Wednesday","mini",FALSE,0,0,NA
"2018-05-17","Thursday","daily",FALSE,0,4,NA
"2018-05-17","Thursday","mini",FALSE,0,0,NA
"2018-05-18","Friday","daily",FALSE,0,0,NA
"2018-05-18","Friday","mini",FALSE,0,0,NA
"2018-05-19","Saturday","daily",FALSE,0,0,NA
"2018-05-19","Saturday","mini",FALSE,0,0,NA
"2018-05-20","Sunday","daily",FALSE,0,0,NA
"2018-05-20","Sunday","mini",FALSE,0,0,NA
"2018-05-21","Monday","daily",FALSE,0,0,NA
"2018-05-21","Monday","mini",FALSE,0,0,NA
"2018-05-22","Tuesday","daily",FALSE,0,0,NA
"2018-05-22","Tuesday","mini",FALSE,0,0,NA
"2018-05-23","Wednesday","daily",FALSE,0,0,NA
"2018-05-23","Wednesday","mini",FALSE,0,0,NA
"2018-05-24","Thursday","daily",FALSE,0,0,NA
"2018-05-24","Thursday","mini",FALSE,0,0,NA
"2018-05-25","Friday","daily",FALSE,0,0,NA
"2018-05-25","Friday","mini",FALSE,0,0,NA
"2018-05-26","Saturday","daily",FALSE,0,0,NA
"2018-05-26","Saturday","mini",FALSE,0,0,NA
"2018-05-27","Sunday","daily",FALSE,0,0,NA
"2018-05-27","Sunday","mini",FALSE,0,0,NA
"2018-05-28","Monday","daily",FALSE,0,0,NA
"2018-05-28","Monday","mini",FALSE,0,0,NA
"2018-05-29","Tuesday","daily",FALSE,0,0,NA
"2018-05-29","Tuesday","mini",FALSE,0,0,NA
"2018-05-30","Wednesday","daily",FALSE,0,0,NA
"2018-05-30","Wednesday","mini",FALSE,0,0,NA
"2018-05-31","Thursday","daily",FALSE,0,0,NA
"2018-05-31","Thursday","mini",FALSE,0,0,NA
"2018-06-01","Friday","daily",FALSE,0,0,NA
"2018-06-01","Friday","mini",FALSE,0,0,NA
"2018-06-02","Saturday","daily",FALSE,0,0,NA
"2018-06-02","Saturday","mini",FALSE,0,0,NA
"2018-06-03","Sunday","daily",FALSE,0,0,NA
"2018-06-03","Sunday","mini",FALSE,0,0,NA
"2018-06-04","Monday","daily",FALSE,0,0,NA
"2018-06-04","Monday","mini",FALSE,0,0,NA
"2018-06-05","Tuesday","daily",FALSE,0,0,NA
"2018-06-05","Tuesday","mini",FALSE,0,0,NA
"2018-06-06","Wednesday","daily",FALSE,0,0,NA
"2018-06-06","Wednesday","mini",FALSE,0,0,NA
"2018-06-07","Thursday","daily",FALSE,0,0,NA
"2018-06-07","Thursday","mini",FALSE,0,0,NA
"2018-06-08","Friday","daily",FALSE,0,0,NA
"2018-06-08","Friday","mini",FALSE,0,0,NA
"2018-06-09","Saturday","daily",FALSE,0,0,NA
"2018-06-09","Saturday","mini",FALSE,0,0,NA
"2018-06-10","Sunday","daily",FALSE,0,0,NA
"2018-06-10","Sunday","mini",FALSE,0,0,NA
"2018-06-11","Monday","daily",FALSE,0,0,NA
"2018-06-11","Monday","mini",FALSE,0,0,NA
"2018-06-12","Tuesday","daily",FALSE,0,0,NA
"2018-06-12","Tuesday","mini",FALSE,0,0,NA
"2018-06-13","Wednesday","daily",FALSE,0,0,NA
"2018-06-13","Wednesday","mini",FALSE,0,0,NA
"2018-06-14","Thursday","daily",FALSE,0,0,NA
"2018-06-14","Thursday","mini",FALSE,0,0,NA
"2018-06-15","Friday","daily",FALSE,0,0,NA
"2018-06-15","Friday","mini",FALSE,0,0,NA
"2018-06-16","Saturday","daily",FALSE,0,0,NA
"2018-06-16","Saturday","mini",FALSE,0,0,NA
"2018-06-17","Sunday","daily",FALSE,0,0,NA
"2018-06-17","Sunday","mini",FALSE,0,0,NA
"2018-06-18","Monday","daily",FALSE,0,0,NA
"2018-06-18","Monday","mini",FALSE,0,0,NA
"2018-06-19","Tuesday","daily",FALSE,0,0,NA
"2018-06-19","Tuesday","mini",FALSE,0,0,NA
"2018-06-20","Wednesday","daily",FALSE,0,0,NA
"2018-06-20","Wednesday","mini",FALSE,0,0,NA
"2018-06-21","Thursday","daily",FALSE,0,0,NA
"2018-06-21","Thursday","mini",FALSE,0,0,NA
"2018-06-22","Friday","daily",FALSE,0,0,NA
"2018-06-22","Friday","mini",FALSE,0,0,NA
"2018-06-23","Saturday","daily",FALSE,0,0,NA
"2018-06-23","Saturday","mini",FALSE,0,0,NA
"2018-06-24","Sunday","daily",TRUE,5,0,NA
"2018-06-24","Sunday","mini",FALSE,0,0,NA
"2018-06-25","Monday","daily",FALSE,0,0,NA
"2018-06-25","Monday","mini",FALSE,0,0,NA
"2018-06-26","Tuesday","daily",FALSE,0,0,NA
"2018-06-26","Tuesday","mini",FALSE,0,0,NA
"2018-06-27","Wednesday","daily",FALSE,0,0,NA
"2018-06-27","Wednesday","mini",FALSE,0,0,NA
"2018-06-28","Thursday","daily",FALSE,0,0,NA
"2018-06-28","Thursday","mini",FALSE,0,0,NA
"2018-06-29","Friday","daily",FALSE,0,0,NA
"2018-06-29","Friday","mini",FALSE,0,0,NA
"2018-06-30","Saturday","daily",FALSE,0,0,NA
"2018-06-30","Saturday","mini",FALSE,0,0,NA
"2018-07-01","Sunday","daily",FALSE,0,0,NA
"2018-07-01","Sunday","mini",FALSE,0,0,NA
"2018-07-02","Monday","daily",FALSE,0,0,NA
"2018-07-02","Monday","mini",FALSE,0,0,NA
"2018-07-03","Tuesday","daily",FALSE,0,0,NA
"2018-07-03","Tuesday","mini",FALSE,0,0,NA
"2018-07-04","Wednesday","daily",FALSE,0,0,NA
"2018-07-04","Wednesday","mini",FALSE,0,0,NA
"2018-07-05","Thursday","daily",TRUE,4,0,NA
"2018-07-05","Thursday","mini",FALSE,0,0,NA
"2018-07-06","Friday","daily",FALSE,0,0,NA
"2018-07-06","Friday","mini",FALSE,0,0,NA
"2018-07-07","Saturday","daily",FALSE,0,0,NA
"2018-07-07","Saturday","mini",FALSE,0,0,NA
"2018-07-08","Sunday","daily",FALSE,0,0,NA
"2018-07-08","Sunday","mini",FALSE,0,0,NA
"2018-07-09","Monday","daily",FALSE,0,0,NA
"2018-07-09","Monday","mini",FALSE,0,0,NA
"2018-07-10","Tuesday","daily",FALSE,0,0,NA
"2018-07-10","Tuesday","mini",FALSE,0,0,NA
"2018-07-11","Wednesday","daily",FALSE,0,0,NA
"2018-07-11","Wednesday","mini",FALSE,0,0,NA
"2018-07-12","Thursday","daily",FALSE,0,0,NA
"2018-07-12","Thursday","mini",FALSE,0,0,NA
"2018-07-13","Friday","daily",FALSE,0,0,NA
"2018-07-13","Friday","mini",FALSE,0,0,NA
"2018-07-14","Saturday","daily",FALSE,0,0,NA
"2018-07-14","Saturday","mini",FALSE,0,0,NA
"2018-07-15","Sunday","daily",FALSE,0,0,NA
"2018-07-15","Sunday","mini",FALSE,0,0,NA
"2018-07-16","Monday","daily",FALSE,0,0,NA
"2018-07-16","Monday","mini",FALSE,0,0,NA
"2018-07-17","Tuesday","daily",FALSE,0,0,NA
"2018-07-17","Tuesday","mini",FALSE,0,0,NA
"2018-07-18","Wednesday","daily",TRUE,8,0,NA
"2018-07-18","Wednesday","mini",FALSE,0,0,NA
"2018-07-19","Thursday","daily",FALSE,0,0,NA
"2018-07-19","Thursday","mini",FALSE,0,0,NA
"2018-07-20","Friday","daily",FALSE,0,0,NA
"2018-07-20","Friday","mini",FALSE,0,0,NA
"2018-07-21","Saturday","daily",FALSE,0,0,NA
"2018-07-21","Saturday","mini",FALSE,0,0,NA
"2018-07-22","Sunday","daily",FALSE,0,0,NA
"2018-07-22","Sunday","mini",FALSE,0,0,NA
"2018-07-23","Monday","daily",FALSE,0,0,NA
"2018-07-23","Monday","mini",FALSE,0,0,NA
"2018-07-24","Tuesday","daily",FALSE,0,0,NA
"2018-07-24","Tuesday","mini",FALSE,0,0,NA
"2018-07-25","Wednesday","daily",FALSE,0,0,NA
"2018-07-25","Wednesday","mini",FALSE,0,0,NA
"2018-07-26","Thursday","daily",FALSE,0,4,NA
"2018-07-26","Thursday","mini",FALSE,0,0,NA
"2018-07-27","Friday","daily",FALSE,0,0,NA
"2018-07-27","Friday","mini",FALSE,0,0,NA
"2018-07-28","Saturday","daily",FALSE,0,0,NA
"2018-07-28","Saturday","mini",FALSE,0,0,NA
"2018-07-29","Sunday","daily",FALSE,0,0,NA
"2018-07-29","Sunday","mini",FALSE,0,0,NA
"2018-07-30","Monday","daily",FALSE,0,0,NA
"2018-07-30","Monday","mini",FALSE,0,0,NA
"2018-07-31","Tuesday","daily",FALSE,0,0,NA
"2018-07-31","Tuesday","mini",FALSE,0,0,NA
"2018-08-01","Wednesday","daily",FALSE,0,0,NA
"2018-08-01","Wednesday","mini",FALSE,0,0,NA
"2018-08-02","Thursday","daily",TRUE,9,0,NA
"2018-08-02","Thursday","mini",FALSE,0,0,NA
"2018-08-03","Friday","daily",FALSE,0,0,NA
"2018-08-03","Friday","mini",FALSE,0,0,NA
"2018-08-04","Saturday","daily",FALSE,0,0,NA
"2018-08-04","Saturday","mini",FALSE,0,0,NA
"2018-08-05","Sunday","daily",FALSE,0,0,NA
"2018-08-05","Sunday","mini",FALSE,0,0,NA
"2018-08-06","Monday","daily",FALSE,0,2,NA
"2018-08-06","Monday","mini",FALSE,0,0,NA
"2018-08-07","Tuesday","daily",FALSE,0,0,NA
"2018-08-07","Tuesday","mini",FALSE,0,0,NA
"2018-08-08","Wednesday","daily",FALSE,0,0,NA
"2018-08-08","Wednesday","mini",FALSE,0,0,NA
"2018-08-09","Thursday","daily",FALSE,0,0,NA
"2018-08-09","Thursday","mini",FALSE,0,0,NA
"2018-08-10","Friday","daily",FALSE,0,0,NA
"2018-08-10","Friday","mini",FALSE,0,0,NA
"2018-08-11","Saturday","daily",FALSE,0,0,NA
"2018-08-11","Saturday","mini",FALSE,0,0,NA
"2018-08-12","Sunday","daily",FALSE,0,0,NA
"2018-08-12","Sunday","mini",FALSE,0,0,NA
"2018-08-13","Monday","daily",FALSE,0,0,NA
"2018-08-13","Monday","mini",FALSE,0,0,NA
"2018-08-14","Tuesday","daily",FALSE,0,0,NA
"2018-08-14","Tuesday","mini",FALSE,0,0,NA
"2018-08-15","Wednesday","daily",FALSE,0,0,NA
"2018-08-15","Wednesday","mini",FALSE,0,0,NA
"2018-08-16","Thursday","daily",FALSE,0,0,NA
"2018-08-16","Thursday","mini",FALSE,0,0,NA
"2018-08-17","Friday","daily",FALSE,0,0,NA
"2018-08-17","Friday","mini",FALSE,0,0,NA
"2018-08-18","Saturday","daily",FALSE,0,0,NA
"2018-08-18","Saturday","mini",FALSE,0,0,NA
"2018-08-19","Sunday","daily",FALSE,0,0,NA
"2018-08-19","Sunday","mini",FALSE,0,0,NA
"2018-08-20","Monday","daily",FALSE,0,0,NA
"2018-08-20","Monday","mini",FALSE,0,0,NA
"2018-08-21","Tuesday","daily",FALSE,0,0,NA
"2018-08-21","Tuesday","mini",FALSE,0,0,NA
"2018-08-22","Wednesday","daily",FALSE,0,0,NA
"2018-08-22","Wednesday","mini",FALSE,0,0,NA
"2018-08-23","Thursday","daily",TRUE,3,0,NA
"2018-08-23","Thursday","mini",FALSE,0,0,NA
"2018-08-24","Friday","daily",FALSE,0,0,NA
"2018-08-24","Friday","mini",FALSE,0,0,NA
"2018-08-25","Saturday","daily",FALSE,0,0,NA
"2018-08-25","Saturday","mini",FALSE,0,0,NA
"2018-08-26","Sunday","daily",FALSE,0,0,NA
"2018-08-26","Sunday","mini",FALSE,0,0,NA
"2018-08-27","Monday","daily",FALSE,0,0,NA
"2018-08-27","Monday","mini",FALSE,0,0,NA
"2018-08-28","Tuesday","daily",FALSE,0,0,NA
"2018-08-28","Tuesday","mini",FALSE,0,0,NA
"2018-08-29","Wednesday","daily",FALSE,0,0,NA
"2018-08-29","Wednesday","mini",FALSE,0,0,NA
"2018-08-30","Thursday","daily",FALSE,0,0,NA
"2018-08-30","Thursday","mini",FALSE,0,0,NA
"2018-08-31","Friday","daily",FALSE,0,0,NA
"2018-08-31","Friday","mini",FALSE,0,0,NA
"2018-09-01","Saturday","daily",FALSE,0,0,NA
"2018-09-01","Saturday","mini",FALSE,0,0,NA
"2018-09-02","Sunday","daily",FALSE,0,0,NA
"2018-09-02","Sunday","mini",FALSE,0,0,NA
"2018-09-03","Monday","daily",FALSE,0,0,NA
"2018-09-03","Monday","mini",FALSE,0,0,NA
"2018-09-04","Tuesday","daily",FALSE,0,0,NA
"2018-09-04","Tuesday","mini",FALSE,0,0,NA
"2018-09-05","Wednesday","daily",FALSE,0,0,NA
"2018-09-05","Wednesday","mini",FALSE,0,0,NA
"2018-09-06","Thursday","daily",FALSE,0,0,NA
"2018-09-06","Thursday","mini",FALSE,0,0,NA
"2018-09-07","Friday","daily",FALSE,0,0,NA
"2018-09-07","Friday","mini",FALSE,0,0,NA
"2018-09-08","Saturday","daily",FALSE,0,0,NA
"2018-09-08","Saturday","mini",FALSE,0,0,NA
"2018-09-09","Sunday","daily",TRUE,4,0,NA
"2018-09-09","Sunday","mini",FALSE,0,0,NA
"2018-09-10","Monday","daily",FALSE,0,0,NA
"2018-09-10","Monday","mini",FALSE,0,0,NA
"2018-09-11","Tuesday","daily",FALSE,0,0,NA
"2018-09-11","Tuesday","mini",FALSE,0,0,NA
"2018-09-12","Wednesday","daily",FALSE,0,0,NA
"2018-09-12","Wednesday","mini",FALSE,0,0,NA
"2018-09-13","Thursday","daily",TRUE,10,0,NA
"2018-09-13","Thursday","mini",FALSE,0,0,NA
"2018-09-14","Friday","daily",FALSE,0,0,NA
"2018-09-14","Friday","mini",FALSE,0,0,NA
"2018-09-15","Saturday","daily",FALSE,0,0,NA
"2018-09-15","Saturday","mini",FALSE,0,0,NA
"2018-09-16","Sunday","daily",FALSE,0,0,NA
"2018-09-16","Sunday","mini",FALSE,0,0,NA
"2018-09-17","Monday","daily",FALSE,0,0,NA
"2018-09-17","Monday","mini",FALSE,0,0,NA
"2018-09-18","Tuesday","daily",FALSE,0,0,NA
"2018-09-18","Tuesday","mini",FALSE,0,0,NA
"2018-09-19","Wednesday","daily",FALSE,0,0,NA
"2018-09-19","Wednesday","mini",FALSE,0,0,NA
"2018-09-20","Thursday","daily",FALSE,0,0,NA
"2018-09-20","Thursday","mini",FALSE,0,0,NA
"2018-09-21","Friday","daily",FALSE,0,0,NA
"2018-09-21","Friday","mini",FALSE,0,0,NA
"2018-09-22","Saturday","daily",FALSE,0,0,NA
"2018-09-22","Saturday","mini",FALSE,0,0,NA
"2018-09-23","Sunday","daily",FALSE,0,0,NA
"2018-09-23","Sunday","mini",FALSE,0,0,NA
"2018-09-24","Monday","daily",FALSE,0,0,NA
"2018-09-24","Monday","mini",FALSE,0,0,NA
"2018-09-25","Tuesday","daily",FALSE,0,0,NA
"2018-09-25","Tuesday","mini",FALSE,0,0,NA
"2018-09-26","Wednesday","daily",FALSE,0,0,NA
"2018-09-26","Wednesday","mini",FALSE,0,0,NA
"2018-09-27","Thursday","daily",FALSE,0,0,NA
"2018-09-27","Thursday","mini",FALSE,0,0,NA
"2018-09-28","Friday","daily",FALSE,0,0,NA
"2018-09-28","Friday","mini",FALSE,0,0,NA
"2018-09-29","Saturday","daily",FALSE,0,0,NA
"2018-09-29","Saturday","mini",FALSE,0,0,NA
"2018-09-30","Sunday","daily",TRUE,4,0,NA
"2018-09-30","Sunday","mini",FALSE,0,0,NA
"2018-10-01","Monday","daily",FALSE,0,0,NA
"2018-10-01","Monday","mini",FALSE,0,0,NA
"2018-10-02","Tuesday","daily",FALSE,0,0,NA
"2018-10-02","Tuesday","mini",FALSE,0,0,NA
"2018-10-03","Wednesday","daily",FALSE,0,0,NA
"2018-10-03","Wednesday","mini",FALSE,0,0,NA
"2018-10-04","Thursday","daily",FALSE,0,0,NA
"2018-10-04","Thursday","mini",FALSE,0,0,NA
"2018-10-05","Friday","daily",FALSE,0,0,NA
"2018-10-05","Friday","mini",FALSE,0,0,NA
"2018-10-06","Saturday","daily",FALSE,0,0,NA
"2018-10-06","Saturday","mini",FALSE,0,0,NA
"2018-10-07","Sunday","daily",FALSE,0,0,NA
"2018-10-07","Sunday","mini",FALSE,0,0,NA
"2018-10-08","Monday","daily",FALSE,0,0,NA
"2018-10-08","Monday","mini",FALSE,0,0,NA
"2018-10-09","Tuesday","daily",FALSE,0,0,NA
"2018-10-09","Tuesday","mini",FALSE,0,0,NA
"2018-10-10","Wednesday","daily",FALSE,0,0,NA
"2018-10-10","Wednesday","mini",FALSE,0,0,NA
"2018-10-11","Thursday","daily",FALSE,0,0,NA
"2018-10-11","Thursday","mini",FALSE,0,0,NA
"2018-10-12","Friday","daily",FALSE,0,0,NA
"2018-10-12","Friday","mini",FALSE,0,0,NA
"2018-10-13","Saturday","daily",FALSE,0,0,NA
"2018-10-13","Saturday","mini",FALSE,0,0,NA
"2018-10-14","Sunday","daily",FALSE,0,0,NA
"2018-10-14","Sunday","mini",FALSE,0,0,NA
"2018-10-15","Monday","daily",FALSE,0,0,NA
"2018-10-15","Monday","mini",FALSE,0,0,NA
"2018-10-16","Tuesday","daily",FALSE,0,0,NA
"2018-10-16","Tuesday","mini",FALSE,0,0,NA
"2018-10-17","Wednesday","daily",FALSE,0,0,NA
"2018-10-17","Wednesday","mini",FALSE,0,0,NA
"2018-10-18","Thursday","daily",FALSE,0,0,NA
"2018-10-18","Thursday","mini",FALSE,0,0,NA
"2018-10-19","Friday","daily",FALSE,0,0,NA
"2018-10-19","Friday","mini",FALSE,0,0,NA
"2018-10-20","Saturday","daily",FALSE,0,0,NA
"2018-10-20","Saturday","mini",FALSE,0,0,NA
"2018-10-21","Sunday","daily",FALSE,0,0,NA
"2018-10-21","Sunday","mini",FALSE,0,0,NA
"2018-10-22","Monday","daily",FALSE,0,0,NA
"2018-10-22","Monday","mini",FALSE,0,0,NA
"2018-10-23","Tuesday","daily",FALSE,0,0,NA
"2018-10-23","Tuesday","mini",FALSE,0,0,NA
"2018-10-24","Wednesday","daily",FALSE,0,0,NA
"2018-10-24","Wednesday","mini",FALSE,0,0,NA
"2018-10-25","Thursday","daily",FALSE,0,0,NA
"2018-10-25","Thursday","mini",FALSE,0,0,NA
"2018-10-26","Friday","daily",FALSE,0,0,NA
"2018-10-26","Friday","mini",FALSE,0,0,NA
"2018-10-27","Saturday","daily",FALSE,0,0,NA
"2018-10-27","Saturday","mini",FALSE,0,0,NA
"2018-10-28","Sunday","daily",FALSE,0,0,NA
"2018-10-28","Sunday","mini",FALSE,0,0,NA
"2018-10-29","Monday","daily",FALSE,0,0,NA
"2018-10-29","Monday","mini",FALSE,0,0,NA
"2018-10-30","Tuesday","daily",FALSE,0,0,NA
"2018-10-30","Tuesday","mini",FALSE,0,0,NA
"2018-10-31","Wednesday","daily",FALSE,0,0,NA
"2018-10-31","Wednesday","mini",FALSE,0,0,NA
"2018-11-01","Thursday","daily",TRUE,7,0,NA
"2018-11-01","Thursday","mini",FALSE,0,0,NA
"2018-11-02","Friday","daily",FALSE,0,0,NA
"2018-11-02","Friday","mini",FALSE,0,0,NA
"2018-11-03","Saturday","daily",FALSE,0,0,NA
"2018-11-03","Saturday","mini",FALSE,0,0,NA
"2018-11-04","Sunday","daily",FALSE,0,0,NA
"2018-11-04","Sunday","mini",FALSE,0,0,NA
"2018-11-05","Monday","daily",FALSE,0,0,NA
"2018-11-05","Monday","mini",FALSE,0,0,NA
"2018-11-06","Tuesday","daily",FALSE,0,0,NA
"2018-11-06","Tuesday","mini",FALSE,0,0,NA
"2018-11-07","Wednesday","daily",FALSE,0,0,NA
"2018-11-07","Wednesday","mini",FALSE,0,0,NA
"2018-11-08","Thursday","daily",FALSE,0,0,NA
"2018-11-08","Thursday","mini",FALSE,0,0,NA
"2018-11-09","Friday","daily",FALSE,0,0,NA
"2018-11-09","Friday","mini",FALSE,0,0,NA
"2018-11-10","Saturday","daily",FALSE,0,0,NA
"2018-11-10","Saturday","mini",FALSE,0,0,NA
"2018-11-11","Sunday","daily",FALSE,0,4,NA
"2018-11-11","Sunday","mini",FALSE,0,0,NA
"2018-11-12","Monday","daily",FALSE,0,0,NA
"2018-11-12","Monday","mini",FALSE,0,0,NA
"2018-11-13","Tuesday","daily",FALSE,0,0,NA
"2018-11-13","Tuesday","mini",FALSE,0,0,NA
"2018-11-14","Wednesday","daily",FALSE,0,0,NA
"2018-11-14","Wednesday","mini",FALSE,0,0,NA
"2018-11-15","Thursday","daily",TRUE,5,0,NA
"2018-11-15","Thursday","mini",FALSE,0,0,NA
"2018-11-16","Friday","daily",FALSE,0,0,NA
"2018-11-16","Friday","mini",FALSE,0,0,NA
"2018-11-17","Saturday","daily",FALSE,0,0,NA
"2018-11-17","Saturday","mini",FALSE,0,0,NA
"2018-11-18","Sunday","daily",FALSE,0,0,NA
"2018-11-18","Sunday","mini",FALSE,0,0,NA
"2018-11-19","Monday","daily",FALSE,0,0,NA
"2018-11-19","Monday","mini",FALSE,0,0,NA
"2018-11-20","Tuesday","daily",FALSE,0,0,NA
"2018-11-20","Tuesday","mini",FALSE,0,0,NA
"2018-11-21","Wednesday","daily",FALSE,0,0,NA
"2018-11-21","Wednesday","mini",FALSE,0,0,NA
"2018-11-22","Thursday","daily",FALSE,0,0,NA
"2018-11-22","Thursday","mini",FALSE,0,0,NA
"2018-11-23","Friday","daily",FALSE,0,0,NA
"2018-11-23","Friday","mini",FALSE,0,0,NA
"2018-11-24","Saturday","daily",FALSE,0,0,NA
"2018-11-24","Saturday","mini",FALSE,0,0,NA
"2018-11-25","Sunday","daily",FALSE,0,0,NA
"2018-11-25","Sunday","mini",FALSE,0,0,NA
"2018-11-26","Monday","daily",FALSE,0,0,NA
"2018-11-26","Monday","mini",FALSE,0,0,NA
"2018-11-27","Tuesday","daily",FALSE,0,0,NA
"2018-11-27","Tuesday","mini",FALSE,0,0,NA
"2018-11-28","Wednesday","daily",FALSE,0,0,NA
"2018-11-28","Wednesday","mini",FALSE,0,0,NA
"2018-11-29","Thursday","daily",FALSE,0,0,NA
"2018-11-29","Thursday","mini",FALSE,0,0,NA
"2018-11-30","Friday","daily",FALSE,0,0,NA
"2018-11-30","Friday","mini",FALSE,0,0,NA
"2018-12-01","Saturday","daily",FALSE,0,0,NA
"2018-12-01","Saturday","mini",FALSE,0,0,NA
"2018-12-02","Sunday","daily",FALSE,0,0,NA
"2018-12-02","Sunday","mini",FALSE,0,0,NA
"2018-12-03","Monday","daily",FALSE,0,0,NA
"2018-12-03","Monday","mini",FALSE,0,0,NA
"2018-12-04","Tuesday","daily",FALSE,0,0,NA
"2018-12-04","Tuesday","mini",FALSE,0,0,NA
"2018-12-05","Wednesday","daily",FALSE,0,0,NA
"2018-12-05","Wednesday","mini",FALSE,0,0,NA
"2018-12-06","Thursday","daily",TRUE,4,0,NA
"2018-12-06","Thursday","mini",FALSE,0,0,NA
"2018-12-07","Friday","daily",FALSE,0,0,NA
"2018-12-07","Friday","mini",FALSE,0,0,NA
"2018-12-08","Saturday","daily",FALSE,0,0,NA
"2018-12-08","Saturday","mini",FALSE,0,0,NA
"2018-12-09","Sunday","daily",FALSE,0,0,NA
"2018-12-09","Sunday","mini",FALSE,0,0,NA
"2018-12-10","Monday","daily",FALSE,0,0,NA
"2018-12-10","Monday","mini",FALSE,0,0,NA
"2018-12-11","Tuesday","daily",FALSE,0,0,NA
"2018-12-11","Tuesday","mini",FALSE,0,0,NA
"2018-12-12","Wednesday","daily",FALSE,0,0,NA
"2018-12-12","Wednesday","mini",FALSE,0,0,NA
"2018-12-13","Thursday","daily",FALSE,0,0,NA
"2018-12-13","Thursday","mini",FALSE,0,0,NA
"2018-12-14","Friday","daily",FALSE,0,0,NA
"2018-12-14","Friday","mini",FALSE,0,0,NA
"2018-12-15","Saturday","daily",FALSE,0,0,NA
"2018-12-15","Saturday","mini",FALSE,0,0,NA
"2018-12-16","Sunday","daily",FALSE,0,0,NA
"2018-12-16","Sunday","mini",FALSE,0,0,NA
"2018-12-17","Monday","daily",FALSE,0,0,NA
"2018-12-17","Monday","mini",FALSE,0,0,NA
"2018-12-18","Tuesday","daily",FALSE,0,0,NA
"2018-12-18","Tuesday","mini",FALSE,0,0,NA
"2018-12-19","Wednesday","daily",FALSE,0,0,NA
"2018-12-19","Wednesday","mini",FALSE,0,0,NA
"2018-12-20","Thursday","daily",FALSE,0,0,NA
"2018-12-20","Thursday","mini",FALSE,0,0,NA
"2018-12-21","Friday","daily",FALSE,0,0,NA
"2018-12-21","Friday","mini",FALSE,0,0,NA
"2018-12-22","Saturday","daily",FALSE,0,0,NA
"2018-12-22","Saturday","mini",FALSE,0,0,NA
"2018-12-23","Sunday","daily",FALSE,0,0,NA
"2018-12-23","Sunday","mini",FALSE,0,0,NA
"2018-12-24","Monday","daily",FALSE,0,0,NA
"2018-12-24","Monday","mini",FALSE,0,0,NA
"2018-12-25","Tuesday","daily",FALSE,0,0,NA
"2018-12-25","Tuesday","mini",FALSE,0,0,NA
"2018-12-26","Wednesday","daily",FALSE,0,0,NA
"2018-12-26","Wednesday","mini",FALSE,0,0,NA
"2018-12-27","Thursday","daily",TRUE,5,0,NA
"2018-12-27","Thursday","mini",FALSE,0,0,NA
"2018-12-28","Friday","daily",FALSE,0,0,NA
"2018-12-28","Friday","mini",FALSE,0,0,NA
"2018-12-29","Saturday","daily",FALSE,0,0,NA
"2018-12-29","Saturday","mini",FALSE,0,0,NA
"2018-12-30","Sunday","daily",FALSE,0,0,NA
"2018-12-30","Sunday","mini",FALSE,0,0,NA
"2018-12-31","Monday","daily",FALSE,0,0,NA
"2018-12-31","Monday","mini",FALSE,0,0,NA
"2019-01-01","Tuesday","daily",FALSE,0,0,NA
"2019-01-01","Tuesday","mini",FALSE,0,0,NA
"2019-01-02","Wednesday","daily",FALSE,0,0,NA
"2019-01-02","Wednesday","mini",FALSE,0,0,NA
"2019-01-03","Thursday","daily",FALSE,0,0,NA
"2019-01-03","Thursday","mini",FALSE,0,0,NA
"2019-01-04","Friday","daily",FALSE,0,0,NA
"2019-01-04","Friday","mini",FALSE,0,0,NA
"2019-01-05","Saturday","daily",FALSE,0,0,NA
"2019-01-05","Saturday","mini",FALSE,0,0,NA
"2019-01-06","Sunday","daily",FALSE,0,0,NA
"2019-01-06","Sunday","mini",FALSE,0,0,NA
"2019-01-07","Monday","daily",FALSE,0,0,NA
"2019-01-07","Monday","mini",FALSE,0,0,NA
"2019-01-08","Tuesday","daily",FALSE,0,0,NA
"2019-01-08","Tuesday","mini",FALSE,0,0,NA
"2019-01-09","Wednesday","daily",FALSE,0,0,NA
"2019-01-09","Wednesday","mini",FALSE,0,0,NA
"2019-01-10","Thursday","daily",FALSE,0,0,NA
"2019-01-10","Thursday","mini",FALSE,0,0,NA
"2019-01-11","Friday","daily",FALSE,0,0,NA
"2019-01-11","Friday","mini",FALSE,0,0,NA
"2019-01-12","Saturday","daily",FALSE,0,0,NA
"2019-01-12","Saturday","mini",FALSE,0,0,NA
"2019-01-13","Sunday","daily",FALSE,0,0,NA
"2019-01-13","Sunday","mini",FALSE,0,0,NA
"2019-01-14","Monday","daily",FALSE,0,0,NA
"2019-01-14","Monday","mini",FALSE,0,0,NA
"2019-01-15","Tuesday","daily",FALSE,0,0,NA
"2019-01-15","Tuesday","mini",FALSE,0,0,NA
"2019-01-16","Wednesday","daily",FALSE,0,0,NA
"2019-01-16","Wednesday","mini",FALSE,0,0,NA
"2019-01-17","Thursday","daily",FALSE,0,0,NA
"2019-01-17","Thursday","mini",FALSE,0,0,NA
"2019-01-18","Friday","daily",FALSE,0,0,NA
"2019-01-18","Friday","mini",FALSE,0,0,NA
"2019-01-19","Saturday","daily",FALSE,0,0,NA
"2019-01-19","Saturday","mini",FALSE,0,0,NA
"2019-01-20","Sunday","daily",FALSE,0,0,NA
"2019-01-20","Sunday","mini",FALSE,0,0,NA
"2019-01-21","Monday","daily",FALSE,0,0,NA
"2019-01-21","Monday","mini",FALSE,0,0,NA
"2019-01-22","Tuesday","daily",FALSE,0,0,NA
"2019-01-22","Tuesday","mini",FALSE,0,0,NA
"2019-01-23","Wednesday","daily",FALSE,0,0,NA
"2019-01-23","Wednesday","mini",FALSE,0,0,NA
"2019-01-24","Thursday","daily",TRUE,10,0,NA
"2019-01-24","Thursday","mini",FALSE,0,0,NA
"2019-01-25","Friday","daily",FALSE,0,0,NA
"2019-01-25","Friday","mini",FALSE,0,0,NA
"2019-01-26","Saturday","daily",FALSE,0,0,NA
"2019-01-26","Saturday","mini",FALSE,0,0,NA
"2019-01-27","Sunday","daily",FALSE,0,0,NA
"2019-01-27","Sunday","mini",FALSE,0,0,NA
"2019-01-28","Monday","daily",FALSE,0,0,NA
"2019-01-28","Monday","mini",FALSE,0,0,NA
"2019-01-29","Tuesday","daily",FALSE,0,0,NA
"2019-01-29","Tuesday","mini",FALSE,0,0,NA
"2019-01-30","Wednesday","daily",FALSE,0,0,NA
"2019-01-30","Wednesday","mini",FALSE,0,0,NA
"2019-01-31","Thursday","daily",FALSE,0,3,NA
"2019-01-31","Thursday","mini",FALSE,0,0,NA
"2019-02-01","Friday","daily",FALSE,0,0,NA
"2019-02-01","Friday","mini",FALSE,0,0,NA
"2019-02-02","Saturday","daily",FALSE,0,0,NA
"2019-02-02","Saturday","mini",FALSE,0,0,NA
"2019-02-03","Sunday","daily",FALSE,0,0,NA
"2019-02-03","Sunday","mini",FALSE,0,0,NA
"2019-02-04","Monday","daily",FALSE,0,0,NA
"2019-02-04","Monday","mini",FALSE,0,0,NA
"2019-02-05","Tuesday","daily",FALSE,0,0,NA
"2019-02-05","Tuesday","mini",FALSE,0,0,NA
"2019-02-06","Wednesday","daily",FALSE,0,0,NA
"2019-02-06","Wednesday","mini",FALSE,0,0,NA
"2019-02-07","Thursday","daily",FALSE,0,0,NA
"2019-02-07","Thursday","mini",FALSE,0,0,NA
"2019-02-08","Friday","daily",FALSE,0,0,NA
"2019-02-08","Friday","mini",FALSE,0,0,NA
"2019-02-09","Saturday","daily",FALSE,0,0,NA
"2019-02-09","Saturday","mini",FALSE,0,0,NA
"2019-02-10","Sunday","daily",FALSE,0,0,NA
"2019-02-10","Sunday","mini",FALSE,0,0,NA
"2019-02-11","Monday","daily",FALSE,0,0,NA
"2019-02-11","Monday","mini",FALSE,0,0,NA
"2019-02-12","Tuesday","daily",FALSE,0,0,NA
"2019-02-12","Tuesday","mini",FALSE,0,0,NA
"2019-02-13","Wednesday","daily",FALSE,0,0,NA
"2019-02-13","Wednesday","mini",FALSE,0,0,NA
"2019-02-14","Thursday","daily",FALSE,0,0,NA
"2019-02-14","Thursday","mini",FALSE,0,0,NA
"2019-02-15","Friday","daily",FALSE,0,0,NA
"2019-02-15","Friday","mini",FALSE,0,0,NA
"2019-02-16","Saturday","daily",FALSE,0,0,NA
"2019-02-16","Saturday","mini",FALSE,0,0,NA
"2019-02-17","Sunday","daily",TRUE,6,0,NA
"2019-02-17","Sunday","mini",FALSE,0,0,NA
"2019-02-18","Monday","daily",FALSE,0,0,NA
"2019-02-18","Monday","mini",FALSE,0,0,NA
"2019-02-19","Tuesday","daily",FALSE,0,0,NA
"2019-02-19","Tuesday","mini",FALSE,0,0,NA
"2019-02-20","Wednesday","daily",FALSE,0,0,NA
"2019-02-20","Wednesday","mini",FALSE,0,0,NA
"2019-02-21","Thursday","daily",FALSE,0,0,NA
"2019-02-21","Thursday","mini",FALSE,0,0,NA
"2019-02-22","Friday","daily",FALSE,0,0,NA
"2019-02-22","Friday","mini",FALSE,0,0,NA
"2019-02-23","Saturday","daily",FALSE,0,0,NA
"2019-02-23","Saturday","mini",FALSE,0,0,NA
"2019-02-24","Sunday","daily",FALSE,0,0,NA
"2019-02-24","Sunday","mini",FALSE,0,0,NA
"2019-02-25","Monday","daily",FALSE,0,0,NA
"2019-02-25","Monday","mini",FALSE,0,0,NA
"2019-02-26","Tuesday","daily",FALSE,0,0,NA
"2019-02-26","Tuesday","mini",FALSE,0,0,NA
"2019-02-27","Wednesday","daily",FALSE,0,0,NA
"2019-02-27","Wednesday","mini",FALSE,0,0,NA
"2019-02-28","Thursday","daily",FALSE,0,0,NA
"2019-02-28","Thursday","mini",FALSE,0,0,NA
"2019-03-01","Friday","daily",FALSE,0,0,NA
"2019-03-01","Friday","mini",FALSE,0,0,NA
"2019-03-02","Saturday","daily",FALSE,0,0,NA
"2019-03-02","Saturday","mini",FALSE,0,0,NA
"2019-03-03","Sunday","daily",FALSE,0,0,NA
"2019-03-03","Sunday","mini",FALSE,0,0,NA
"2019-03-04","Monday","daily",FALSE,0,0,NA
"2019-03-04","Monday","mini",FALSE,0,0,NA
"2019-03-05","Tuesday","daily",FALSE,0,0,NA
"2019-03-05","Tuesday","mini",FALSE,0,0,NA
"2019-03-06","Wednesday","daily",FALSE,0,0,NA
"2019-03-06","Wednesday","mini",FALSE,0,0,NA
"2019-03-07","Thursday","daily",FALSE,0,0,NA
"2019-03-07","Thursday","mini",FALSE,0,0,NA
"2019-03-08","Friday","daily",FALSE,0,0,NA
"2019-03-08","Friday","mini",FALSE,0,0,NA
"2019-03-09","Saturday","daily",FALSE,0,0,NA
"2019-03-09","Saturday","mini",FALSE,0,0,NA
"2019-03-10","Sunday","daily",FALSE,0,0,NA
"2019-03-10","Sunday","mini",FALSE,0,0,NA
"2019-03-11","Monday","daily",FALSE,0,0,NA
"2019-03-11","Monday","mini",FALSE,0,0,NA
"2019-03-12","Tuesday","daily",FALSE,0,0,NA
"2019-03-12","Tuesday","mini",FALSE,0,0,NA
"2019-03-13","Wednesday","daily",FALSE,0,0,NA
"2019-03-13","Wednesday","mini",FALSE,0,0,NA
"2019-03-14","Thursday","daily",FALSE,0,0,NA
"2019-03-14","Thursday","mini",FALSE,0,0,NA
"2019-03-15","Friday","daily",FALSE,0,0,NA
"2019-03-15","Friday","mini",FALSE,0,0,NA
"2019-03-16","Saturday","daily",FALSE,0,0,NA
"2019-03-16","Saturday","mini",FALSE,0,0,NA
"2019-03-17","Sunday","daily",FALSE,0,0,NA
"2019-03-17","Sunday","mini",FALSE,0,0,NA
"2019-03-18","Monday","daily",FALSE,0,0,NA
"2019-03-18","Monday","mini",FALSE,0,0,NA
"2019-03-19","Tuesday","daily",FALSE,0,0,NA
"2019-03-19","Tuesday","mini",FALSE,0,0,NA
"2019-03-20","Wednesday","daily",FALSE,0,0,NA
"2019-03-20","Wednesday","mini",FALSE,0,0,NA
"2019-03-21","Thursday","daily",FALSE,0,3,NA
"2019-03-21","Thursday","mini",FALSE,0,0,NA
"2019-03-22","Friday","daily",FALSE,0,0,NA
"2019-03-22","Friday","mini",FALSE,0,0,NA
"2019-03-23","Saturday","daily",FALSE,0,0,NA
"2019-03-23","Saturday","mini",FALSE,0,0,NA
"2019-03-24","Sunday","daily",FALSE,0,0,NA
"2019-03-24","Sunday","mini",FALSE,0,0,NA
"2019-03-25","Monday","daily",FALSE,0,0,NA
"2019-03-25","Monday","mini",FALSE,0,0,NA
"2019-03-26","Tuesday","daily",FALSE,0,0,NA
"2019-03-26","Tuesday","mini",FALSE,0,0,NA
"2019-03-27","Wednesday","daily",FALSE,0,0,NA
"2019-03-27","Wednesday","mini",FALSE,0,0,NA
"2019-03-28","Thursday","daily",FALSE,0,0,NA
"2019-03-28","Thursday","mini",FALSE,0,0,NA
"2019-03-29","Friday","daily",FALSE,0,0,NA
"2019-03-29","Friday","mini",FALSE,0,0,NA
"2019-03-30","Saturday","daily",FALSE,0,0,NA
"2019-03-30","Saturday","mini",FALSE,0,0,NA
"2019-03-31","Sunday","daily",FALSE,0,0,NA
"2019-03-31","Sunday","mini",FALSE,0,0,NA
"2019-04-01","Monday","daily",FALSE,0,0,NA
"2019-04-01","Monday","mini",FALSE,0,1,NA
"2019-04-02","Tuesday","daily",FALSE,0,0,NA
"2019-04-02","Tuesday","mini",FALSE,0,0,NA
"2019-04-03","Wednesday","daily",FALSE,0,0,NA
"2019-04-03","Wednesday","mini",FALSE,0,0,NA
"2019-04-04","Thursday","daily",TRUE,4,0,NA
"2019-04-04","Thursday","mini",FALSE,0,0,NA
"2019-04-05","Friday","daily",FALSE,0,0,NA
"2019-04-05","Friday","mini",FALSE,0,0,NA
"2019-04-06","Saturday","daily",FALSE,0,0,NA
"2019-04-06","Saturday","mini",FALSE,0,0,NA
"2019-04-07","Sunday","daily",FALSE,0,0,NA
"2019-04-07","Sunday","mini",FALSE,0,0,NA
"2019-04-08","Monday","daily",FALSE,0,0,NA
"2019-04-08","Monday","mini",FALSE,0,0,NA
"2019-04-09","Tuesday","daily",FALSE,0,0,NA
"2019-04-09","Tuesday","mini",FALSE,0,0,NA
"2019-04-10","Wednesday","daily",FALSE,0,0,NA
"2019-04-10","Wednesday","mini",FALSE,0,0,NA
"2019-04-11","Thursday","daily",FALSE,0,0,NA
"2019-04-11","Thursday","mini",FALSE,0,0,NA
"2019-04-12","Friday","daily",FALSE,0,0,NA
"2019-04-12","Friday","mini",FALSE,0,0,NA
"2019-04-13","Saturday","daily",FALSE,0,0,NA
"2019-04-13","Saturday","mini",FALSE,0,0,NA
"2019-04-14","Sunday","daily",FALSE,0,0,NA
"2019-04-14","Sunday","mini",FALSE,0,0,NA
"2019-04-15","Monday","daily",FALSE,0,0,NA
"2019-04-15","Monday","mini",FALSE,0,0,NA
"2019-04-16","Tuesday","daily",FALSE,0,0,NA
"2019-04-16","Tuesday","mini",FALSE,0,0,NA
"2019-04-17","Wednesday","daily",FALSE,0,0,NA
"2019-04-17","Wednesday","mini",FALSE,0,0,NA
"2019-04-18","Thursday","daily",FALSE,0,0,NA
"2019-04-18","Thursday","mini",FALSE,0,0,NA
"2019-04-19","Friday","daily",FALSE,0,0,NA
"2019-04-19","Friday","mini",FALSE,0,0,NA
"2019-04-20","Saturday","daily",FALSE,0,0,NA
"2019-04-20","Saturday","mini",FALSE,0,0,NA
"2019-04-21","Sunday","daily",FALSE,0,0,NA
"2019-04-21","Sunday","mini",FALSE,0,0,NA
"2019-04-22","Monday","daily",FALSE,0,0,NA
"2019-04-22","Monday","mini",FALSE,0,0,NA
"2019-04-23","Tuesday","daily",FALSE,0,0,NA
"2019-04-23","Tuesday","mini",FALSE,0,0,NA
"2019-04-24","Wednesday","daily",FALSE,0,0,NA
"2019-04-24","Wednesday","mini",FALSE,0,0,NA
"2019-04-25","Thursday","daily",FALSE,0,3,NA
"2019-04-25","Thursday","mini",FALSE,0,0,NA
"2019-04-26","Friday","daily",FALSE,0,0,NA
"2019-04-26","Friday","mini",FALSE,0,0,NA
"2019-04-27","Saturday","daily",FALSE,0,0,NA
"2019-04-27","Saturday","mini",FALSE,0,0,NA
"2019-04-28","Sunday","daily",FALSE,0,0,NA
"2019-04-28","Sunday","mini",FALSE,0,0,NA
"2019-04-29","Monday","daily",FALSE,0,0,NA
"2019-04-29","Monday","mini",FALSE,0,0,NA
"2019-04-30","Tuesday","daily",FALSE,0,0,NA
"2019-04-30","Tuesday","mini",FALSE,0,0,NA
"2019-05-01","Wednesday","daily",FALSE,0,0,NA
"2019-05-01","Wednesday","mini",FALSE,0,0,NA
"2019-05-02","Thursday","daily",TRUE,10,0,NA
"2019-05-02","Thursday","mini",FALSE,0,0,NA
"2019-05-03","Friday","daily",FALSE,0,0,NA
"2019-05-03","Friday","mini",FALSE,0,0,NA
"2019-05-04","Saturday","daily",FALSE,0,1,NA
"2019-05-04","Saturday","mini",FALSE,0,0,NA
"2019-05-05","Sunday","daily",FALSE,0,0,NA
"2019-05-05","Sunday","mini",FALSE,0,0,NA
"2019-05-06","Monday","daily",FALSE,0,0,NA
"2019-05-06","Monday","mini",FALSE,0,0,NA
"2019-05-07","Tuesday","daily",FALSE,0,0,NA
"2019-05-07","Tuesday","mini",FALSE,0,0,NA
"2019-05-08","Wednesday","daily",FALSE,0,0,NA
"2019-05-08","Wednesday","mini",FALSE,0,0,NA
"2019-05-09","Thursday","daily",FALSE,0,0,NA
"2019-05-09","Thursday","mini",FALSE,0,0,NA
"2019-05-10","Friday","daily",FALSE,0,0,NA
"2019-05-10","Friday","mini",FALSE,0,0,NA
"2019-05-11","Saturday","daily",FALSE,0,0,NA
"2019-05-11","Saturday","mini",FALSE,0,0,NA
"2019-05-12","Sunday","daily",FALSE,0,0,NA
"2019-05-12","Sunday","mini",FALSE,0,0,NA
"2019-05-13","Monday","daily",FALSE,0,0,NA
"2019-05-13","Monday","mini",FALSE,0,0,NA
"2019-05-14","Tuesday","daily",FALSE,0,0,NA
"2019-05-14","Tuesday","mini",FALSE,0,0,NA
"2019-05-15","Wednesday","daily",FALSE,0,0,NA
"2019-05-15","Wednesday","mini",FALSE,0,0,NA
"2019-05-16","Thursday","daily",FALSE,0,0,NA
"2019-05-16","Thursday","mini",FALSE,0,0,NA
"2019-05-17","Friday","daily",FALSE,0,0,NA
"2019-05-17","Friday","mini",FALSE,0,0,NA
"2019-05-18","Saturday","daily",FALSE,0,0,NA
"2019-05-18","Saturday","mini",FALSE,0,0,NA
"2019-05-19","Sunday","daily",FALSE,0,0,NA
"2019-05-19","Sunday","mini",FALSE,0,0,NA
"2019-05-20","Monday","daily",FALSE,0,0,NA
"2019-05-20","Monday","mini",FALSE,0,0,NA
"2019-05-21","Tuesday","daily",FALSE,0,0,NA
"2019-05-21","Tuesday","mini",FALSE,0,0,NA
"2019-05-22","Wednesday","daily",FALSE,0,0,NA
"2019-05-22","Wednesday","mini",FALSE,0,0,NA
"2019-05-23","Thursday","daily",FALSE,0,0,NA
"2019-05-23","Thursday","mini",FALSE,0,0,NA
"2019-05-24","Friday","daily",FALSE,0,0,NA
"2019-05-24","Friday","mini",FALSE,0,0,NA
"2019-05-25","Saturday","daily",FALSE,0,0,NA
"2019-05-25","Saturday","mini",FALSE,0,0,NA
"2019-05-26","Sunday","daily",FALSE,0,0,NA
"2019-05-26","Sunday","mini",FALSE,0,0,NA
"2019-05-27","Monday","daily",FALSE,0,0,NA
"2019-05-27","Monday","mini",FALSE,0,0,NA
"2019-05-28","Tuesday","daily",FALSE,0,0,NA
"2019-05-28","Tuesday","mini",FALSE,0,0,NA
"2019-05-29","Wednesday","daily",FALSE,0,0,NA
"2019-05-29","Wednesday","mini",FALSE,0,0,NA
"2019-05-30","Thursday","daily",FALSE,0,0,NA
"2019-05-30","Thursday","mini",FALSE,0,0,NA
"2019-05-31","Friday","daily",FALSE,0,0,NA
"2019-05-31","Friday","mini",FALSE,0,0,NA
"2019-06-01","Saturday","daily",FALSE,0,0,NA
"2019-06-01","Saturday","mini",FALSE,0,0,NA
"2019-06-02","Sunday","daily",FALSE,0,0,NA
"2019-06-02","Sunday","mini",FALSE,0,0,NA
"2019-06-03","Monday","daily",FALSE,0,0,NA
"2019-06-03","Monday","mini",FALSE,0,0,NA
"2019-06-04","Tuesday","daily",FALSE,0,0,NA
"2019-06-04","Tuesday","mini",FALSE,0,0,NA
"2019-06-05","Wednesday","daily",FALSE,0,0,NA
"2019-06-05","Wednesday","mini",FALSE,0,0,NA
"2019-06-06","Thursday","daily",FALSE,0,0,NA
"2019-06-06","Thursday","mini",FALSE,0,0,NA
"2019-06-07","Friday","daily",FALSE,0,0,NA
"2019-06-07","Friday","mini",FALSE,0,0,NA
"2019-06-08","Saturday","daily",FALSE,0,0,NA
"2019-06-08","Saturday","mini",FALSE,0,0,NA
"2019-06-09","Sunday","daily",FALSE,0,0,NA
"2019-06-09","Sunday","mini",FALSE,0,0,NA
"2019-06-10","Monday","daily",FALSE,0,0,NA
"2019-06-10","Monday","mini",FALSE,0,0,NA
"2019-06-11","Tuesday","daily",FALSE,0,0,NA
"2019-06-11","Tuesday","mini",FALSE,0,0,NA
"2019-06-12","Wednesday","daily",FALSE,0,0,NA
"2019-06-12","Wednesday","mini",FALSE,0,0,NA
"2019-06-13","Thursday","daily",FALSE,0,0,NA
"2019-06-13","Thursday","mini",FALSE,0,0,NA
"2019-06-14","Friday","daily",FALSE,0,0,NA
"2019-06-14","Friday","mini",FALSE,0,0,NA
"2019-06-15","Saturday","daily",FALSE,0,0,NA
"2019-06-15","Saturday","mini",FALSE,0,0,NA
"2019-06-16","Sunday","daily",FALSE,0,0,NA
"2019-06-16","Sunday","mini",FALSE,0,0,NA
"2019-06-17","Monday","daily",FALSE,0,0,NA
"2019-06-17","Monday","mini",FALSE,0,0,NA
"2019-06-18","Tuesday","daily",FALSE,0,0,NA
"2019-06-18","Tuesday","mini",FALSE,0,0,NA
"2019-06-19","Wednesday","daily",FALSE,0,0,NA
"2019-06-19","Wednesday","mini",FALSE,0,0,NA
"2019-06-20","Thursday","daily",FALSE,0,0,NA
"2019-06-20","Thursday","mini",FALSE,0,0,NA
"2019-06-21","Friday","daily",FALSE,0,0,NA
"2019-06-21","Friday","mini",FALSE,0,0,NA
"2019-06-22","Saturday","daily",FALSE,0,0,NA
"2019-06-22","Saturday","mini",FALSE,0,0,NA
"2019-06-23","Sunday","daily",FALSE,0,0,NA
"2019-06-23","Sunday","mini",FALSE,0,0,NA
"2019-06-24","Monday","daily",FALSE,0,0,NA
"2019-06-24","Monday","mini",FALSE,0,0,NA
"2019-06-25","Tuesday","daily",FALSE,0,0,NA
"2019-06-25","Tuesday","mini",FALSE,0,0,NA
"2019-06-26","Wednesday","daily",FALSE,0,0,NA
"2019-06-26","Wednesday","mini",FALSE,0,0,NA
"2019-06-27","Thursday","daily",TRUE,4,0,NA
"2019-06-27","Thursday","mini",FALSE,0,0,NA
"2019-06-28","Friday","daily",FALSE,0,0,NA
"2019-06-28","Friday","mini",FALSE,0,0,NA
"2019-06-29","Saturday","daily",FALSE,0,0,NA
"2019-06-29","Saturday","mini",FALSE,0,0,NA
"2019-06-30","Sunday","daily",FALSE,0,0,NA
"2019-06-30","Sunday","mini",FALSE,0,0,NA
"2019-07-01","Monday","daily",FALSE,0,0,NA
"2019-07-01","Monday","mini",FALSE,0,0,NA
"2019-07-02","Tuesday","daily",FALSE,0,0,NA
"2019-07-02","Tuesday","mini",FALSE,0,0,NA
"2019-07-03","Wednesday","daily",FALSE,0,0,NA
"2019-07-03","Wednesday","mini",FALSE,0,0,NA
"2019-07-04","Thursday","daily",FALSE,0,0,NA
"2019-07-04","Thursday","mini",FALSE,0,0,NA
"2019-07-05","Friday","daily",FALSE,0,0,NA
"2019-07-05","Friday","mini",FALSE,0,0,NA
"2019-07-06","Saturday","daily",FALSE,0,0,NA
"2019-07-06","Saturday","mini",FALSE,0,0,NA
"2019-07-07","Sunday","daily",FALSE,0,0,NA
"2019-07-07","Sunday","mini",FALSE,0,0,NA
"2019-07-08","Monday","daily",FALSE,0,0,NA
"2019-07-08","Monday","mini",FALSE,0,0,NA
"2019-07-09","Tuesday","daily",FALSE,0,0,NA
"2019-07-09","Tuesday","mini",FALSE,0,0,NA
"2019-07-10","Wednesday","daily",FALSE,0,0,NA
"2019-07-10","Wednesday","mini",FALSE,0,0,NA
"2019-07-11","Thursday","daily",FALSE,0,0,NA
"2019-07-11","Thursday","mini",FALSE,0,0,NA
"2019-07-12","Friday","daily",FALSE,0,0,NA
"2019-07-12","Friday","mini",FALSE,0,0,NA
"2019-07-13","Saturday","daily",FALSE,0,0,NA
"2019-07-13","Saturday","mini",FALSE,0,0,NA
"2019-07-14","Sunday","daily",FALSE,0,0,NA
"2019-07-14","Sunday","mini",FALSE,0,0,NA
"2019-07-15","Monday","daily",FALSE,0,0,NA
"2019-07-15","Monday","mini",FALSE,0,0,NA
"2019-07-16","Tuesday","daily",FALSE,0,0,NA
"2019-07-16","Tuesday","mini",FALSE,0,0,NA
"2019-07-17","Wednesday","daily",FALSE,0,0,NA
"2019-07-17","Wednesday","mini",FALSE,0,0,NA
"2019-07-18","Thursday","daily",FALSE,0,0,NA
"2019-07-18","Thursday","mini",FALSE,0,0,NA
"2019-07-19","Friday","daily",FALSE,0,0,NA
"2019-07-19","Friday","mini",FALSE,0,0,NA
"2019-07-20","Saturday","daily",FALSE,0,0,NA
"2019-07-20","Saturday","mini",FALSE,0,0,NA
"2019-07-21","Sunday","daily",TRUE,1,0,NA
"2019-07-21","Sunday","mini",FALSE,0,0,NA
"2019-07-22","Monday","daily",FALSE,0,0,NA
"2019-07-22","Monday","mini",FALSE,0,0,NA
"2019-07-23","Tuesday","daily",FALSE,0,0,NA
"2019-07-23","Tuesday","mini",FALSE,0,0,NA
"2019-07-24","Wednesday","daily",FALSE,0,0,NA
"2019-07-24","Wednesday","mini",FALSE,0,0,NA
"2019-07-25","Thursday","daily",FALSE,0,0,NA
"2019-07-25","Thursday","mini",FALSE,0,0,NA
"2019-07-26","Friday","daily",FALSE,0,0,NA
"2019-07-26","Friday","mini",FALSE,0,0,NA
"2019-07-27","Saturday","daily",FALSE,0,0,NA
"2019-07-27","Saturday","mini",FALSE,0,0,NA
"2019-07-28","Sunday","daily",FALSE,0,0,NA
"2019-07-28","Sunday","mini",FALSE,0,0,NA
"2019-07-29","Monday","daily",FALSE,0,0,NA
"2019-07-29","Monday","mini",FALSE,0,0,NA
"2019-07-30","Tuesday","daily",FALSE,0,0,NA
"2019-07-30","Tuesday","mini",FALSE,0,0,NA
"2019-07-31","Wednesday","daily",FALSE,0,0,NA
"2019-07-31","Wednesday","mini",FALSE,0,0,NA
"2019-08-01","Thursday","daily",FALSE,0,0,NA
"2019-08-01","Thursday","mini",FALSE,0,0,NA
"2019-08-02","Friday","daily",FALSE,0,0,NA
"2019-08-02","Friday","mini",FALSE,0,0,NA
"2019-08-03","Saturday","daily",FALSE,0,0,NA
"2019-08-03","Saturday","mini",FALSE,0,0,NA
"2019-08-04","Sunday","daily",FALSE,0,0,NA
"2019-08-04","Sunday","mini",FALSE,0,0,NA
"2019-08-05","Monday","daily",FALSE,0,0,NA
"2019-08-05","Monday","mini",FALSE,0,0,NA
"2019-08-06","Tuesday","daily",FALSE,0,0,NA
"2019-08-06","Tuesday","mini",FALSE,0,0,NA
"2019-08-07","Wednesday","daily",FALSE,0,0,NA
"2019-08-07","Wednesday","mini",FALSE,0,0,NA
"2019-08-08","Thursday","daily",FALSE,0,0,NA
"2019-08-08","Thursday","mini",FALSE,0,0,NA
"2019-08-09","Friday","daily",FALSE,0,0,NA
"2019-08-09","Friday","mini",FALSE,0,0,NA
"2019-08-10","Saturday","daily",FALSE,0,0,NA
"2019-08-10","Saturday","mini",FALSE,0,0,NA
"2019-08-11","Sunday","daily",FALSE,0,0,NA
"2019-08-11","Sunday","mini",FALSE,0,0,NA
"2019-08-12","Monday","daily",FALSE,0,0,NA
"2019-08-12","Monday","mini",FALSE,0,0,NA
"2019-08-13","Tuesday","daily",FALSE,0,0,NA
"2019-08-13","Tuesday","mini",FALSE,0,0,NA
"2019-08-14","Wednesday","daily",FALSE,0,0,NA
"2019-08-14","Wednesday","mini",FALSE,0,0,NA
"2019-08-15","Thursday","daily",FALSE,0,0,NA
"2019-08-15","Thursday","mini",FALSE,0,0,NA
"2019-08-16","Friday","daily",FALSE,0,0,NA
"2019-08-16","Friday","mini",FALSE,0,0,NA
"2019-08-17","Saturday","daily",FALSE,0,0,NA
"2019-08-17","Saturday","mini",FALSE,0,0,NA
"2019-08-18","Sunday","daily",FALSE,0,0,NA
"2019-08-18","Sunday","mini",FALSE,0,0,NA
"2019-08-19","Monday","daily",FALSE,0,0,NA
"2019-08-19","Monday","mini",FALSE,0,0,NA
"2019-08-20","Tuesday","daily",FALSE,0,0,NA
"2019-08-20","Tuesday","mini",FALSE,0,0,NA
"2019-08-21","Wednesday","daily",FALSE,0,0,NA
"2019-08-21","Wednesday","mini",FALSE,0,0,NA
"2019-08-22","Thursday","daily",FALSE,0,0,NA
"2019-08-22","Thursday","mini",FALSE,0,0,NA
"2019-08-23","Friday","daily",FALSE,0,0,NA
"2019-08-23","Friday","mini",FALSE,0,0,NA
"2019-08-24","Saturday","daily",FALSE,0,0,NA
"2019-08-24","Saturday","mini",FALSE,0,0,NA
"2019-08-25","Sunday","daily",FALSE,0,0,NA
"2019-08-25","Sunday","mini",FALSE,0,0,NA
"2019-08-26","Monday","daily",FALSE,0,0,NA
"2019-08-26","Monday","mini",FALSE,0,0,NA
"2019-08-27","Tuesday","daily",FALSE,0,0,NA
"2019-08-27","Tuesday","mini",FALSE,0,0,NA
"2019-08-28","Wednesday","daily",FALSE,0,0,NA
"2019-08-28","Wednesday","mini",FALSE,0,0,NA
"2019-08-29","Thursday","daily",FALSE,0,0,NA
"2019-08-29","Thursday","mini",FALSE,0,0,NA
"2019-08-30","Friday","daily",FALSE,0,0,NA
"2019-08-30","Friday","mini",FALSE,0,0,NA
"2019-08-31","Saturday","daily",FALSE,0,0,NA
"2019-08-31","Saturday","mini",FALSE,0,0,NA
"2019-09-01","Sunday","daily",FALSE,0,0,NA
"2019-09-01","Sunday","mini",FALSE,0,0,NA
"2019-09-02","Monday","daily",FALSE,0,0,NA
"2019-09-02","Monday","mini",FALSE,0,0,NA
"2019-09-03","Tuesday","daily",FALSE,0,0,NA
"2019-09-03","Tuesday","mini",FALSE,0,0,NA
"2019-09-04","Wednesday","daily",FALSE,0,0,NA
"2019-09-04","Wednesday","mini",FALSE,0,0,NA
"2019-09-05","Thursday","daily",FALSE,0,0,NA
"2019-09-05","Thursday","mini",FALSE,0,0,NA
"2019-09-06","Friday","daily",FALSE,0,1,NA
"2019-09-06","Friday","mini",FALSE,0,0,NA
"2019-09-07","Saturday","daily",FALSE,0,0,NA
"2019-09-07","Saturday","mini",FALSE,0,0,NA
"2019-09-08","Sunday","daily",FALSE,0,0,NA
"2019-09-08","Sunday","mini",FALSE,0,0,NA
"2019-09-09","Monday","daily",FALSE,0,0,NA
"2019-09-09","Monday","mini",FALSE,0,0,NA
"2019-09-10","Tuesday","daily",FALSE,0,0,NA
"2019-09-10","Tuesday","mini",FALSE,0,0,NA
"2019-09-11","Wednesday","daily",FALSE,0,0,NA
"2019-09-11","Wednesday","mini",FALSE,0,0,NA
"2019-09-12","Thursday","daily",FALSE,0,0,NA
"2019-09-12","Thursday","mini",FALSE,0,0,NA
"2019-09-13","Friday","daily",FALSE,0,0,NA
"2019-09-13","Friday","mini",FALSE,0,0,NA
"2019-09-14","Saturday","daily",FALSE,0,0,NA
"2019-09-14","Saturday","mini",FALSE,0,0,NA
"2019-09-15","Sunday","daily",FALSE,0,0,NA
"2019-09-15","Sunday","mini",FALSE,0,0,NA
"2019-09-16","Monday","daily",FALSE,0,0,NA
"2019-09-16","Monday","mini",FALSE,0,0,NA
"2019-09-17","Tuesday","daily",FALSE,0,0,NA
"2019-09-17","Tuesday","mini",FALSE,0,0,NA
"2019-09-18","Wednesday","daily",FALSE,0,0,NA
"2019-09-18","Wednesday","mini",FALSE,0,0,NA
"2019-09-19","Thursday","daily",TRUE,8,0,NA
"2019-09-19","Thursday","mini",FALSE,0,0,NA
"2019-09-20","Friday","daily",FALSE,0,0,NA
"2019-09-20","Friday","mini",FALSE,0,0,NA
"2019-09-21","Saturday","daily",FALSE,0,0,NA
"2019-09-21","Saturday","mini",FALSE,0,0,NA
"2019-09-22","Sunday","daily",FALSE,0,0,NA
"2019-09-22","Sunday","mini",FALSE,0,0,NA
"2019-09-23","Monday","daily",FALSE,0,0,NA
"2019-09-23","Monday","mini",FALSE,0,0,NA
"2019-09-24","Tuesday","daily",FALSE,0,0,NA
"2019-09-24","Tuesday","mini",FALSE,0,0,NA
"2019-09-25","Wednesday","daily",FALSE,0,0,NA
"2019-09-25","Wednesday","mini",FALSE,0,0,NA
"2019-09-26","Thursday","daily",TRUE,6,0,NA
"2019-09-26","Thursday","mini",FALSE,0,0,NA
"2019-09-27","Friday","daily",FALSE,0,0,NA
"2019-09-27","Friday","mini",FALSE,0,0,NA
"2019-09-28","Saturday","daily",FALSE,0,0,NA
"2019-09-28","Saturday","mini",FALSE,0,0,NA
"2019-09-29","Sunday","daily",FALSE,0,0,NA
"2019-09-29","Sunday","mini",FALSE,0,0,NA
"2019-09-30","Monday","daily",FALSE,0,0,NA
"2019-09-30","Monday","mini",FALSE,0,0,NA
"2019-10-01","Tuesday","daily",FALSE,0,0,NA
"2019-10-01","Tuesday","mini",FALSE,0,0,NA
"2019-10-02","Wednesday","daily",TRUE,3,0,NA
"2019-10-02","Wednesday","mini",FALSE,0,0,NA
"2019-10-03","Thursday","daily",FALSE,0,0,NA
"2019-10-03","Thursday","mini",FALSE,0,0,NA
"2019-10-04","Friday","daily",FALSE,0,0,NA
"2019-10-04","Friday","mini",FALSE,0,0,NA
"2019-10-05","Saturday","daily",FALSE,0,0,NA
"2019-10-05","Saturday","mini",FALSE,0,0,NA
"2019-10-06","Sunday","daily",FALSE,0,0,NA
"2019-10-06","Sunday","mini",FALSE,0,0,NA
"2019-10-07","Monday","daily",FALSE,0,0,NA
"2019-10-07","Monday","mini",FALSE,0,0,NA
"2019-10-08","Tuesday","daily",FALSE,0,0,NA
"2019-10-08","Tuesday","mini",FALSE,0,0,NA
"2019-10-09","Wednesday","daily",FALSE,0,0,NA
"2019-10-09","Wednesday","mini",FALSE,0,0,NA
"2019-10-10","Thursday","daily",FALSE,0,0,NA
"2019-10-10","Thursday","mini",FALSE,0,0,NA
"2019-10-11","Friday","daily",FALSE,0,0,NA
"2019-10-11","Friday","mini",FALSE,0,0,NA
"2019-10-12","Saturday","daily",FALSE,0,0,NA
"2019-10-12","Saturday","mini",FALSE,0,0,NA
"2019-10-13","Sunday","daily",FALSE,0,0,NA
"2019-10-13","Sunday","mini",FALSE,0,0,NA
"2019-10-14","Monday","daily",FALSE,0,0,NA
"2019-10-14","Monday","mini",FALSE,0,0,NA
"2019-10-15","Tuesday","daily",FALSE,0,0,NA
"2019-10-15","Tuesday","mini",FALSE,0,0,NA
"2019-10-16","Wednesday","daily",FALSE,0,0,NA
"2019-10-16","Wednesday","mini",FALSE,0,0,NA
"2019-10-17","Thursday","daily",FALSE,0,0,NA
"2019-10-17","Thursday","mini",FALSE,0,0,NA
"2019-10-18","Friday","daily",FALSE,0,0,NA
"2019-10-18","Friday","mini",FALSE,0,0,NA
"2019-10-19","Saturday","daily",FALSE,0,0,NA
"2019-10-19","Saturday","mini",FALSE,0,0,NA
"2019-10-20","Sunday","daily",FALSE,0,0,NA
"2019-10-20","Sunday","mini",FALSE,0,0,NA
"2019-10-21","Monday","daily",FALSE,0,0,NA
"2019-10-21","Monday","mini",FALSE,0,0,NA
"2019-10-22","Tuesday","daily",FALSE,0,0,NA
"2019-10-22","Tuesday","mini",FALSE,0,0,NA
"2019-10-23","Wednesday","daily",FALSE,0,0,NA
"2019-10-23","Wednesday","mini",FALSE,0,0,NA
"2019-10-24","Thursday","daily",FALSE,0,0,NA
"2019-10-24","Thursday","mini",FALSE,0,0,NA
"2019-10-25","Friday","daily",FALSE,0,0,NA
"2019-10-25","Friday","mini",FALSE,0,0,NA
"2019-10-26","Saturday","daily",FALSE,0,0,NA
"2019-10-26","Saturday","mini",FALSE,0,0,NA
"2019-10-27","Sunday","daily",FALSE,0,0,NA
"2019-10-27","Sunday","mini",FALSE,0,0,NA
"2019-10-28","Monday","daily",FALSE,0,0,NA
"2019-10-28","Monday","mini",FALSE,0,0,NA
"2019-10-29","Tuesday","daily",FALSE,0,0,NA
"2019-10-29","Tuesday","mini",FALSE,0,0,NA
"2019-10-30","Wednesday","daily",FALSE,0,0,NA
"2019-10-30","Wednesday","mini",FALSE,0,0,NA
"2019-10-31","Thursday","daily",FALSE,0,0,NA
"2019-10-31","Thursday","mini",FALSE,0,0,NA
"2019-11-01","Friday","daily",FALSE,0,0,NA
"2019-11-01","Friday","mini",FALSE,0,0,NA
"2019-11-02","Saturday","daily",FALSE,0,0,NA
"2019-11-02","Saturday","mini",FALSE,0,0,NA
"2019-11-03","Sunday","daily",FALSE,0,0,NA
"2019-11-03","Sunday","mini",FALSE,0,0,NA
"2019-11-04","Monday","daily",FALSE,0,0,NA
"2019-11-04","Monday","mini",FALSE,0,0,NA
"2019-11-05","Tuesday","daily",FALSE,0,0,NA
"2019-11-05","Tuesday","mini",FALSE,0,0,NA
"2019-11-06","Wednesday","daily",FALSE,0,0,NA
"2019-11-06","Wednesday","mini",FALSE,0,0,NA
"2019-11-07","Thursday","daily",FALSE,0,0,NA
"2019-11-07","Thursday","mini",FALSE,0,0,NA
"2019-11-08","Friday","daily",FALSE,0,0,NA
"2019-11-08","Friday","mini",FALSE,0,0,NA
"2019-11-09","Saturday","daily",FALSE,0,0,NA
"2019-11-09","Saturday","mini",FALSE,0,0,NA
"2019-11-10","Sunday","daily",FALSE,0,0,NA
"2019-11-10","Sunday","mini",FALSE,0,0,NA
"2019-11-11","Monday","daily",FALSE,0,0,NA
"2019-11-11","Monday","mini",FALSE,0,0,NA
"2019-11-12","Tuesday","daily",FALSE,0,0,NA
"2019-11-12","Tuesday","mini",FALSE,0,0,NA
"2019-11-13","Wednesday","daily",TRUE,5,0,NA
"2019-11-13","Wednesday","mini",FALSE,0,0,NA
"2019-11-14","Thursday","daily",FALSE,0,0,NA
"2019-11-14","Thursday","mini",FALSE,0,0,NA
"2019-11-15","Friday","daily",FALSE,0,0,NA
"2019-11-15","Friday","mini",FALSE,0,0,NA
"2019-11-16","Saturday","daily",FALSE,0,0,NA
"2019-11-16","Saturday","mini",FALSE,0,0,NA
"2019-11-17","Sunday","daily",FALSE,0,0,NA
"2019-11-17","Sunday","mini",FALSE,0,0,NA
"2019-11-18","Monday","daily",FALSE,0,0,NA
"2019-11-18","Monday","mini",FALSE,0,0,NA
"2019-11-19","Tuesday","daily",FALSE,0,0,NA
"2019-11-19","Tuesday","mini",FALSE,0,0,NA
"2019-11-20","Wednesday","daily",FALSE,0,0,NA
"2019-11-20","Wednesday","mini",FALSE,0,0,NA
"2019-11-21","Thursday","daily",TRUE,4,0,NA
"2019-11-21","Thursday","mini",FALSE,0,0,NA
"2019-11-22","Friday","daily",FALSE,0,0,NA
"2019-11-22","Friday","mini",FALSE,0,0,NA
"2019-11-23","Saturday","daily",FALSE,0,0,NA
"2019-11-23","Saturday","mini",FALSE,0,0,NA
"2019-11-24","Sunday","daily",FALSE,0,0,NA
"2019-11-24","Sunday","mini",FALSE,0,0,NA
"2019-11-25","Monday","daily",FALSE,0,0,NA
"2019-11-25","Monday","mini",FALSE,0,0,NA
"2019-11-26","Tuesday","daily",FALSE,0,0,NA
"2019-11-26","Tuesday","mini",FALSE,0,0,NA
"2019-11-27","Wednesday","daily",FALSE,0,0,NA
"2019-11-27","Wednesday","mini",FALSE,0,0,NA
"2019-11-28","Thursday","daily",FALSE,0,0,NA
"2019-11-28","Thursday","mini",FALSE,0,0,NA
"2019-11-29","Friday","daily",FALSE,0,0,NA
"2019-11-29","Friday","mini",FALSE,0,0,NA
"2019-11-30","Saturday","daily",FALSE,0,0,NA
"2019-11-30","Saturday","mini",FALSE,0,0,NA
"2019-12-01","Sunday","daily",FALSE,0,0,NA
"2019-12-01","Sunday","mini",FALSE,0,0,NA
"2019-12-02","Monday","daily",FALSE,0,0,NA
"2019-12-02","Monday","mini",FALSE,0,0,NA
"2019-12-03","Tuesday","daily",FALSE,0,0,NA
"2019-12-03","Tuesday","mini",FALSE,0,0,NA
"2019-12-04","Wednesday","daily",FALSE,0,0,NA
"2019-12-04","Wednesday","mini",FALSE,0,0,NA
"2019-12-05","Thursday","daily",FALSE,0,0,NA
"2019-12-05","Thursday","mini",FALSE,0,0,NA
"2019-12-06","Friday","daily",FALSE,0,0,NA
"2019-12-06","Friday","mini",FALSE,0,0,NA
"2019-12-07","Saturday","daily",FALSE,0,0,NA
"2019-12-07","Saturday","mini",FALSE,0,0,NA
"2019-12-08","Sunday","daily",FALSE,0,0,NA
"2019-12-08","Sunday","mini",FALSE,0,0,NA
"2019-12-09","Monday","daily",FALSE,0,0,NA
"2019-12-09","Monday","mini",FALSE,0,0,NA
"2019-12-10","Tuesday","daily",FALSE,0,0,NA
"2019-12-10","Tuesday","mini",FALSE,0,0,NA
"2019-12-11","Wednesday","daily",FALSE,0,0,NA
"2019-12-11","Wednesday","mini",FALSE,0,0,NA
"2019-12-12","Thursday","daily",FALSE,0,0,NA
"2019-12-12","Thursday","mini",FALSE,0,0,NA
"2019-12-13","Friday","daily",FALSE,0,0,NA
"2019-12-13","Friday","mini",FALSE,0,0,NA
"2019-12-14","Saturday","daily",FALSE,0,0,NA
"2019-12-14","Saturday","mini",FALSE,0,0,NA
"2019-12-15","Sunday","daily",FALSE,0,0,NA
"2019-12-15","Sunday","mini",FALSE,0,0,NA
"2019-12-16","Monday","daily",FALSE,0,0,NA
"2019-12-16","Monday","mini",FALSE,0,0,NA
"2019-12-17","Tuesday","daily",FALSE,0,0,NA
"2019-12-17","Tuesday","mini",FALSE,0,0,NA
"2019-12-18","Wednesday","daily",FALSE,0,0,NA
"2019-12-18","Wednesday","mini",FALSE,0,0,NA
"2019-12-19","Thursday","daily",TRUE,4,0,NA
"2019-12-19","Thursday","mini",FALSE,0,0,NA
"2019-12-20","Friday","daily",FALSE,0,0,NA
"2019-12-20","Friday","mini",FALSE,0,0,NA
"2019-12-21","Saturday","daily",FALSE,0,0,NA
"2019-12-21","Saturday","mini",FALSE,0,0,NA
"2019-12-22","Sunday","daily",FALSE,0,0,NA
"2019-12-22","Sunday","mini",FALSE,0,0,NA
"2019-12-23","Monday","daily",FALSE,0,0,NA
"2019-12-23","Monday","mini",FALSE,0,0,NA
"2019-12-24","Tuesday","daily",FALSE,0,0,NA
"2019-12-24","Tuesday","mini",FALSE,0,0,NA
"2019-12-25","Wednesday","daily",FALSE,0,0,NA
"2019-12-25","Wednesday","mini",FALSE,0,0,NA
"2019-12-26","Thursday","daily",FALSE,0,1,NA
"2019-12-26","Thursday","mini",FALSE,0,0,NA
"2019-12-27","Friday","daily",FALSE,0,0,NA
"2019-12-27","Friday","mini",FALSE,0,0,NA
"2019-12-28","Saturday","daily",FALSE,0,0,NA
"2019-12-28","Saturday","mini",FALSE,0,0,NA
"2019-12-29","Sunday","daily",FALSE,0,0,NA
"2019-12-29","Sunday","mini",FALSE,0,0,NA
"2019-12-30","Monday","daily",FALSE,0,0,NA
"2019-12-30","Monday","mini",FALSE,0,0,NA
"2019-12-31","Tuesday","daily",FALSE,0,0,NA
"2019-12-31","Tuesday","mini",FALSE,0,0,NA
"2020-01-01","Wednesday","daily",FALSE,0,1,NA
"2020-01-01","Wednesday","mini",FALSE,0,0,NA
"2020-01-02","Thursday","daily",FALSE,0,0,NA
"2020-01-02","Thursday","mini",FALSE,0,0,NA
"2020-01-03","Friday","daily",FALSE,0,0,NA
"2020-01-03","Friday","mini",FALSE,0,0,NA
"2020-01-04","Saturday","daily",FALSE,0,0,NA
"2020-01-04","Saturday","mini",FALSE,0,0,NA
"2020-01-05","Sunday","daily",FALSE,0,0,NA
"2020-01-05","Sunday","mini",FALSE,0,0,NA
"2020-01-06","Monday","daily",FALSE,0,0,NA
"2020-01-06","Monday","mini",FALSE,0,0,NA
"2020-01-07","Tuesday","daily",FALSE,0,0,NA
"2020-01-07","Tuesday","mini",FALSE,0,0,NA
"2020-01-08","Wednesday","daily",FALSE,0,0,NA
"2020-01-08","Wednesday","mini",FALSE,0,0,NA
"2020-01-09","Thursday","daily",FALSE,0,0,NA
"2020-01-09","Thursday","mini",FALSE,0,0,NA
"2020-01-10","Friday","daily",FALSE,0,0,NA
"2020-01-10","Friday","mini",FALSE,0,0,NA
"2020-01-11","Saturday","daily",FALSE,0,0,NA
"2020-01-11","Saturday","mini",FALSE,0,0,NA
"2020-01-12","Sunday","daily",FALSE,0,0,NA
"2020-01-12","Sunday","mini",FALSE,0,0,NA
"2020-01-13","Monday","daily",FALSE,0,0,NA
"2020-01-13","Monday","mini",FALSE,0,0,NA
"2020-01-14","Tuesday","daily",FALSE,0,0,NA
"2020-01-14","Tuesday","mini",FALSE,0,0,NA
"2020-01-15","Wednesday","daily",FALSE,0,0,NA
"2020-01-15","Wednesday","mini",FALSE,0,0,NA
"2020-01-16","Thursday","daily",FALSE,0,0,NA
"2020-01-16","Thursday","mini",FALSE,0,0,NA
"2020-01-17","Friday","daily",FALSE,0,0,NA
"2020-01-17","Friday","mini",FALSE,0,0,NA
"2020-01-18","Saturday","daily",FALSE,0,0,NA
"2020-01-18","Saturday","mini",FALSE,0,0,NA
"2020-01-19","Sunday","daily",FALSE,0,0,NA
"2020-01-19","Sunday","mini",FALSE,0,0,NA
"2020-01-20","Monday","daily",FALSE,0,0,NA
"2020-01-20","Monday","mini",FALSE,0,0,NA
"2020-01-21","Tuesday","daily",FALSE,0,0,NA
"2020-01-21","Tuesday","mini",FALSE,0,0,NA
"2020-01-22","Wednesday","daily",FALSE,0,0,NA
"2020-01-22","Wednesday","mini",FALSE,0,0,NA
"2020-01-23","Thursday","daily",FALSE,0,0,NA
"2020-01-23","Thursday","mini",FALSE,0,0,NA
"2020-01-24","Friday","daily",FALSE,0,0,NA
"2020-01-24","Friday","mini",FALSE,0,0,NA
"2020-01-25","Saturday","daily",FALSE,0,0,NA
"2020-01-25","Saturday","mini",FALSE,0,0,NA
"2020-01-26","Sunday","daily",FALSE,0,0,NA
"2020-01-26","Sunday","mini",FALSE,0,0,NA
"2020-01-27","Monday","daily",FALSE,0,0,NA
"2020-01-27","Monday","mini",FALSE,0,0,NA
"2020-01-28","Tuesday","daily",FALSE,0,0,NA
"2020-01-28","Tuesday","mini",FALSE,0,0,NA
"2020-01-29","Wednesday","daily",FALSE,0,0,NA
"2020-01-29","Wednesday","mini",FALSE,0,0,NA
"2020-01-30","Thursday","daily",TRUE,6,0,NA
"2020-01-30","Thursday","mini",FALSE,0,0,NA
"2020-01-31","Friday","daily",FALSE,0,0,NA
"2020-01-31","Friday","mini",FALSE,0,0,NA
"2020-02-01","Saturday","daily",FALSE,0,0,NA
"2020-02-01","Saturday","mini",FALSE,0,0,NA
"2020-02-02","Sunday","daily",FALSE,0,0,NA
"2020-02-02","Sunday","mini",FALSE,0,0,NA
"2020-02-03","Monday","daily",FALSE,0,0,NA
"2020-02-03","Monday","mini",FALSE,0,0,NA
"2020-02-04","Tuesday","daily",FALSE,0,0,NA
"2020-02-04","Tuesday","mini",FALSE,0,0,NA
"2020-02-05","Wednesday","daily",FALSE,0,0,NA
"2020-02-05","Wednesday","mini",FALSE,0,0,NA
"2020-02-06","Thursday","daily",FALSE,0,0,NA
"2020-02-06","Thursday","mini",FALSE,0,0,NA
"2020-02-07","Friday","daily",FALSE,0,0,NA
"2020-02-07","Friday","mini",FALSE,0,0,NA
"2020-02-08","Saturday","daily",FALSE,0,0,NA
"2020-02-08","Saturday","mini",FALSE,0,0,NA
"2020-02-09","Sunday","daily",FALSE,0,0,NA
"2020-02-09","Sunday","mini",FALSE,0,0,NA
"2020-02-10","Monday","daily",FALSE,0,0,NA
"2020-02-10","Monday","mini",FALSE,0,0,NA
"2020-02-11","Tuesday","daily",FALSE,0,0,NA
"2020-02-11","Tuesday","mini",FALSE,0,0,NA
"2020-02-12","Wednesday","daily",FALSE,0,0,NA
"2020-02-12","Wednesday","mini",FALSE,0,0,NA
"2020-02-13","Thursday","daily",FALSE,0,0,NA
"2020-02-13","Thursday","mini",FALSE,0,0,NA
"2020-02-14","Friday","daily",FALSE,0,0,NA
"2020-02-14","Friday","mini",FALSE,0,0,NA
"2020-02-15","Saturday","daily",FALSE,0,0,NA
"2020-02-15","Saturday","mini",FALSE,0,0,NA
"2020-02-16","Sunday","daily",FALSE,0,0,NA
"2020-02-16","Sunday","mini",FALSE,0,0,NA
"2020-02-17","Monday","daily",FALSE,0,0,NA
"2020-02-17","Monday","mini",FALSE,0,0,NA
"2020-02-18","Tuesday","daily",FALSE,0,0,NA
"2020-02-18","Tuesday","mini",FALSE,0,0,NA
"2020-02-19","Wednesday","daily",FALSE,0,0,NA
"2020-02-19","Wednesday","mini",FALSE,0,0,NA
"2020-02-20","Thursday","daily",FALSE,0,8,NA
"2020-02-20","Thursday","mini",FALSE,0,0,NA
"2020-02-21","Friday","daily",FALSE,0,0,NA
"2020-02-21","Friday","mini",FALSE,0,0,NA
"2020-02-22","Saturday","daily",FALSE,0,0,NA
"2020-02-22","Saturday","mini",FALSE,0,0,NA
"2020-02-23","Sunday","daily",FALSE,0,0,NA
"2020-02-23","Sunday","mini",FALSE,0,0,NA
"2020-02-24","Monday","daily",FALSE,0,0,NA
"2020-02-24","Monday","mini",FALSE,0,0,NA
"2020-02-25","Tuesday","daily",FALSE,0,0,NA
"2020-02-25","Tuesday","mini",FALSE,0,0,NA
"2020-02-26","Wednesday","daily",FALSE,0,0,NA
"2020-02-26","Wednesday","mini",FALSE,0,0,NA
"2020-02-27","Thursday","daily",FALSE,0,8,NA
"2020-02-27","Thursday","mini",FALSE,0,0,NA
"2020-02-28","Friday","daily",FALSE,0,0,NA
"2020-02-28","Friday","mini",FALSE,0,0,NA
"2020-02-29","Saturday","daily",FALSE,0,0,NA
"2020-02-29","Saturday","mini",FALSE,0,0,NA
"2020-03-01","Sunday","daily",FALSE,0,0,NA
"2020-03-01","Sunday","mini",FALSE,0,0,NA
"2020-03-02","Monday","daily",FALSE,0,0,NA
"2020-03-02","Monday","mini",FALSE,0,0,NA
"2020-03-03","Tuesday","daily",FALSE,0,0,NA
"2020-03-03","Tuesday","mini",FALSE,0,0,NA
"2020-03-04","Wednesday","daily",FALSE,0,0,NA
"2020-03-04","Wednesday","mini",FALSE,0,0,NA
"2020-03-05","Thursday","daily",FALSE,0,0,NA
"2020-03-05","Thursday","mini",FALSE,0,0,NA
"2020-03-06","Friday","daily",FALSE,0,0,NA
"2020-03-06","Friday","mini",FALSE,0,0,NA
"2020-03-07","Saturday","daily",FALSE,0,0,NA
"2020-03-07","Saturday","mini",FALSE,0,0,NA
"2020-03-08","Sunday","daily",TRUE,5,0,NA
"2020-03-08","Sunday","mini",FALSE,0,0,NA
"2020-03-09","Monday","daily",FALSE,0,0,NA
"2020-03-09","Monday","mini",FALSE,0,0,NA
"2020-03-10","Tuesday","daily",FALSE,0,0,NA
"2020-03-10","Tuesday","mini",FALSE,0,0,NA
"2020-03-11","Wednesday","daily",FALSE,0,0,NA
"2020-03-11","Wednesday","mini",FALSE,0,0,NA
"2020-03-12","Thursday","daily",FALSE,0,0,NA
"2020-03-12","Thursday","mini",FALSE,0,0,NA
"2020-03-13","Friday","daily",FALSE,0,0,NA
"2020-03-13","Friday","mini",FALSE,0,0,NA
"2020-03-14","Saturday","daily",FALSE,0,0,NA
"2020-03-14","Saturday","mini",FALSE,0,0,NA
"2020-03-15","Sunday","daily",FALSE,0,0,NA
"2020-03-15","Sunday","mini",FALSE,0,0,NA
"2020-03-16","Monday","daily",FALSE,0,0,NA
"2020-03-16","Monday","mini",FALSE,0,0,NA
"2020-03-17","Tuesday","daily",FALSE,0,0,NA
"2020-03-17","Tuesday","mini",FALSE,0,0,NA
"2020-03-18","Wednesday","daily",FALSE,0,0,NA
"2020-03-18","Wednesday","mini",FALSE,0,0,NA
"2020-03-19","Thursday","daily",FALSE,0,0,NA
"2020-03-19","Thursday","mini",FALSE,0,0,NA
"2020-03-20","Friday","daily",FALSE,0,0,NA
"2020-03-20","Friday","mini",FALSE,0,0,NA
"2020-03-21","Saturday","daily",FALSE,0,0,NA
"2020-03-21","Saturday","mini",FALSE,0,0,NA
"2020-03-22","Sunday","daily",FALSE,0,0,NA
"2020-03-22","Sunday","mini",FALSE,0,0,NA
"2020-03-23","Monday","daily",FALSE,0,0,NA
"2020-03-23","Monday","mini",FALSE,0,0,NA
"2020-03-24","Tuesday","daily",FALSE,0,0,NA
"2020-03-24","Tuesday","mini",FALSE,0,0,NA
"2020-03-25","Wednesday","daily",FALSE,0,0,NA
"2020-03-25","Wednesday","mini",FALSE,0,0,NA
"2020-03-26","Thursday","daily",FALSE,0,0,NA
"2020-03-26","Thursday","mini",FALSE,0,0,NA
"2020-03-27","Friday","daily",FALSE,0,0,NA
"2020-03-27","Friday","mini",FALSE,0,0,NA
"2020-03-28","Saturday","daily",FALSE,0,0,NA
"2020-03-28","Saturday","mini",FALSE,0,0,NA
"2020-03-29","Sunday","daily",FALSE,0,0,NA
"2020-03-29","Sunday","mini",FALSE,0,0,NA
"2020-03-30","Monday","daily",FALSE,0,0,NA
"2020-03-30","Monday","mini",FALSE,0,0,NA
"2020-03-31","Tuesday","daily",FALSE,0,0,NA
"2020-03-31","Tuesday","mini",FALSE,0,0,NA
"2020-04-01","Wednesday","daily",FALSE,0,0,NA
"2020-04-01","Wednesday","mini",FALSE,0,0,NA
"2020-04-02","Thursday","daily",TRUE,5,0,NA
"2020-04-02","Thursday","mini",FALSE,0,0,NA
"2020-04-03","Friday","daily",FALSE,0,0,NA
"2020-04-03","Friday","mini",FALSE,0,0,NA
"2020-04-04","Saturday","daily",FALSE,0,0,NA
"2020-04-04","Saturday","mini",FALSE,0,0,NA
"2020-04-05","Sunday","daily",FALSE,0,0,NA
"2020-04-05","Sunday","mini",FALSE,0,0,NA
"2020-04-06","Monday","daily",FALSE,0,0,NA
"2020-04-06","Monday","mini",FALSE,0,0,NA
"2020-04-07","Tuesday","daily",FALSE,0,0,NA
"2020-04-07","Tuesday","mini",FALSE,0,0,NA
"2020-04-08","Wednesday","daily",FALSE,0,0,NA
"2020-04-08","Wednesday","mini",FALSE,0,0,NA
"2020-04-09","Thursday","daily",FALSE,0,0,NA
"2020-04-09","Thursday","mini",FALSE,0,0,NA
"2020-04-10","Friday","daily",FALSE,0,0,NA
"2020-04-10","Friday","mini",FALSE,0,0,NA
"2020-04-11","Saturday","daily",FALSE,0,0,NA
"2020-04-11","Saturday","mini",FALSE,0,0,NA
"2020-04-12","Sunday","daily",FALSE,0,0,NA
"2020-04-12","Sunday","mini",FALSE,0,0,NA
"2020-04-13","Monday","daily",FALSE,0,0,NA
"2020-04-13","Monday","mini",FALSE,0,0,NA
"2020-04-14","Tuesday","daily",FALSE,0,0,NA
"2020-04-14","Tuesday","mini",FALSE,0,0,NA
"2020-04-15","Wednesday","daily",FALSE,0,0,NA
"2020-04-15","Wednesday","mini",FALSE,0,0,NA
"2020-04-16","Thursday","daily",FALSE,0,0,NA
"2020-04-16","Thursday","mini",FALSE,0,0,NA
"2020-04-17","Friday","daily",FALSE,0,0,NA
"2020-04-17","Friday","mini",FALSE,0,0,NA
"2020-04-18","Saturday","daily",FALSE,0,0,NA
"2020-04-18","Saturday","mini",FALSE,0,0,NA
"2020-04-19","Sunday","daily",FALSE,0,0,NA
"2020-04-19","Sunday","mini",FALSE,0,0,NA
"2020-04-20","Monday","daily",FALSE,0,0,NA
"2020-04-20","Monday","mini",FALSE,0,0,NA
"2020-04-21","Tuesday","daily",FALSE,0,0,NA
"2020-04-21","Tuesday","mini",FALSE,0,0,NA
"2020-04-22","Wednesday","daily",FALSE,0,0,NA
"2020-04-22","Wednesday","mini",FALSE,0,0,NA
"2020-04-23","Thursday","daily",FALSE,0,0,NA
"2020-04-23","Thursday","mini",FALSE,0,0,NA
"2020-04-24","Friday","daily",FALSE,0,0,NA
"2020-04-24","Friday","mini",FALSE,0,0,NA
"2020-04-25","Saturday","daily",FALSE,0,0,NA
"2020-04-25","Saturday","mini",FALSE,0,0,NA
"2020-04-26","Sunday","daily",FALSE,0,0,NA
"2020-04-26","Sunday","mini",FALSE,0,0,NA
"2020-04-27","Monday","daily",FALSE,0,0,NA
"2020-04-27","Monday","mini",FALSE,0,0,NA
"2020-04-28","Tuesday","daily",FALSE,0,0,NA
"2020-04-28","Tuesday","mini",FALSE,0,0,NA
"2020-04-29","Wednesday","daily",FALSE,0,0,NA
"2020-04-29","Wednesday","mini",FALSE,0,0,NA
"2020-04-30","Thursday","daily",TRUE,4,0,NA
"2020-04-30","Thursday","mini",FALSE,0,0,NA
"2020-05-01","Friday","daily",FALSE,0,0,NA
"2020-05-01","Friday","mini",FALSE,0,0,NA
"2020-05-02","Saturday","daily",FALSE,0,0,NA
"2020-05-02","Saturday","mini",FALSE,0,0,NA
"2020-05-03","Sunday","daily",FALSE,0,0,NA
"2020-05-03","Sunday","mini",FALSE,0,0,NA
"2020-05-04","Monday","daily",FALSE,0,0,NA
"2020-05-04","Monday","mini",FALSE,0,0,NA
"2020-05-05","Tuesday","daily",FALSE,0,0,NA
"2020-05-05","Tuesday","mini",FALSE,0,0,NA
"2020-05-06","Wednesday","daily",TRUE,8,0,NA
"2020-05-06","Wednesday","mini",FALSE,0,0,NA
"2020-05-07","Thursday","daily",FALSE,0,0,NA
"2020-05-07","Thursday","mini",FALSE,0,0,NA
"2020-05-08","Friday","daily",FALSE,0,0,NA
"2020-05-08","Friday","mini",FALSE,0,0,NA
"2020-05-09","Saturday","daily",FALSE,0,0,NA
"2020-05-09","Saturday","mini",FALSE,0,0,NA
"2020-05-10","Sunday","daily",FALSE,0,0,NA
"2020-05-10","Sunday","mini",FALSE,0,0,NA
"2020-05-11","Monday","daily",FALSE,0,0,NA
"2020-05-11","Monday","mini",FALSE,0,0,NA
"2020-05-12","Tuesday","daily",FALSE,0,0,NA
"2020-05-12","Tuesday","mini",FALSE,0,0,NA
"2020-05-13","Wednesday","daily",FALSE,0,0,NA
"2020-05-13","Wednesday","mini",FALSE,0,0,NA
"2020-05-14","Thursday","daily",TRUE,1,0,NA
"2020-05-14","Thursday","mini",FALSE,0,0,NA
"2020-05-15","Friday","daily",FALSE,0,0,NA
"2020-05-15","Friday","mini",FALSE,0,0,NA
"2020-05-16","Saturday","daily",FALSE,0,0,NA
"2020-05-16","Saturday","mini",FALSE,0,0,NA
"2020-05-17","Sunday","daily",FALSE,0,0,NA
"2020-05-17","Sunday","mini",FALSE,0,0,NA
"2020-05-18","Monday","daily",FALSE,0,0,NA
"2020-05-18","Monday","mini",FALSE,0,0,NA
"2020-05-19","Tuesday","daily",FALSE,0,0,NA
"2020-05-19","Tuesday","mini",FALSE,0,0,NA
"2020-05-20","Wednesday","daily",FALSE,0,0,NA
"2020-05-20","Wednesday","mini",FALSE,0,0,NA
"2020-05-21","Thursday","daily",FALSE,0,0,NA
"2020-05-21","Thursday","mini",FALSE,0,0,NA
"2020-05-22","Friday","daily",FALSE,0,0,NA
"2020-05-22","Friday","mini",FALSE,0,0,NA
"2020-05-23","Saturday","daily",FALSE,0,0,NA
"2020-05-23","Saturday","mini",FALSE,0,0,NA
"2020-05-24","Sunday","daily",FALSE,0,0,NA
"2020-05-24","Sunday","mini",FALSE,0,0,NA
"2020-05-25","Monday","daily",FALSE,0,0,NA
"2020-05-25","Monday","mini",FALSE,0,0,NA
"2020-05-26","Tuesday","daily",FALSE,0,0,NA
"2020-05-26","Tuesday","mini",FALSE,0,0,NA
"2020-05-27","Wednesday","daily",FALSE,0,0,NA
"2020-05-27","Wednesday","mini",FALSE,0,0,NA
"2020-05-28","Thursday","daily",FALSE,0,0,NA
"2020-05-28","Thursday","mini",FALSE,0,0,NA
"2020-05-29","Friday","daily",FALSE,0,0,NA
"2020-05-29","Friday","mini",FALSE,0,0,NA
"2020-05-30","Saturday","daily",FALSE,0,0,NA
"2020-05-30","Saturday","mini",FALSE,0,0,NA
"2020-05-31","Sunday","daily",FALSE,0,0,NA
"2020-05-31","Sunday","mini",FALSE,0,0,NA
"2020-06-01","Monday","daily",FALSE,0,0,NA
"2020-06-01","Monday","mini",FALSE,0,0,NA
"2020-06-02","Tuesday","daily",FALSE,0,0,NA
"2020-06-02","Tuesday","mini",FALSE,0,0,NA
"2020-06-03","Wednesday","daily",FALSE,0,0,NA
"2020-06-03","Wednesday","mini",FALSE,0,0,NA
"2020-06-04","Thursday","daily",FALSE,0,0,NA
"2020-06-04","Thursday","mini",FALSE,0,0,NA
"2020-06-05","Friday","daily",FALSE,0,0,NA
"2020-06-05","Friday","mini",FALSE,0,0,NA
"2020-06-06","Saturday","daily",FALSE,0,0,NA
"2020-06-06","Saturday","mini",FALSE,0,0,NA
"2020-06-07","Sunday","daily",FALSE,0,0,NA
"2020-06-07","Sunday","mini",FALSE,0,0,NA
"2020-06-08","Monday","daily",FALSE,0,0,NA
"2020-06-08","Monday","mini",FALSE,0,0,NA
"2020-06-09","Tuesday","daily",FALSE,0,0,NA
"2020-06-09","Tuesday","mini",FALSE,0,0,NA
"2020-06-10","Wednesday","daily",FALSE,0,0,NA
"2020-06-10","Wednesday","mini",FALSE,0,0,NA
"2020-06-11","Thursday","daily",TRUE,12,0,NA
"2020-06-11","Thursday","mini",FALSE,0,0,NA
"2020-06-12","Friday","daily",FALSE,0,0,NA
"2020-06-12","Friday","mini",FALSE,0,0,NA
"2020-06-13","Saturday","daily",FALSE,0,0,NA
"2020-06-13","Saturday","mini",FALSE,0,0,NA
"2020-06-14","Sunday","daily",FALSE,0,0,NA
"2020-06-14","Sunday","mini",FALSE,0,0,NA
"2020-06-15","Monday","daily",FALSE,0,0,NA
"2020-06-15","Monday","mini",FALSE,0,0,NA
"2020-06-16","Tuesday","daily",FALSE,0,0,NA
"2020-06-16","Tuesday","mini",FALSE,0,0,NA
"2020-06-17","Wednesday","daily",FALSE,0,0,NA
"2020-06-17","Wednesday","mini",FALSE,0,0,NA
"2020-06-18","Thursday","daily",TRUE,5,0,NA
"2020-06-18","Thursday","mini",FALSE,0,0,NA
"2020-06-19","Friday","daily",FALSE,0,0,NA
"2020-06-19","Friday","mini",FALSE,0,0,NA
"2020-06-20","Saturday","daily",FALSE,0,0,NA
"2020-06-20","Saturday","mini",FALSE,0,0,NA
"2020-06-21","Sunday","daily",FALSE,0,0,NA
"2020-06-21","Sunday","mini",FALSE,0,0,NA
"2020-06-22","Monday","daily",FALSE,0,0,NA
"2020-06-22","Monday","mini",FALSE,0,0,NA
"2020-06-23","Tuesday","daily",FALSE,0,0,NA
"2020-06-23","Tuesday","mini",FALSE,0,0,NA
"2020-06-24","Wednesday","daily",FALSE,0,0,NA
"2020-06-24","Wednesday","mini",FALSE,0,0,NA
"2020-06-25","Thursday","daily",FALSE,0,0,NA
"2020-06-25","Thursday","mini",FALSE,0,0,NA
"2020-06-26","Friday","daily",FALSE,0,0,NA
"2020-06-26","Friday","mini",FALSE,0,0,NA
"2020-06-27","Saturday","daily",FALSE,0,0,NA
"2020-06-27","Saturday","mini",FALSE,0,0,NA
"2020-06-28","Sunday","daily",FALSE,0,0,NA
"2020-06-28","Sunday","mini",FALSE,0,0,NA
"2020-06-29","Monday","daily",FALSE,0,0,NA
"2020-06-29","Monday","mini",FALSE,0,0,NA
"2020-06-30","Tuesday","daily",FALSE,0,0,NA
"2020-06-30","Tuesday","mini",FALSE,0,0,NA
"2020-07-01","Wednesday","daily",FALSE,0,0,NA
"2020-07-01","Wednesday","mini",FALSE,0,0,NA
"2020-07-02","Thursday","daily",FALSE,0,0,NA
"2020-07-02","Thursday","mini",FALSE,0,0,NA
"2020-07-03","Friday","daily",FALSE,0,0,NA
"2020-07-03","Friday","mini",FALSE,0,0,NA
"2020-07-04","Saturday","daily",FALSE,0,0,NA
"2020-07-04","Saturday","mini",FALSE,0,0,NA
"2020-07-05","Sunday","daily",TRUE,5,0,NA
"2020-07-05","Sunday","mini",FALSE,0,0,NA
"2020-07-06","Monday","daily",FALSE,0,0,NA
"2020-07-06","Monday","mini",FALSE,0,0,NA
"2020-07-07","Tuesday","daily",FALSE,0,0,NA
"2020-07-07","Tuesday","mini",FALSE,0,0,NA
"2020-07-08","Wednesday","daily",FALSE,0,0,NA
"2020-07-08","Wednesday","mini",FALSE,0,0,NA
"2020-07-09","Thursday","daily",TRUE,4,0,NA
"2020-07-09","Thursday","mini",FALSE,0,0,NA
"2020-07-10","Friday","daily",FALSE,0,0,NA
"2020-07-10","Friday","mini",FALSE,0,0,NA
"2020-07-11","Saturday","daily",FALSE,0,0,NA
"2020-07-11","Saturday","mini",FALSE,0,0,NA
"2020-07-12","Sunday","daily",FALSE,0,0,NA
"2020-07-12","Sunday","mini",FALSE,0,0,NA
"2020-07-13","Monday","daily",FALSE,0,0,NA
"2020-07-13","Monday","mini",FALSE,0,0,NA
"2020-07-14","Tuesday","daily",FALSE,0,0,NA
"2020-07-14","Tuesday","mini",FALSE,0,0,NA
"2020-07-15","Wednesday","daily",FALSE,0,0,NA
"2020-07-15","Wednesday","mini",FALSE,0,0,NA
"2020-07-16","Thursday","daily",FALSE,0,0,NA
"2020-07-16","Thursday","mini",FALSE,0,0,NA
"2020-07-17","Friday","daily",FALSE,0,0,NA
"2020-07-17","Friday","mini",FALSE,0,0,NA
"2020-07-18","Saturday","daily",FALSE,0,0,NA
"2020-07-18","Saturday","mini",FALSE,0,0,NA
"2020-07-19","Sunday","daily",FALSE,0,0,NA
"2020-07-19","Sunday","mini",FALSE,0,0,NA
"2020-07-20","Monday","daily",FALSE,0,0,NA
"2020-07-20","Monday","mini",FALSE,0,0,NA
"2020-07-21","Tuesday","daily",FALSE,0,0,NA
"2020-07-21","Tuesday","mini",FALSE,0,0,NA
"2020-07-22","Wednesday","daily",FALSE,0,0,NA
"2020-07-22","Wednesday","mini",FALSE,0,0,NA
"2020-07-23","Thursday","daily",FALSE,0,0,NA
"2020-07-23","Thursday","mini",FALSE,0,0,NA
"2020-07-24","Friday","daily",FALSE,0,0,NA
"2020-07-24","Friday","mini",FALSE,0,0,NA
"2020-07-25","Saturday","daily",FALSE,0,0,NA
"2020-07-25","Saturday","mini",FALSE,0,0,NA
"2020-07-26","Sunday","daily",FALSE,0,0,NA
"2020-07-26","Sunday","mini",FALSE,0,0,NA
"2020-07-27","Monday","daily",FALSE,0,0,NA
"2020-07-27","Monday","mini",FALSE,0,0,NA
"2020-07-28","Tuesday","daily",FALSE,0,0,NA
"2020-07-28","Tuesday","mini",FALSE,0,0,NA
"2020-07-29","Wednesday","daily",FALSE,0,0,NA
"2020-07-29","Wednesday","mini",FALSE,0,0,NA
"2020-07-30","Thursday","daily",FALSE,0,0,NA
"2020-07-30","Thursday","mini",FALSE,0,0,NA
"2020-07-31","Friday","daily",FALSE,0,0,NA
"2020-07-31","Friday","mini",FALSE,0,0,NA
"2020-08-01","Saturday","daily",FALSE,0,0,NA
"2020-08-01","Saturday","mini",FALSE,0,0,NA
"2020-08-02","Sunday","daily",FALSE,0,0,NA
"2020-08-02","Sunday","mini",FALSE,0,0,NA
"2020-08-03","Monday","daily",FALSE,0,0,NA
"2020-08-03","Monday","mini",FALSE,0,0,NA
"2020-08-04","Tuesday","daily",FALSE,0,0,NA
"2020-08-04","Tuesday","mini",FALSE,0,0,NA
"2020-08-05","Wednesday","daily",FALSE,0,0,NA
"2020-08-05","Wednesday","mini",FALSE,0,0,NA
"2020-08-06","Thursday","daily",TRUE,4,0,NA
"2020-08-06","Thursday","mini",FALSE,0,0,NA
"2020-08-07","Friday","daily",FALSE,0,0,NA
"2020-08-07","Friday","mini",FALSE,0,0,NA
"2020-08-08","Saturday","daily",FALSE,0,0,NA
"2020-08-08","Saturday","mini",FALSE,0,0,NA
"2020-08-09","Sunday","daily",FALSE,0,0,NA
"2020-08-09","Sunday","mini",FALSE,0,0,NA
"2020-08-10","Monday","daily",FALSE,0,0,NA
"2020-08-10","Monday","mini",FALSE,0,0,NA
"2020-08-11","Tuesday","daily",FALSE,0,0,NA
"2020-08-11","Tuesday","mini",FALSE,0,0,NA
"2020-08-12","Wednesday","daily",FALSE,0,0,NA
"2020-08-12","Wednesday","mini",FALSE,0,0,NA
"2020-08-13","Thursday","daily",FALSE,0,0,NA
"2020-08-13","Thursday","mini",FALSE,0,0,NA
"2020-08-14","Friday","daily",FALSE,0,0,NA
"2020-08-14","Friday","mini",FALSE,0,0,NA
"2020-08-15","Saturday","daily",FALSE,0,0,NA
"2020-08-15","Saturday","mini",FALSE,0,0,NA
"2020-08-16","Sunday","daily",FALSE,0,0,NA
"2020-08-16","Sunday","mini",FALSE,0,0,NA
"2020-08-17","Monday","daily",FALSE,0,0,NA
"2020-08-17","Monday","mini",FALSE,0,0,NA
"2020-08-18","Tuesday","daily",FALSE,0,0,NA
"2020-08-18","Tuesday","mini",FALSE,0,0,NA
"2020-08-19","Wednesday","daily",FALSE,0,0,NA
"2020-08-19","Wednesday","mini",FALSE,0,0,NA
"2020-08-20","Thursday","daily",FALSE,0,0,NA
"2020-08-20","Thursday","mini",FALSE,0,0,NA
"2020-08-21","Friday","daily",FALSE,0,0,NA
"2020-08-21","Friday","mini",FALSE,0,0,NA
"2020-08-22","Saturday","daily",FALSE,0,0,NA
"2020-08-22","Saturday","mini",FALSE,0,0,NA
"2020-08-23","Sunday","daily",FALSE,0,0,NA
"2020-08-23","Sunday","mini",FALSE,0,0,NA
"2020-08-24","Monday","daily",FALSE,0,0,NA
"2020-08-24","Monday","mini",FALSE,0,0,NA
"2020-08-25","Tuesday","daily",FALSE,0,0,NA
"2020-08-25","Tuesday","mini",FALSE,0,0,NA
"2020-08-26","Wednesday","daily",FALSE,0,0,NA
"2020-08-26","Wednesday","mini",FALSE,0,0,NA
"2020-08-27","Thursday","daily",TRUE,3,0,NA
"2020-08-27","Thursday","mini",FALSE,0,0,NA
"2020-08-28","Friday","daily",FALSE,0,0,NA
"2020-08-28","Friday","mini",FALSE,0,0,NA
"2020-08-29","Saturday","daily",FALSE,0,0,NA
"2020-08-29","Saturday","mini",FALSE,0,0,NA
"2020-08-30","Sunday","daily",FALSE,0,0,NA
"2020-08-30","Sunday","mini",FALSE,0,0,NA
"2020-08-31","Monday","daily",FALSE,0,0,NA
"2020-08-31","Monday","mini",FALSE,0,0,NA
"2020-09-01","Tuesday","daily",FALSE,0,0,NA
"2020-09-01","Tuesday","mini",FALSE,0,0,NA
"2020-09-02","Wednesday","daily",FALSE,0,0,NA
"2020-09-02","Wednesday","mini",FALSE,0,0,NA
"2020-09-03","Thursday","daily",FALSE,0,0,NA
"2020-09-03","Thursday","mini",FALSE,0,0,NA
"2020-09-04","Friday","daily",FALSE,0,0,NA
"2020-09-04","Friday","mini",FALSE,0,0,NA
"2020-09-05","Saturday","daily",FALSE,0,0,NA
"2020-09-05","Saturday","mini",FALSE,0,0,NA
"2020-09-06","Sunday","daily",FALSE,0,0,NA
"2020-09-06","Sunday","mini",FALSE,0,0,NA
"2020-09-07","Monday","daily",FALSE,0,0,NA
"2020-09-07","Monday","mini",FALSE,0,0,NA
"2020-09-08","Tuesday","daily",FALSE,0,0,NA
"2020-09-08","Tuesday","mini",FALSE,0,0,NA
"2020-09-09","Wednesday","daily",FALSE,0,0,NA
"2020-09-09","Wednesday","mini",FALSE,0,0,NA
"2020-09-10","Thursday","daily",TRUE,1,0,NA
"2020-09-10","Thursday","mini",FALSE,0,0,NA
"2020-09-11","Friday","daily",FALSE,0,0,NA
"2020-09-11","Friday","mini",FALSE,0,0,NA
"2020-09-12","Saturday","daily",FALSE,0,0,NA
"2020-09-12","Saturday","mini",FALSE,0,0,NA
"2020-09-13","Sunday","daily",FALSE,0,0,NA
"2020-09-13","Sunday","mini",FALSE,0,0,NA
"2020-09-14","Monday","daily",FALSE,0,0,NA
"2020-09-14","Monday","mini",FALSE,0,0,NA
"2020-09-15","Tuesday","daily",FALSE,0,0,NA
"2020-09-15","Tuesday","mini",FALSE,0,0,NA
"2020-09-16","Wednesday","daily",FALSE,0,0,NA
"2020-09-16","Wednesday","mini",FALSE,0,0,NA
"2020-09-17","Thursday","daily",FALSE,0,0,NA
"2020-09-17","Thursday","mini",FALSE,0,0,NA
"2020-09-18","Friday","daily",FALSE,0,0,NA
"2020-09-18","Friday","mini",FALSE,0,0,NA
"2020-09-19","Saturday","daily",FALSE,0,0,NA
"2020-09-19","Saturday","mini",FALSE,0,0,NA
"2020-09-20","Sunday","daily",FALSE,0,0,NA
"2020-09-20","Sunday","mini",FALSE,0,0,NA
"2020-09-21","Monday","daily",FALSE,0,0,NA
"2020-09-21","Monday","mini",FALSE,0,0,NA
"2020-09-22","Tuesday","daily",FALSE,0,0,NA
"2020-09-22","Tuesday","mini",FALSE,0,0,NA
"2020-09-23","Wednesday","daily",FALSE,0,0,NA
"2020-09-23","Wednesday","mini",FALSE,0,0,NA
"2020-09-24","Thursday","daily",FALSE,0,0,NA
"2020-09-24","Thursday","mini",FALSE,0,0,NA
"2020-09-25","Friday","daily",FALSE,0,0,NA
"2020-09-25","Friday","mini",FALSE,0,0,NA
"2020-09-26","Saturday","daily",FALSE,0,0,NA
"2020-09-26","Saturday","mini",FALSE,0,0,NA
"2020-09-27","Sunday","daily",TRUE,1,0,NA
"2020-09-27","Sunday","mini",FALSE,0,0,NA
"2020-09-28","Monday","daily",FALSE,0,0,NA
"2020-09-28","Monday","mini",FALSE,0,0,NA
"2020-09-29","Tuesday","daily",FALSE,0,0,NA
"2020-09-29","Tuesday","mini",FALSE,0,0,NA
"2020-09-30","Wednesday","daily",FALSE,0,0,NA
"2020-09-30","Wednesday","mini",FALSE,0,0,NA
"2020-10-01","Thursday","daily",TRUE,5,0,NA
"2020-10-01","Thursday","mini",FALSE,0,0,NA
"2020-10-02","Friday","daily",FALSE,0,0,NA
"2020-10-02","Friday","mini",FALSE,0,0,NA
"2020-10-03","Saturday","daily",FALSE,0,0,NA
"2020-10-03","Saturday","mini",FALSE,0,0,NA
"2020-10-04","Sunday","daily",FALSE,0,0,NA
"2020-10-04","Sunday","mini",FALSE,0,0,NA
"2020-10-05","Monday","daily",FALSE,0,0,NA
"2020-10-05","Monday","mini",FALSE,0,0,NA
"2020-10-06","Tuesday","daily",FALSE,0,0,NA
"2020-10-06","Tuesday","mini",FALSE,0,0,NA
"2020-10-07","Wednesday","daily",FALSE,0,0,NA
"2020-10-07","Wednesday","mini",FALSE,0,0,NA
"2020-10-08","Thursday","daily",FALSE,0,0,NA
"2020-10-08","Thursday","mini",FALSE,0,0,NA
"2020-10-09","Friday","daily",FALSE,0,0,NA
"2020-10-09","Friday","mini",FALSE,0,0,NA
"2020-10-10","Saturday","daily",FALSE,0,0,NA
"2020-10-10","Saturday","mini",FALSE,0,0,NA
"2020-10-11","Sunday","daily",TRUE,7,0,NA
"2020-10-11","Sunday","mini",FALSE,0,0,NA
"2020-10-12","Monday","daily",FALSE,0,0,NA
"2020-10-12","Monday","mini",FALSE,0,0,NA
"2020-10-13","Tuesday","daily",FALSE,0,0,NA
"2020-10-13","Tuesday","mini",FALSE,0,0,NA
"2020-10-14","Wednesday","daily",FALSE,0,0,NA
"2020-10-14","Wednesday","mini",FALSE,0,0,NA
"2020-10-15","Thursday","daily",FALSE,0,0,NA
"2020-10-15","Thursday","mini",FALSE,0,0,NA
"2020-10-16","Friday","daily",FALSE,0,0,NA
"2020-10-16","Friday","mini",FALSE,0,0,NA
"2020-10-17","Saturday","daily",FALSE,0,0,NA
"2020-10-17","Saturday","mini",FALSE,0,0,NA
"2020-10-18","Sunday","daily",FALSE,0,0,NA
"2020-10-18","Sunday","mini",FALSE,0,0,NA
"2020-10-19","Monday","daily",FALSE,0,0,NA
"2020-10-19","Monday","mini",FALSE,0,0,NA
"2020-10-20","Tuesday","daily",FALSE,0,0,NA
"2020-10-20","Tuesday","mini",FALSE,0,0,NA
"2020-10-21","Wednesday","daily",FALSE,0,0,NA
"2020-10-21","Wednesday","mini",FALSE,0,0,NA
"2020-10-22","Thursday","daily",FALSE,0,9,NA
"2020-10-22","Thursday","mini",FALSE,0,0,NA
"2020-10-23","Friday","daily",FALSE,0,0,NA
"2020-10-23","Friday","mini",FALSE,0,0,NA
"2020-10-24","Saturday","daily",FALSE,0,0,NA
"2020-10-24","Saturday","mini",FALSE,0,0,NA
"2020-10-25","Sunday","daily",FALSE,0,0,NA
"2020-10-25","Sunday","mini",FALSE,0,0,NA
"2020-10-26","Monday","daily",FALSE,0,0,NA
"2020-10-26","Monday","mini",FALSE,0,0,NA
"2020-10-27","Tuesday","daily",FALSE,0,0,NA
"2020-10-27","Tuesday","mini",FALSE,0,0,NA
"2020-10-28","Wednesday","daily",FALSE,0,0,NA
"2020-10-28","Wednesday","mini",FALSE,0,0,NA
"2020-10-29","Thursday","daily",FALSE,0,0,NA
"2020-10-29","Thursday","mini",FALSE,0,0,NA
"2020-10-30","Friday","daily",FALSE,0,0,NA
"2020-10-30","Friday","mini",FALSE,0,0,NA
"2020-10-31","Saturday","daily",FALSE,0,0,NA
"2020-10-31","Saturday","mini",FALSE,0,0,NA
"2020-11-01","Sunday","daily",FALSE,0,0,NA
"2020-11-01","Sunday","mini",FALSE,0,0,NA
"2020-11-02","Monday","daily",FALSE,0,0,NA
"2020-11-02","Monday","mini",FALSE,0,0,NA
"2020-11-03","Tuesday","daily",FALSE,0,0,NA
"2020-11-03","Tuesday","mini",FALSE,0,0,NA
"2020-11-04","Wednesday","daily",FALSE,0,0,NA
"2020-11-04","Wednesday","mini",FALSE,0,0,NA
"2020-11-05","Thursday","daily",FALSE,0,4,NA
"2020-11-05","Thursday","mini",FALSE,0,0,NA
"2020-11-06","Friday","daily",FALSE,0,0,NA
"2020-11-06","Friday","mini",FALSE,0,0,NA
"2020-11-07","Saturday","daily",FALSE,0,0,NA
"2020-11-07","Saturday","mini",FALSE,0,0,NA
"2020-11-08","Sunday","daily",FALSE,0,0,NA
"2020-11-08","Sunday","mini",FALSE,0,0,NA
"2020-11-09","Monday","daily",FALSE,0,0,NA
"2020-11-09","Monday","mini",FALSE,0,0,NA
"2020-11-10","Tuesday","daily",FALSE,0,0,NA
"2020-11-10","Tuesday","mini",FALSE,0,0,NA
"2020-11-11","Wednesday","daily",FALSE,0,0,NA
"2020-11-11","Wednesday","mini",FALSE,0,0,NA
"2020-11-12","Thursday","daily",FALSE,0,0,NA
"2020-11-12","Thursday","mini",FALSE,0,0,NA
"2020-11-13","Friday","daily",FALSE,0,0,NA
"2020-11-13","Friday","mini",FALSE,0,0,NA
"2020-11-14","Saturday","daily",FALSE,0,0,NA
"2020-11-14","Saturday","mini",FALSE,0,0,NA
"2020-11-15","Sunday","daily",FALSE,0,0,NA
"2020-11-15","Sunday","mini",FALSE,0,0,NA
"2020-11-16","Monday","daily",FALSE,0,0,NA
"2020-11-16","Monday","mini",FALSE,0,0,NA
"2020-11-17","Tuesday","daily",FALSE,0,0,NA
"2020-11-17","Tuesday","mini",FALSE,0,0,NA
"2020-11-18","Wednesday","daily",TRUE,4,0,NA
"2020-11-18","Wednesday","mini",FALSE,0,0,NA
"2020-11-19","Thursday","daily",FALSE,0,0,NA
"2020-11-19","Thursday","mini",FALSE,0,0,NA
"2020-11-20","Friday","daily",FALSE,0,0,NA
"2020-11-20","Friday","mini",FALSE,0,0,NA
"2020-11-21","Saturday","daily",FALSE,0,0,NA
"2020-11-21","Saturday","mini",FALSE,0,0,NA
"2020-11-22","Sunday","daily",FALSE,0,0,NA
"2020-11-22","Sunday","mini",FALSE,0,0,NA
"2020-11-23","Monday","daily",FALSE,0,0,NA
"2020-11-23","Monday","mini",FALSE,0,0,NA
"2020-11-24","Tuesday","daily",FALSE,0,0,NA
"2020-11-24","Tuesday","mini",FALSE,0,0,NA
"2020-11-25","Wednesday","daily",FALSE,0,0,NA
"2020-11-25","Wednesday","mini",FALSE,0,0,NA
"2020-11-26","Thursday","daily",FALSE,0,0,NA
"2020-11-26","Thursday","mini",FALSE,0,0,NA
"2020-11-27","Friday","daily",FALSE,0,0,NA
"2020-11-27","Friday","mini",FALSE,0,0,NA
"2020-11-28","Saturday","daily",FALSE,0,0,NA
"2020-11-28","Saturday","mini",FALSE,0,0,NA
"2020-11-29","Sunday","daily",FALSE,0,0,NA
"2020-11-29","Sunday","mini",FALSE,0,0,NA
"2020-11-30","Monday","daily",FALSE,0,0,NA
"2020-11-30","Monday","mini",FALSE,0,0,NA
"2020-12-01","Tuesday","daily",FALSE,0,0,NA
"2020-12-01","Tuesday","mini",FALSE,0,0,NA
"2020-12-02","Wednesday","daily",FALSE,0,0,NA
"2020-12-02","Wednesday","mini",FALSE,0,0,NA
"2020-12-03","Thursday","daily",TRUE,3,0,NA
"2020-12-03","Thursday","mini",FALSE,0,0,NA
"2020-12-04","Friday","daily",FALSE,0,0,NA
"2020-12-04","Friday","mini",FALSE,0,0,NA
"2020-12-05","Saturday","daily",FALSE,0,0,NA
"2020-12-05","Saturday","mini",FALSE,0,0,NA
"2020-12-06","Sunday","daily",FALSE,0,0,NA
"2020-12-06","Sunday","mini",FALSE,0,0,NA
"2020-12-07","Monday","daily",FALSE,0,0,NA
"2020-12-07","Monday","mini",FALSE,0,0,NA
"2020-12-08","Tuesday","daily",FALSE,0,0,NA
"2020-12-08","Tuesday","mini",FALSE,0,0,NA
"2020-12-09","Wednesday","daily",FALSE,0,0,NA
"2020-12-09","Wednesday","mini",FALSE,0,0,NA
"2020-12-10","Thursday","daily",FALSE,0,0,NA
"2020-12-10","Thursday","mini",FALSE,0,0,NA
"2020-12-11","Friday","daily",FALSE,0,0,NA
"2020-12-11","Friday","mini",FALSE,0,0,NA
"2020-12-12","Saturday","daily",FALSE,0,0,NA
"2020-12-12","Saturday","mini",FALSE,0,0,NA
"2020-12-13","Sunday","daily",FALSE,0,0,NA
"2020-12-13","Sunday","mini",FALSE,0,0,NA
"2020-12-14","Monday","daily",FALSE,0,0,NA
"2020-12-14","Monday","mini",FALSE,0,0,NA
"2020-12-15","Tuesday","daily",FALSE,0,0,NA
"2020-12-15","Tuesday","mini",FALSE,0,0,NA
"2020-12-16","Wednesday","daily",FALSE,0,0,NA
"2020-12-16","Wednesday","mini",FALSE,0,0,NA
"2020-12-17","Thursday","daily",FALSE,0,0,NA
"2020-12-17","Thursday","mini",FALSE,0,0,NA
"2020-12-18","Friday","daily",FALSE,0,0,NA
"2020-12-18","Friday","mini",FALSE,0,0,NA
"2020-12-19","Saturday","daily",FALSE,0,0,NA
"2020-12-19","Saturday","mini",FALSE,0,0,NA
"2020-12-20","Sunday","daily",FALSE,0,0,NA
"2020-12-20","Sunday","mini",FALSE,0,0,NA
"2020-12-21","Monday","daily",FALSE,0,0,NA
"2020-12-21","Monday","mini",FALSE,0,0,NA
"2020-12-22","Tuesday","daily",FALSE,0,0,NA
"2020-12-22","Tuesday","mini",FALSE,0,0,NA
"2020-12-23","Wednesday","daily",TRUE,4,0,NA
"2020-12-23","Wednesday","mini",FALSE,0,0,NA
"2020-12-24","Thursday","daily",FALSE,0,0,NA
"2020-12-24","Thursday","mini",FALSE,0,0,NA
"2020-12-25","Friday","daily",FALSE,0,0,NA
"2020-12-25","Friday","mini",FALSE,0,0,NA
"2020-12-26","Saturday","daily",FALSE,0,0,NA
"2020-12-26","Saturday","mini",FALSE,0,0,NA
"2020-12-27","Sunday","daily",FALSE,0,0,NA
"2020-12-27","Sunday","mini",FALSE,0,0,NA
"2020-12-28","Monday","daily",FALSE,0,0,NA
"2020-12-28","Monday","mini",FALSE,0,0,NA
"2020-12-29","Tuesday","daily",FALSE,0,0,NA
"2020-12-29","Tuesday","mini",FALSE,0,0,NA
"2020-12-30","Wednesday","daily",FALSE,0,0,NA
"2020-12-30","Wednesday","mini",FALSE,0,0,NA
"2020-12-31","Thursday","daily",TRUE,4,0,NA
"2020-12-31","Thursday","mini",FALSE,0,0,NA
"2021-01-01","Friday","daily",FALSE,0,0,NA
"2021-01-01","Friday","mini",FALSE,0,0,NA
"2021-01-02","Saturday","daily",FALSE,0,0,NA
"2021-01-02","Saturday","mini",FALSE,0,0,NA
"2021-01-03","Sunday","daily",FALSE,0,0,NA
"2021-01-03","Sunday","mini",FALSE,0,0,NA
"2021-01-04","Monday","daily",FALSE,0,0,NA
"2021-01-04","Monday","mini",FALSE,0,0,NA
"2021-01-05","Tuesday","daily",FALSE,0,0,NA
"2021-01-05","Tuesday","mini",FALSE,0,0,NA
"2021-01-06","Wednesday","daily",FALSE,0,0,NA
"2021-01-06","Wednesday","mini",FALSE,0,0,NA
"2021-01-07","Thursday","daily",FALSE,0,0,NA
"2021-01-07","Thursday","mini",FALSE,0,0,NA
"2021-01-08","Friday","daily",FALSE,0,0,NA
"2021-01-08","Friday","mini",FALSE,0,0,NA
"2021-01-09","Saturday","daily",FALSE,0,0,NA
"2021-01-09","Saturday","mini",FALSE,0,0,NA
"2021-01-10","Sunday","daily",FALSE,0,0,NA
"2021-01-10","Sunday","mini",FALSE,0,0,NA
"2021-01-11","Monday","daily",FALSE,0,0,NA
"2021-01-11","Monday","mini",FALSE,0,0,NA
"2021-01-12","Tuesday","daily",FALSE,0,0,NA
"2021-01-12","Tuesday","mini",FALSE,0,0,NA
"2021-01-13","Wednesday","daily",FALSE,0,0,NA
"2021-01-13","Wednesday","mini",FALSE,0,0,NA
"2021-01-14","Thursday","daily",TRUE,6,0,NA
"2021-01-14","Thursday","mini",FALSE,0,0,NA
"2021-01-15","Friday","daily",FALSE,0,0,NA
"2021-01-15","Friday","mini",FALSE,0,0,NA
"2021-01-16","Saturday","daily",FALSE,0,0,NA
"2021-01-16","Saturday","mini",FALSE,0,0,NA
"2021-01-17","Sunday","daily",TRUE,6,0,NA
"2021-01-17","Sunday","mini",FALSE,0,0,NA
"2021-01-18","Monday","daily",FALSE,0,0,NA
"2021-01-18","Monday","mini",FALSE,0,0,NA
"2021-01-19","Tuesday","daily",FALSE,0,0,NA
"2021-01-19","Tuesday","mini",FALSE,0,0,NA
"2021-01-20","Wednesday","daily",FALSE,0,0,NA
"2021-01-20","Wednesday","mini",FALSE,0,0,NA
"2021-01-21","Thursday","daily",FALSE,0,0,NA
"2021-01-21","Thursday","mini",FALSE,0,0,NA
"2021-01-22","Friday","daily",FALSE,0,0,NA
"2021-01-22","Friday","mini",FALSE,0,0,NA
"2021-01-23","Saturday","daily",FALSE,0,0,NA
"2021-01-23","Saturday","mini",FALSE,0,0,NA
"2021-01-24","Sunday","daily",FALSE,0,0,NA
"2021-01-24","Sunday","mini",FALSE,0,0,NA
"2021-01-25","Monday","daily",FALSE,0,0,NA
"2021-01-25","Monday","mini",FALSE,0,0,NA
"2021-01-26","Tuesday","daily",FALSE,0,0,NA
"2021-01-26","Tuesday","mini",FALSE,0,0,NA
"2021-01-27","Wednesday","daily",FALSE,0,0,NA
"2021-01-27","Wednesday","mini",FALSE,0,0,NA
"2021-01-28","Thursday","daily",FALSE,0,0,NA
"2021-01-28","Thursday","mini",FALSE,0,0,NA
"2021-01-29","Friday","daily",FALSE,0,0,NA
"2021-01-29","Friday","mini",FALSE,0,0,NA
"2021-01-30","Saturday","daily",FALSE,0,0,NA
"2021-01-30","Saturday","mini",FALSE,0,0,NA
"2021-01-31","Sunday","daily",FALSE,0,0,NA
"2021-01-31","Sunday","mini",FALSE,0,0,NA
"2021-02-01","Monday","daily",FALSE,0,0,NA
"2021-02-01","Monday","mini",FALSE,0,0,NA
"2021-02-02","Tuesday","daily",FALSE,0,0,NA
"2021-02-02","Tuesday","mini",FALSE,0,0,NA
"2021-02-03","Wednesday","daily",FALSE,0,0,NA
"2021-02-03","Wednesday","mini",FALSE,0,0,NA
"2021-02-04","Thursday","daily",TRUE,4,0,NA
"2021-02-04","Thursday","mini",FALSE,0,0,NA
"2021-02-05","Friday","daily",FALSE,0,0,NA
"2021-02-05","Friday","mini",FALSE,0,0,NA
"2021-02-06","Saturday","daily",FALSE,0,0,NA
"2021-02-06","Saturday","mini",FALSE,0,0,NA
"2021-02-07","Sunday","daily",FALSE,0,0,NA
"2021-02-07","Sunday","mini",FALSE,0,0,NA
"2021-02-08","Monday","daily",FALSE,0,0,NA
"2021-02-08","Monday","mini",FALSE,0,0,NA
"2021-02-09","Tuesday","daily",FALSE,0,0,NA
"2021-02-09","Tuesday","mini",FALSE,0,0,NA
"2021-02-10","Wednesday","daily",FALSE,0,0,NA
"2021-02-10","Wednesday","mini",FALSE,0,0,NA
"2021-02-11","Thursday","daily",FALSE,0,0,NA
"2021-02-11","Thursday","mini",FALSE,0,0,NA
"2021-02-12","Friday","daily",FALSE,0,0,NA
"2021-02-12","Friday","mini",FALSE,0,0,NA
"2021-02-13","Saturday","daily",FALSE,0,0,NA
"2021-02-13","Saturday","mini",FALSE,0,0,NA
"2021-02-14","Sunday","daily",TRUE,8,0,NA
"2021-02-14","Sunday","mini",FALSE,0,0,NA
"2021-02-15","Monday","daily",FALSE,0,0,NA
"2021-02-15","Monday","mini",FALSE,0,0,NA
"2021-02-16","Tuesday","daily",FALSE,0,0,NA
"2021-02-16","Tuesday","mini",FALSE,0,0,NA
"2021-02-17","Wednesday","daily",FALSE,0,0,NA
"2021-02-17","Wednesday","mini",FALSE,0,0,NA
"2021-02-18","Thursday","daily",TRUE,4,0,NA
"2021-02-18","Thursday","mini",FALSE,0,0,NA
"2021-02-19","Friday","daily",FALSE,0,0,NA
"2021-02-19","Friday","mini",FALSE,0,0,NA
"2021-02-20","Saturday","daily",FALSE,0,0,NA
"2021-02-20","Saturday","mini",FALSE,0,0,NA
"2021-02-21","Sunday","daily",FALSE,0,0,NA
"2021-02-21","Sunday","mini",FALSE,0,0,NA
"2021-02-22","Monday","daily",FALSE,0,0,NA
"2021-02-22","Monday","mini",FALSE,0,0,NA
"2021-02-23","Tuesday","daily",FALSE,0,0,NA
"2021-02-23","Tuesday","mini",FALSE,0,0,NA
"2021-02-24","Wednesday","daily",FALSE,0,0,NA
"2021-02-24","Wednesday","mini",FALSE,0,0,NA
"2021-02-25","Thursday","daily",FALSE,0,0,NA
"2021-02-25","Thursday","mini",FALSE,0,0,NA
"2021-02-26","Friday","daily",FALSE,0,0,NA
"2021-02-26","Friday","mini",FALSE,0,0,NA
"2021-02-27","Saturday","daily",FALSE,0,0,NA
"2021-02-27","Saturday","mini",FALSE,0,0,NA
"2021-02-28","Sunday","daily",FALSE,0,0,NA
"2021-02-28","Sunday","mini",FALSE,0,0,NA
"2021-03-01","Monday","daily",FALSE,0,0,NA
"2021-03-01","Monday","mini",FALSE,0,0,NA
"2021-03-02","Tuesday","daily",FALSE,0,0,NA
"2021-03-02","Tuesday","mini",FALSE,0,0,NA
"2021-03-03","Wednesday","daily",FALSE,0,0,NA
"2021-03-03","Wednesday","mini",FALSE,0,0,NA
"2021-03-04","Thursday","daily",TRUE,4,0,NA
"2021-03-04","Thursday","mini",FALSE,0,0,NA
"2021-03-05","Friday","daily",FALSE,0,0,NA
"2021-03-05","Friday","mini",FALSE,0,0,NA
"2021-03-06","Saturday","daily",FALSE,0,0,NA
"2021-03-06","Saturday","mini",FALSE,0,0,NA
"2021-03-07","Sunday","daily",FALSE,0,0,NA
"2021-03-07","Sunday","mini",FALSE,0,0,NA
"2021-03-08","Monday","daily",FALSE,0,0,NA
"2021-03-08","Monday","mini",FALSE,0,0,NA
"2021-03-09","Tuesday","daily",FALSE,0,0,NA
"2021-03-09","Tuesday","mini",FALSE,0,0,NA
"2021-03-10","Wednesday","daily",FALSE,0,0,NA
"2021-03-10","Wednesday","mini",FALSE,0,0,NA
"2021-03-11","Thursday","daily",FALSE,0,0,NA
"2021-03-11","Thursday","mini",FALSE,0,0,NA
"2021-03-12","Friday","daily",FALSE,0,0,NA
"2021-03-12","Friday","mini",FALSE,0,0,NA
"2021-03-13","Saturday","daily",FALSE,0,0,NA
"2021-03-13","Saturday","mini",FALSE,0,0,NA
"2021-03-14","Sunday","daily",FALSE,0,0,NA
"2021-03-14","Sunday","mini",FALSE,0,0,NA
"2021-03-15","Monday","daily",FALSE,0,0,NA
"2021-03-15","Monday","mini",FALSE,0,0,NA
"2021-03-16","Tuesday","daily",FALSE,0,0,NA
"2021-03-16","Tuesday","mini",FALSE,0,0,NA
"2021-03-17","Wednesday","daily",FALSE,0,0,NA
"2021-03-17","Wednesday","mini",FALSE,0,0,NA
"2021-03-18","Thursday","daily",FALSE,0,10,NA
"2021-03-18","Thursday","mini",FALSE,0,0,NA
"2021-03-19","Friday","daily",FALSE,0,0,NA
"2021-03-19","Friday","mini",FALSE,0,0,NA
"2021-03-20","Saturday","daily",FALSE,0,0,NA
"2021-03-20","Saturday","mini",FALSE,0,0,NA
"2021-03-21","Sunday","daily",FALSE,0,0,NA
"2021-03-21","Sunday","mini",FALSE,0,0,NA
"2021-03-22","Monday","daily",FALSE,0,0,NA
"2021-03-22","Monday","mini",FALSE,0,0,NA
"2021-03-23","Tuesday","daily",FALSE,0,0,NA
"2021-03-23","Tuesday","mini",FALSE,0,0,NA
"2021-03-24","Wednesday","daily",FALSE,0,0,NA
"2021-03-24","Wednesday","mini",FALSE,0,0,NA
"2021-03-25","Thursday","daily",FALSE,0,0,NA
"2021-03-25","Thursday","mini",FALSE,0,0,NA
"2021-03-26","Friday","daily",FALSE,0,0,NA
"2021-03-26","Friday","mini",FALSE,0,0,NA
"2021-03-27","Saturday","daily",FALSE,0,0,NA
"2021-03-27","Saturday","mini",FALSE,0,0,NA
"2021-03-28","Sunday","daily",FALSE,0,0,NA
"2021-03-28","Sunday","mini",FALSE,0,0,NA
"2021-03-29","Monday","daily",FALSE,0,0,NA
"2021-03-29","Monday","mini",FALSE,0,0,NA
"2021-03-30","Tuesday","daily",FALSE,0,0,NA
"2021-03-30","Tuesday","mini",FALSE,0,0,NA
"2021-03-31","Wednesday","daily",FALSE,0,0,NA
"2021-03-31","Wednesday","mini",FALSE,0,0,NA
"2021-04-01","Thursday","daily",FALSE,0,0,NA
"2021-04-01","Thursday","mini",FALSE,0,0,NA
"2021-04-02","Friday","daily",FALSE,0,0,NA
"2021-04-02","Friday","mini",FALSE,0,0,NA
"2021-04-03","Saturday","daily",FALSE,0,0,NA
"2021-04-03","Saturday","mini",FALSE,0,0,NA
"2021-04-04","Sunday","daily",FALSE,0,0,NA
"2021-04-04","Sunday","mini",FALSE,0,0,NA
"2021-04-05","Monday","daily",FALSE,0,0,NA
"2021-04-05","Monday","mini",FALSE,0,0,NA
"2021-04-06","Tuesday","daily",FALSE,0,0,NA
"2021-04-06","Tuesday","mini",FALSE,0,0,NA
"2021-04-07","Wednesday","daily",FALSE,0,0,NA
"2021-04-07","Wednesday","mini",FALSE,0,0,NA
"2021-04-08","Thursday","daily",FALSE,0,0,NA
"2021-04-08","Thursday","mini",FALSE,0,0,NA
"2021-04-09","Friday","daily",FALSE,0,0,NA
"2021-04-09","Friday","mini",FALSE,0,0,NA
"2021-04-10","Saturday","daily",FALSE,0,0,NA
"2021-04-10","Saturday","mini",FALSE,0,0,NA
"2021-04-11","Sunday","daily",FALSE,0,0,NA
"2021-04-11","Sunday","mini",FALSE,0,0,NA
"2021-04-12","Monday","daily",FALSE,0,0,NA
"2021-04-12","Monday","mini",FALSE,0,0,NA
"2021-04-13","Tuesday","daily",FALSE,0,0,NA
"2021-04-13","Tuesday","mini",FALSE,0,0,NA
"2021-04-14","Wednesday","daily",FALSE,0,0,NA
"2021-04-14","Wednesday","mini",FALSE,0,0,NA
"2021-04-15","Thursday","daily",FALSE,0,0,NA
"2021-04-15","Thursday","mini",FALSE,0,0,NA
"2021-04-16","Friday","daily",FALSE,0,0,NA
"2021-04-16","Friday","mini",FALSE,0,0,NA
"2021-04-17","Saturday","daily",FALSE,0,0,NA
"2021-04-17","Saturday","mini",FALSE,0,0,NA
"2021-04-18","Sunday","daily",FALSE,0,0,NA
"2021-04-18","Sunday","mini",FALSE,0,0,NA
"2021-04-19","Monday","daily",FALSE,0,0,NA
"2021-04-19","Monday","mini",FALSE,0,0,NA
"2021-04-20","Tuesday","daily",FALSE,0,0,NA
"2021-04-20","Tuesday","mini",FALSE,0,0,NA
"2021-04-21","Wednesday","daily",FALSE,0,0,NA
"2021-04-21","Wednesday","mini",FALSE,0,0,NA
"2021-04-22","Thursday","daily",TRUE,7,0,NA
"2021-04-22","Thursday","mini",FALSE,0,0,NA
"2021-04-23","Friday","daily",FALSE,0,0,NA
"2021-04-23","Friday","mini",FALSE,0,0,NA
"2021-04-24","Saturday","daily",FALSE,0,0,NA
"2021-04-24","Saturday","mini",FALSE,0,0,NA
"2021-04-25","Sunday","daily",FALSE,0,0,NA
"2021-04-25","Sunday","mini",FALSE,0,0,NA
"2021-04-26","Monday","daily",FALSE,0,0,NA
"2021-04-26","Monday","mini",FALSE,0,0,NA
"2021-04-27","Tuesday","daily",FALSE,0,0,NA
"2021-04-27","Tuesday","mini",FALSE,0,0,NA
"2021-04-28","Wednesday","daily",FALSE,0,0,NA
"2021-04-28","Wednesday","mini",FALSE,0,0,NA
"2021-04-29","Thursday","daily",TRUE,1,0,NA
"2021-04-29","Thursday","mini",FALSE,0,0,NA
"2021-04-30","Friday","daily",FALSE,0,0,NA
"2021-04-30","Friday","mini",FALSE,0,0,NA
"2021-05-01","Saturday","daily",FALSE,0,0,NA
"2021-05-01","Saturday","mini",FALSE,0,0,NA
"2021-05-02","Sunday","daily",FALSE,0,0,NA
"2021-05-02","Sunday","mini",FALSE,0,0,NA
"2021-05-03","Monday","daily",FALSE,0,0,NA
"2021-05-03","Monday","mini",FALSE,0,0,NA
"2021-05-04","Tuesday","daily",FALSE,0,0,NA
"2021-05-04","Tuesday","mini",FALSE,0,0,NA
"2021-05-05","Wednesday","daily",FALSE,0,0,NA
"2021-05-05","Wednesday","mini",FALSE,0,0,NA
"2021-05-06","Thursday","daily",TRUE,4,0,NA
"2021-05-06","Thursday","mini",FALSE,0,0,NA
"2021-05-07","Friday","daily",FALSE,0,0,NA
"2021-05-07","Friday","mini",FALSE,0,0,NA
"2021-05-08","Saturday","daily",FALSE,0,0,NA
"2021-05-08","Saturday","mini",FALSE,0,0,NA
"2021-05-09","Sunday","daily",FALSE,0,0,NA
"2021-05-09","Sunday","mini",FALSE,0,0,NA
"2021-05-10","Monday","daily",FALSE,0,0,NA
"2021-05-10","Monday","mini",FALSE,0,0,NA
"2021-05-11","Tuesday","daily",FALSE,0,0,NA
"2021-05-11","Tuesday","mini",FALSE,0,0,NA
"2021-05-12","Wednesday","daily",FALSE,0,0,NA
"2021-05-12","Wednesday","mini",FALSE,0,0,NA
"2021-05-13","Thursday","daily",FALSE,0,0,NA
"2021-05-13","Thursday","mini",FALSE,0,0,NA
"2021-05-14","Friday","daily",FALSE,0,0,NA
"2021-05-14","Friday","mini",FALSE,0,0,NA
"2021-05-15","Saturday","daily",FALSE,0,0,NA
"2021-05-15","Saturday","mini",FALSE,0,0,NA
"2021-05-16","Sunday","daily",FALSE,0,0,NA
"2021-05-16","Sunday","mini",FALSE,0,0,NA
"2021-05-17","Monday","daily",FALSE,0,0,NA
"2021-05-17","Monday","mini",FALSE,0,0,NA
"2021-05-18","Tuesday","daily",FALSE,0,0,NA
"2021-05-18","Tuesday","mini",FALSE,0,0,NA
"2021-05-19","Wednesday","daily",FALSE,0,0,NA
"2021-05-19","Wednesday","mini",FALSE,0,0,NA
"2021-05-20","Thursday","daily",FALSE,0,0,NA
"2021-05-20","Thursday","mini",FALSE,0,0,NA
"2021-05-21","Friday","daily",FALSE,0,0,NA
"2021-05-21","Friday","mini",FALSE,0,0,NA
"2021-05-22","Saturday","daily",FALSE,0,0,NA
"2021-05-22","Saturday","mini",FALSE,0,0,NA
"2021-05-23","Sunday","daily",FALSE,0,0,NA
"2021-05-23","Sunday","mini",FALSE,0,0,NA
"2021-05-24","Monday","daily",FALSE,0,0,NA
"2021-05-24","Monday","mini",FALSE,0,0,NA
"2021-05-25","Tuesday","daily",FALSE,0,0,NA
"2021-05-25","Tuesday","mini",FALSE,0,0,NA
"2021-05-26","Wednesday","daily",FALSE,0,0,NA
"2021-05-26","Wednesday","mini",FALSE,0,0,NA
"2021-05-27","Thursday","daily",FALSE,0,0,NA
"2021-05-27","Thursday","mini",FALSE,0,0,NA
"2021-05-28","Friday","daily",FALSE,0,0,NA
"2021-05-28","Friday","mini",FALSE,0,0,NA
"2021-05-29","Saturday","daily",FALSE,0,0,NA
"2021-05-29","Saturday","mini",FALSE,0,0,NA
"2021-05-30","Sunday","daily",FALSE,0,0,NA
"2021-05-30","Sunday","mini",FALSE,0,0,NA
"2021-05-31","Monday","daily",FALSE,0,0,NA
"2021-05-31","Monday","mini",FALSE,0,0,NA
"2021-06-01","Tuesday","daily",FALSE,0,0,NA
"2021-06-01","Tuesday","mini",FALSE,0,0,NA
"2021-06-02","Wednesday","daily",FALSE,0,0,NA
"2021-06-02","Wednesday","mini",FALSE,0,0,NA
"2021-06-03","Thursday","daily",TRUE,18,0,NA
"2021-06-03","Thursday","mini",FALSE,0,0,NA
"2021-06-04","Friday","daily",FALSE,0,0,NA
"2021-06-04","Friday","mini",FALSE,0,0,NA
"2021-06-05","Saturday","daily",FALSE,0,0,NA
"2021-06-05","Saturday","mini",FALSE,0,0,NA
"2021-06-06","Sunday","daily",FALSE,0,0,NA
"2021-06-06","Sunday","mini",FALSE,0,0,NA
"2021-06-07","Monday","daily",FALSE,0,0,NA
"2021-06-07","Monday","mini",FALSE,0,0,NA
"2021-06-08","Tuesday","daily",FALSE,0,0,NA
"2021-06-08","Tuesday","mini",FALSE,0,0,NA
"2021-06-09","Wednesday","daily",FALSE,0,0,NA
"2021-06-09","Wednesday","mini",FALSE,0,0,NA
"2021-06-10","Thursday","daily",FALSE,0,0,NA
"2021-06-10","Thursday","mini",FALSE,0,0,NA
"2021-06-11","Friday","daily",FALSE,0,0,NA
"2021-06-11","Friday","mini",FALSE,0,0,NA
"2021-06-12","Saturday","daily",FALSE,0,0,NA
"2021-06-12","Saturday","mini",FALSE,0,0,NA
"2021-06-13","Sunday","daily",FALSE,0,0,NA
"2021-06-13","Sunday","mini",FALSE,0,0,NA
"2021-06-14","Monday","daily",FALSE,0,0,NA
"2021-06-14","Monday","mini",FALSE,0,0,NA
"2021-06-15","Tuesday","daily",FALSE,0,0,NA
"2021-06-15","Tuesday","mini",FALSE,0,0,NA
"2021-06-16","Wednesday","daily",FALSE,0,0,NA
"2021-06-16","Wednesday","mini",FALSE,0,0,NA
"2021-06-17","Thursday","daily",FALSE,0,0,NA
"2021-06-17","Thursday","mini",FALSE,0,0,NA
"2021-06-18","Friday","daily",FALSE,0,0,NA
"2021-06-18","Friday","mini",FALSE,0,0,NA
"2021-06-19","Saturday","daily",FALSE,0,0,NA
"2021-06-19","Saturday","mini",FALSE,0,0,NA
"2021-06-19","Saturday","wordle",FALSE,NA,NA,"CIGAR"
"2021-06-20","Sunday","daily",FALSE,0,0,NA
"2021-06-20","Sunday","mini",FALSE,0,0,NA
"2021-06-20","Sunday","wordle",FALSE,NA,NA,"REBUT"
"2021-06-21","Monday","daily",FALSE,0,0,NA
"2021-06-21","Monday","mini",FALSE,0,0,NA
"2021-06-21","Monday","wordle",FALSE,NA,NA,"SISSY"
"2021-06-22","Tuesday","daily",FALSE,0,0,NA
"2021-06-22","Tuesday","mini",FALSE,0,0,NA
"2021-06-22","Tuesday","wordle",FALSE,NA,NA,"HUMPH"
"2021-06-23","Wednesday","daily",FALSE,0,0,NA
"2021-06-23","Wednesday","mini",FALSE,0,0,NA
"2021-06-23","Wednesday","wordle",TRUE,NA,NA,"AWAKE"
"2021-06-24","Thursday","daily",TRUE,4,0,NA
"2021-06-24","Thursday","mini",FALSE,0,0,NA
"2021-06-24","Thursday","wordle",FALSE,NA,NA,"BLUSH"
"2021-06-25","Friday","daily",FALSE,0,0,NA
"2021-06-25","Friday","mini",FALSE,0,0,NA
"2021-06-25","Friday","wordle",FALSE,NA,NA,"FOCAL"
"2021-06-26","Saturday","daily",FALSE,0,0,NA
"2021-06-26","Saturday","mini",FALSE,0,0,NA
"2021-06-26","Saturday","wordle",TRUE,NA,NA,"EVADE"
"2021-06-27","Sunday","daily",FALSE,0,0,NA
"2021-06-27","Sunday","mini",FALSE,0,0,NA
"2021-06-27","Sunday","wordle",FALSE,NA,NA,"NAVAL"
"2021-06-28","Monday","daily",FALSE,0,0,NA
"2021-06-28","Monday","mini",FALSE,0,0,NA
"2021-06-28","Monday","wordle",FALSE,NA,NA,"SERVE"
"2021-06-29","Tuesday","daily",FALSE,0,0,NA
"2021-06-29","Tuesday","mini",FALSE,0,0,NA
"2021-06-29","Tuesday","wordle",FALSE,NA,NA,"HEATH"
"2021-06-30","Wednesday","daily",FALSE,0,0,NA
"2021-06-30","Wednesday","mini",FALSE,0,0,NA
"2021-06-30","Wednesday","wordle",FALSE,NA,NA,"DWARF"
"2021-07-01","Thursday","daily",FALSE,0,0,NA
"2021-07-01","Thursday","mini",FALSE,0,0,NA
"2021-07-01","Thursday","wordle",FALSE,NA,NA,"MODEL"
"2021-07-02","Friday","daily",FALSE,0,0,NA
"2021-07-02","Friday","mini",FALSE,0,0,NA
"2021-07-02","Friday","wordle",FALSE,NA,NA,"KARMA"
"2021-07-03","Saturday","daily",FALSE,0,0,NA
"2021-07-03","Saturday","mini",FALSE,0,0,NA
"2021-07-03","Saturday","wordle",FALSE,NA,NA,"STINK"
"2021-07-04","Sunday","daily",FALSE,0,0,NA
"2021-07-04","Sunday","mini",FALSE,0,0,NA
"2021-07-04","Sunday","wordle",TRUE,NA,NA,"GRADE"
"2021-07-05","Monday","daily",FALSE,0,0,NA
"2021-07-05","Monday","mini",FALSE,0,0,NA
"2021-07-05","Monday","wordle",FALSE,NA,NA,"QUIET"
"2021-07-06","Tuesday","daily",FALSE,0,0,NA
"2021-07-06","Tuesday","mini",FALSE,0,0,NA
"2021-07-06","Tuesday","wordle",FALSE,NA,NA,"BENCH"
"2021-07-07","Wednesday","daily",FALSE,0,0,NA
"2021-07-07","Wednesday","mini",FALSE,0,0,NA
"2021-07-07","Wednesday","wordle",TRUE,NA,NA,"ABATE"
"2021-07-08","Thursday","daily",TRUE,4,0,NA
"2021-07-08","Thursday","mini",FALSE,0,0,NA
"2021-07-08","Thursday","wordle",FALSE,NA,NA,"FEIGN"
"2021-07-09","Friday","daily",FALSE,0,0,NA
"2021-07-09","Friday","mini",FALSE,0,0,NA
"2021-07-09","Friday","wordle",FALSE,NA,NA,"MAJOR"
"2021-07-10","Saturday","daily",FALSE,0,0,NA
"2021-07-10","Saturday","mini",FALSE,0,0,NA
"2021-07-10","Saturday","wordle",FALSE,NA,NA,"DEATH"
"2021-07-11","Sunday","daily",FALSE,0,0,NA
"2021-07-11","Sunday","mini",FALSE,0,0,NA
"2021-07-11","Sunday","wordle",FALSE,NA,NA,"FRESH"
"2021-07-12","Monday","daily",FALSE,0,0,NA
"2021-07-12","Monday","mini",FALSE,0,0,NA
"2021-07-12","Monday","wordle",FALSE,NA,NA,"CRUST"
"2021-07-13","Tuesday","daily",FALSE,0,0,NA
"2021-07-13","Tuesday","mini",FALSE,0,0,NA
"2021-07-13","Tuesday","wordle",FALSE,NA,NA,"STOOL"
"2021-07-14","Wednesday","daily",FALSE,0,0,NA
"2021-07-14","Wednesday","mini",FALSE,0,0,NA
"2021-07-14","Wednesday","wordle",FALSE,NA,NA,"COLON"
"2021-07-15","Thursday","daily",TRUE,5,0,NA
"2021-07-15","Thursday","mini",FALSE,0,0,NA
"2021-07-15","Thursday","wordle",TRUE,NA,NA,"ABASE"
"2021-07-16","Friday","daily",FALSE,0,0,NA
"2021-07-16","Friday","mini",FALSE,0,0,NA
"2021-07-16","Friday","wordle",FALSE,NA,NA,"MARRY"
"2021-07-17","Saturday","daily",FALSE,0,0,NA
"2021-07-17","Saturday","mini",FALSE,0,0,NA
"2021-07-17","Saturday","wordle",FALSE,NA,NA,"REACT"
"2021-07-18","Sunday","daily",FALSE,0,0,NA
"2021-07-18","Sunday","mini",FALSE,0,0,NA
"2021-07-18","Sunday","wordle",FALSE,NA,NA,"BATTY"
"2021-07-19","Monday","daily",FALSE,0,0,NA
"2021-07-19","Monday","mini",FALSE,0,0,NA
"2021-07-19","Monday","wordle",FALSE,NA,NA,"PRIDE"
"2021-07-20","Tuesday","daily",FALSE,0,0,NA
"2021-07-20","Tuesday","mini",FALSE,0,0,NA
"2021-07-20","Tuesday","wordle",FALSE,NA,NA,"FLOSS"
"2021-07-21","Wednesday","daily",FALSE,0,0,NA
"2021-07-21","Wednesday","mini",FALSE,0,0,NA
"2021-07-21","Wednesday","wordle",FALSE,NA,NA,"HELIX"
"2021-07-22","Thursday","daily",FALSE,0,0,NA
"2021-07-22","Thursday","mini",FALSE,0,0,NA
"2021-07-22","Thursday","wordle",FALSE,NA,NA,"CROAK"
"2021-07-23","Friday","daily",FALSE,0,0,NA
"2021-07-23","Friday","mini",FALSE,0,0,NA
"2021-07-23","Friday","wordle",FALSE,NA,NA,"STAFF"
"2021-07-24","Saturday","daily",FALSE,0,0,NA
"2021-07-24","Saturday","mini",FALSE,0,0,NA
"2021-07-24","Saturday","wordle",TRUE,NA,NA,"PAPER"
"2021-07-25","Sunday","daily",FALSE,0,14,NA
"2021-07-25","Sunday","mini",FALSE,0,0,NA
"2021-07-25","Sunday","wordle",FALSE,NA,NA,"UNFED"
"2021-07-26","Monday","daily",FALSE,0,0,NA
"2021-07-26","Monday","mini",FALSE,0,0,NA
"2021-07-26","Monday","wordle",FALSE,NA,NA,"WHELP"
"2021-07-27","Tuesday","daily",FALSE,0,0,NA
"2021-07-27","Tuesday","mini",FALSE,0,0,NA
"2021-07-27","Tuesday","wordle",FALSE,NA,NA,"TRAWL"
"2021-07-28","Wednesday","daily",FALSE,0,0,NA
"2021-07-28","Wednesday","mini",FALSE,0,0,NA
"2021-07-28","Wednesday","wordle",FALSE,NA,NA,"OUTDO"
"2021-07-29","Thursday","daily",FALSE,0,0,NA
"2021-07-29","Thursday","mini",FALSE,0,0,NA
"2021-07-29","Thursday","wordle",FALSE,NA,NA,"ADOBE"
"2021-07-30","Friday","daily",FALSE,0,0,NA
"2021-07-30","Friday","mini",FALSE,0,0,NA
"2021-07-30","Friday","wordle",FALSE,NA,NA,"CRAZY"
"2021-07-31","Saturday","daily",FALSE,0,0,NA
"2021-07-31","Saturday","mini",FALSE,0,0,NA
"2021-07-31","Saturday","wordle",FALSE,NA,NA,"SOWER"
"2021-08-01","Sunday","daily",FALSE,0,0,NA
"2021-08-01","Sunday","mini",FALSE,0,0,NA
"2021-08-01","Sunday","wordle",FALSE,NA,NA,"REPAY"
"2021-08-02","Monday","daily",FALSE,0,0,NA
"2021-08-02","Monday","mini",FALSE,0,0,NA
"2021-08-02","Monday","wordle",FALSE,NA,NA,"DIGIT"
"2021-08-03","Tuesday","daily",FALSE,0,0,NA
"2021-08-03","Tuesday","mini",FALSE,0,0,NA
"2021-08-03","Tuesday","wordle",TRUE,NA,NA,"CRATE"
"2021-08-04","Wednesday","daily",FALSE,0,0,NA
"2021-08-04","Wednesday","mini",FALSE,0,0,NA
"2021-08-04","Wednesday","wordle",FALSE,NA,NA,"CLUCK"
"2021-08-05","Thursday","daily",FALSE,0,0,NA
"2021-08-05","Thursday","mini",FALSE,0,0,NA
"2021-08-05","Thursday","wordle",FALSE,NA,NA,"SPIKE"
"2021-08-06","Friday","daily",FALSE,0,0,NA
"2021-08-06","Friday","mini",FALSE,0,0,NA
"2021-08-06","Friday","wordle",FALSE,NA,NA,"MIMIC"
"2021-08-07","Saturday","daily",FALSE,0,0,NA
"2021-08-07","Saturday","mini",FALSE,0,0,NA
"2021-08-07","Saturday","wordle",FALSE,NA,NA,"POUND"
"2021-08-08","Sunday","daily",FALSE,0,0,NA
"2021-08-08","Sunday","mini",FALSE,0,0,NA
"2021-08-08","Sunday","wordle",FALSE,NA,NA,"MAXIM"
"2021-08-09","Monday","daily",FALSE,0,0,NA
"2021-08-09","Monday","mini",FALSE,0,0,NA
"2021-08-09","Monday","wordle",FALSE,NA,NA,"LINEN"
"2021-08-10","Tuesday","daily",FALSE,0,0,NA
"2021-08-10","Tuesday","mini",FALSE,0,0,NA
"2021-08-10","Tuesday","wordle",FALSE,NA,NA,"UNMET"
"2021-08-11","Wednesday","daily",FALSE,0,0,NA
"2021-08-11","Wednesday","mini",FALSE,0,0,NA
"2021-08-11","Wednesday","wordle",FALSE,NA,NA,"FLESH"
"2021-08-12","Thursday","daily",FALSE,0,0,NA
"2021-08-12","Thursday","mini",FALSE,0,0,NA
"2021-08-12","Thursday","wordle",FALSE,NA,NA,"BOOBY"
"2021-08-13","Friday","daily",FALSE,0,0,NA
"2021-08-13","Friday","mini",FALSE,0,0,NA
"2021-08-13","Friday","wordle",FALSE,NA,NA,"FORTH"
"2021-08-14","Saturday","daily",FALSE,0,0,NA
"2021-08-14","Saturday","mini",FALSE,0,0,NA
"2021-08-14","Saturday","wordle",FALSE,NA,NA,"FIRST"
"2021-08-15","Sunday","daily",FALSE,0,0,NA
"2021-08-15","Sunday","mini",FALSE,0,0,NA
"2021-08-15","Sunday","wordle",FALSE,NA,NA,"STAND"
"2021-08-16","Monday","daily",FALSE,0,0,NA
"2021-08-16","Monday","mini",FALSE,0,0,NA
"2021-08-16","Monday","wordle",FALSE,NA,NA,"BELLY"
"2021-08-17","Tuesday","daily",FALSE,0,0,NA
"2021-08-17","Tuesday","mini",FALSE,0,0,NA
"2021-08-17","Tuesday","wordle",FALSE,NA,NA,"IVORY"
"2021-08-18","Wednesday","daily",FALSE,0,0,NA
"2021-08-18","Wednesday","mini",FALSE,0,0,NA
"2021-08-18","Wednesday","wordle",FALSE,NA,NA,"SEEDY"
"2021-08-19","Thursday","daily",TRUE,6,0,NA
"2021-08-19","Thursday","mini",FALSE,0,0,NA
"2021-08-19","Thursday","wordle",FALSE,NA,NA,"PRINT"
"2021-08-20","Friday","daily",FALSE,0,0,NA
"2021-08-20","Friday","mini",FALSE,0,0,NA
"2021-08-20","Friday","wordle",FALSE,NA,NA,"YEARN"
"2021-08-21","Saturday","daily",FALSE,0,0,NA
"2021-08-21","Saturday","mini",FALSE,0,0,NA
"2021-08-21","Saturday","wordle",FALSE,NA,NA,"DRAIN"
"2021-08-22","Sunday","daily",FALSE,0,0,NA
"2021-08-22","Sunday","mini",FALSE,0,0,NA
"2021-08-22","Sunday","wordle",FALSE,NA,NA,"BRIBE"
"2021-08-23","Monday","daily",FALSE,0,0,NA
"2021-08-23","Monday","mini",FALSE,0,0,NA
"2021-08-23","Monday","wordle",FALSE,NA,NA,"STOUT"
"2021-08-24","Tuesday","daily",FALSE,0,0,NA
"2021-08-24","Tuesday","mini",FALSE,0,0,NA
"2021-08-24","Tuesday","wordle",TRUE,NA,NA,"PANEL"
"2021-08-25","Wednesday","daily",FALSE,0,0,NA
"2021-08-25","Wednesday","mini",FALSE,0,0,NA
"2021-08-25","Wednesday","wordle",FALSE,NA,NA,"CRASS"
"2021-08-26","Thursday","daily",FALSE,0,0,NA
"2021-08-26","Thursday","mini",FALSE,0,0,NA
"2021-08-26","Thursday","wordle",FALSE,NA,NA,"FLUME"
"2021-08-27","Friday","daily",FALSE,0,0,NA
"2021-08-27","Friday","mini",FALSE,0,0,NA
"2021-08-27","Friday","wordle",FALSE,NA,NA,"OFFAL"
"2021-08-28","Saturday","daily",FALSE,0,0,NA
"2021-08-28","Saturday","mini",FALSE,0,0,NA
"2021-08-28","Saturday","wordle",FALSE,NA,NA,"AGREE"
"2021-08-29","Sunday","daily",FALSE,0,0,NA
"2021-08-29","Sunday","mini",FALSE,0,0,NA
"2021-08-29","Sunday","wordle",FALSE,NA,NA,"ERROR"
"2021-08-30","Monday","daily",FALSE,0,0,NA
"2021-08-30","Monday","mini",FALSE,0,0,NA
"2021-08-30","Monday","wordle",FALSE,NA,NA,"SWIRL"
"2021-08-31","Tuesday","daily",FALSE,0,0,NA
"2021-08-31","Tuesday","mini",FALSE,0,0,NA
"2021-08-31","Tuesday","wordle",FALSE,NA,NA,"ARGUE"
"2021-09-01","Wednesday","daily",FALSE,0,0,NA
"2021-09-01","Wednesday","mini",FALSE,0,0,NA
"2021-09-01","Wednesday","wordle",FALSE,NA,NA,"BLEED"
"2021-09-02","Thursday","daily",FALSE,0,0,NA
"2021-09-02","Thursday","mini",FALSE,0,0,NA
"2021-09-02","Thursday","wordle",FALSE,NA,NA,"DELTA"
"2021-09-03","Friday","daily",FALSE,0,0,NA
"2021-09-03","Friday","mini",FALSE,0,0,NA
"2021-09-03","Friday","wordle",FALSE,NA,NA,"FLICK"
"2021-09-04","Saturday","daily",FALSE,0,0,NA
"2021-09-04","Saturday","mini",FALSE,0,0,NA
"2021-09-04","Saturday","wordle",FALSE,NA,NA,"TOTEM"
"2021-09-05","Sunday","daily",FALSE,0,0,NA
"2021-09-05","Sunday","mini",FALSE,0,0,NA
"2021-09-05","Sunday","wordle",FALSE,NA,NA,"WOOER"
"2021-09-06","Monday","daily",FALSE,0,0,NA
"2021-09-06","Monday","mini",FALSE,0,0,NA
"2021-09-06","Monday","wordle",FALSE,NA,NA,"FRONT"
"2021-09-07","Tuesday","daily",FALSE,0,0,NA
"2021-09-07","Tuesday","mini",FALSE,0,0,NA
"2021-09-07","Tuesday","wordle",FALSE,NA,NA,"SHRUB"
"2021-09-08","Wednesday","daily",FALSE,0,0,NA
"2021-09-08","Wednesday","mini",FALSE,0,0,NA
"2021-09-08","Wednesday","wordle",FALSE,NA,NA,"PARRY"
"2021-09-09","Thursday","daily",FALSE,0,0,NA
"2021-09-09","Thursday","mini",FALSE,0,0,NA
"2021-09-09","Thursday","wordle",FALSE,NA,NA,"BIOME"
"2021-09-10","Friday","daily",FALSE,0,0,NA
"2021-09-10","Friday","mini",FALSE,0,0,NA
"2021-09-10","Friday","wordle",TRUE,NA,NA,"LAPEL"
"2021-09-11","Saturday","daily",FALSE,0,0,NA
"2021-09-11","Saturday","mini",FALSE,0,0,NA
"2021-09-11","Saturday","wordle",FALSE,NA,NA,"START"
"2021-09-12","Sunday","daily",FALSE,0,0,NA
"2021-09-12","Sunday","mini",FALSE,0,0,NA
"2021-09-12","Sunday","wordle",FALSE,NA,NA,"GREET"
"2021-09-13","Monday","daily",FALSE,0,0,NA
"2021-09-13","Monday","mini",FALSE,0,0,NA
"2021-09-13","Monday","wordle",FALSE,NA,NA,"GONER"
"2021-09-14","Tuesday","daily",FALSE,0,0,NA
"2021-09-14","Tuesday","mini",FALSE,0,0,NA
"2021-09-14","Tuesday","wordle",FALSE,NA,NA,"GOLEM"
"2021-09-15","Wednesday","daily",FALSE,0,0,NA
"2021-09-15","Wednesday","mini",FALSE,0,0,NA
"2021-09-15","Wednesday","wordle",FALSE,NA,NA,"LUSTY"
"2021-09-16","Thursday","daily",FALSE,0,0,NA
"2021-09-16","Thursday","mini",FALSE,0,0,NA
"2021-09-16","Thursday","wordle",FALSE,NA,NA,"LOOPY"
"2021-09-17","Friday","daily",FALSE,0,0,NA
"2021-09-17","Friday","mini",FALSE,0,0,NA
"2021-09-17","Friday","wordle",FALSE,NA,NA,"ROUND"
"2021-09-18","Saturday","daily",FALSE,0,0,NA
"2021-09-18","Saturday","mini",FALSE,0,0,NA
"2021-09-18","Saturday","wordle",FALSE,NA,NA,"AUDIT"
"2021-09-19","Sunday","daily",FALSE,0,0,NA
"2021-09-19","Sunday","mini",FALSE,0,0,NA
"2021-09-19","Sunday","wordle",FALSE,NA,NA,"LYING"
"2021-09-20","Monday","daily",FALSE,0,0,NA
"2021-09-20","Monday","mini",FALSE,0,0,NA
"2021-09-20","Monday","wordle",FALSE,NA,NA,"GAMMA"
"2021-09-21","Tuesday","daily",FALSE,0,0,NA
"2021-09-21","Tuesday","mini",FALSE,0,0,NA
"2021-09-21","Tuesday","wordle",FALSE,NA,NA,"LABOR"
"2021-09-22","Wednesday","daily",FALSE,0,0,NA
"2021-09-22","Wednesday","mini",FALSE,0,0,NA
"2021-09-22","Wednesday","wordle",FALSE,NA,NA,"ISLET"
"2021-09-23","Thursday","daily",FALSE,0,0,NA
"2021-09-23","Thursday","mini",FALSE,0,0,NA
"2021-09-23","Thursday","wordle",FALSE,NA,NA,"CIVIC"
"2021-09-24","Friday","daily",FALSE,0,0,NA
"2021-09-24","Friday","mini",FALSE,0,0,NA
"2021-09-24","Friday","wordle",FALSE,NA,NA,"FORGE"
"2021-09-25","Saturday","daily",FALSE,0,0,NA
"2021-09-25","Saturday","mini",FALSE,0,0,NA
"2021-09-25","Saturday","wordle",FALSE,NA,NA,"CORNY"
"2021-09-26","Sunday","daily",FALSE,0,0,NA
"2021-09-26","Sunday","mini",FALSE,0,0,NA
"2021-09-26","Sunday","wordle",FALSE,NA,NA,"MOULT"
"2021-09-27","Monday","daily",FALSE,0,0,NA
"2021-09-27","Monday","mini",FALSE,0,0,NA
"2021-09-27","Monday","wordle",FALSE,NA,NA,"BASIC"
"2021-09-28","Tuesday","daily",FALSE,0,0,NA
"2021-09-28","Tuesday","mini",FALSE,0,0,NA
"2021-09-28","Tuesday","wordle",FALSE,NA,NA,"SALAD"
"2021-09-29","Wednesday","daily",FALSE,0,0,NA
"2021-09-29","Wednesday","mini",FALSE,0,0,NA
"2021-09-29","Wednesday","wordle",TRUE,NA,NA,"AGATE"
"2021-09-30","Thursday","daily",FALSE,0,0,NA
"2021-09-30","Thursday","mini",FALSE,0,0,NA
"2021-09-30","Thursday","wordle",FALSE,NA,NA,"SPICY"
"2021-10-01","Friday","daily",FALSE,0,0,NA
"2021-10-01","Friday","mini",FALSE,0,0,NA
"2021-10-01","Friday","wordle",FALSE,NA,NA,"SPRAY"
"2021-10-02","Saturday","daily",FALSE,0,0,NA
"2021-10-02","Saturday","mini",FALSE,0,0,NA
"2021-10-02","Saturday","wordle",FALSE,NA,NA,"ESSAY"
"2021-10-03","Sunday","daily",FALSE,0,0,NA
"2021-10-03","Sunday","mini",FALSE,0,0,NA
"2021-10-03","Sunday","wordle",FALSE,NA,NA,"FJORD"
"2021-10-04","Monday","daily",FALSE,0,0,NA
"2021-10-04","Monday","mini",FALSE,0,0,NA
"2021-10-04","Monday","wordle",FALSE,NA,NA,"SPEND"
"2021-10-05","Tuesday","daily",FALSE,0,0,NA
"2021-10-05","Tuesday","mini",FALSE,0,0,NA
"2021-10-05","Tuesday","wordle",FALSE,NA,NA,"KEBAB"
"2021-10-06","Wednesday","daily",TRUE,4,0,NA
"2021-10-06","Wednesday","mini",FALSE,0,0,NA
"2021-10-06","Wednesday","wordle",FALSE,NA,NA,"GUILD"
"2021-10-07","Thursday","daily",FALSE,0,0,NA
"2021-10-07","Thursday","mini",FALSE,0,0,NA
"2021-10-07","Thursday","wordle",FALSE,NA,NA,"ABACK"
"2021-10-08","Friday","daily",FALSE,0,0,NA
"2021-10-08","Friday","mini",FALSE,0,0,NA
"2021-10-08","Friday","wordle",FALSE,NA,NA,"MOTOR"
"2021-10-09","Saturday","daily",FALSE,0,0,NA
"2021-10-09","Saturday","mini",FALSE,0,0,NA
"2021-10-09","Saturday","wordle",FALSE,NA,NA,"ALONE"
"2021-10-10","Sunday","daily",FALSE,0,0,NA
"2021-10-10","Sunday","mini",FALSE,0,0,NA
"2021-10-10","Sunday","wordle",FALSE,NA,NA,"HATCH"
"2021-10-11","Monday","daily",FALSE,0,0,NA
"2021-10-11","Monday","mini",FALSE,0,0,NA
"2021-10-11","Monday","wordle",FALSE,NA,NA,"HYPER"
"2021-10-12","Tuesday","daily",FALSE,0,0,NA
"2021-10-12","Tuesday","mini",FALSE,0,0,NA
"2021-10-12","Tuesday","wordle",FALSE,NA,NA,"THUMB"
"2021-10-13","Wednesday","daily",FALSE,0,0,NA
"2021-10-13","Wednesday","mini",FALSE,0,0,NA
"2021-10-13","Wednesday","wordle",FALSE,NA,NA,"DOWRY"
"2021-10-14","Thursday","daily",FALSE,0,0,NA
"2021-10-14","Thursday","mini",FALSE,0,0,NA
"2021-10-14","Thursday","wordle",FALSE,NA,NA,"OUGHT"
"2021-10-15","Friday","daily",FALSE,0,0,NA
"2021-10-15","Friday","mini",FALSE,0,0,NA
"2021-10-15","Friday","wordle",FALSE,NA,NA,"BELCH"
"2021-10-16","Saturday","daily",FALSE,0,0,NA
"2021-10-16","Saturday","mini",FALSE,0,0,NA
"2021-10-16","Saturday","wordle",FALSE,NA,NA,"DUTCH"
"2021-10-17","Sunday","daily",FALSE,0,0,NA
"2021-10-17","Sunday","mini",FALSE,0,0,NA
"2021-10-17","Sunday","wordle",FALSE,NA,NA,"PILOT"
"2021-10-18","Monday","daily",FALSE,0,0,NA
"2021-10-18","Monday","mini",FALSE,0,0,NA
"2021-10-18","Monday","wordle",FALSE,NA,NA,"TWEED"
"2021-10-19","Tuesday","daily",FALSE,0,0,NA
"2021-10-19","Tuesday","mini",FALSE,0,0,NA
"2021-10-19","Tuesday","wordle",FALSE,NA,NA,"COMET"
"2021-10-20","Wednesday","daily",FALSE,0,0,NA
"2021-10-20","Wednesday","mini",FALSE,0,0,NA
"2021-10-20","Wednesday","wordle",FALSE,NA,NA,"JAUNT"
"2021-10-21","Thursday","daily",FALSE,0,0,NA
"2021-10-21","Thursday","mini",FALSE,0,0,NA
"2021-10-21","Thursday","wordle",FALSE,NA,NA,"ENEMA"
"2021-10-22","Friday","daily",FALSE,0,0,NA
"2021-10-22","Friday","mini",FALSE,0,0,NA
"2021-10-22","Friday","wordle",FALSE,NA,NA,"STEED"
"2021-10-23","Saturday","daily",FALSE,0,0,NA
"2021-10-23","Saturday","mini",FALSE,0,0,NA
"2021-10-23","Saturday","wordle",FALSE,NA,NA,"ABYSS"
"2021-10-24","Sunday","daily",FALSE,0,0,NA
"2021-10-24","Sunday","mini",FALSE,0,0,NA
"2021-10-24","Sunday","wordle",FALSE,NA,NA,"GROWL"
"2021-10-25","Monday","daily",FALSE,0,0,NA
"2021-10-25","Monday","mini",FALSE,0,0,NA
"2021-10-25","Monday","wordle",FALSE,NA,NA,"FLING"
"2021-10-26","Tuesday","daily",FALSE,0,0,NA
"2021-10-26","Tuesday","mini",FALSE,0,0,NA
"2021-10-26","Tuesday","wordle",FALSE,NA,NA,"DOZEN"
"2021-10-27","Wednesday","daily",FALSE,0,0,NA
"2021-10-27","Wednesday","mini",FALSE,0,0,NA
"2021-10-27","Wednesday","wordle",FALSE,NA,NA,"BOOZY"
"2021-10-28","Thursday","daily",FALSE,0,0,NA
"2021-10-28","Thursday","mini",FALSE,0,0,NA
"2021-10-28","Thursday","wordle",FALSE,NA,NA,"ERODE"
"2021-10-29","Friday","daily",FALSE,0,0,NA
"2021-10-29","Friday","mini",FALSE,0,0,NA
"2021-10-29","Friday","wordle",FALSE,NA,NA,"WORLD"
"2021-10-30","Saturday","daily",FALSE,0,0,NA
"2021-10-30","Saturday","mini",FALSE,0,0,NA
"2021-10-30","Saturday","wordle",FALSE,NA,NA,"GOUGE"
"2021-10-31","Sunday","daily",TRUE,5,0,NA
"2021-10-31","Sunday","mini",FALSE,0,0,NA
"2021-10-31","Sunday","wordle",FALSE,NA,NA,"CLICK"
"2021-11-01","Monday","daily",FALSE,0,0,NA
"2021-11-01","Monday","mini",FALSE,0,0,NA
"2021-11-01","Monday","wordle",FALSE,NA,NA,"BRIAR"
"2021-11-02","Tuesday","daily",FALSE,0,0,NA
"2021-11-02","Tuesday","mini",FALSE,0,0,NA
"2021-11-02","Tuesday","wordle",FALSE,NA,NA,"GREAT"
"2021-11-03","Wednesday","daily",FALSE,0,0,NA
"2021-11-03","Wednesday","mini",FALSE,0,0,NA
"2021-11-03","Wednesday","wordle",FALSE,NA,NA,"ALTAR"
"2021-11-04","Thursday","daily",TRUE,8,0,NA
"2021-11-04","Thursday","mini",FALSE,0,0,NA
"2021-11-04","Thursday","wordle",FALSE,NA,NA,"PULPY"
"2021-11-05","Friday","daily",FALSE,0,0,NA
"2021-11-05","Friday","mini",FALSE,0,0,NA
"2021-11-05","Friday","wordle",FALSE,NA,NA,"BLURT"
"2021-11-06","Saturday","daily",FALSE,0,0,NA
"2021-11-06","Saturday","mini",FALSE,0,0,NA
"2021-11-06","Saturday","wordle",FALSE,NA,NA,"COAST"
"2021-11-07","Sunday","daily",FALSE,0,0,NA
"2021-11-07","Sunday","mini",FALSE,0,0,NA
"2021-11-07","Sunday","wordle",FALSE,NA,NA,"DUCHY"
"2021-11-08","Monday","daily",FALSE,0,0,NA
"2021-11-08","Monday","mini",FALSE,0,0,NA
"2021-11-08","Monday","wordle",FALSE,NA,NA,"GROIN"
"2021-11-09","Tuesday","daily",FALSE,0,0,NA
"2021-11-09","Tuesday","mini",FALSE,0,0,NA
"2021-11-09","Tuesday","wordle",FALSE,NA,NA,"FIXER"
"2021-11-10","Wednesday","daily",FALSE,0,0,NA
"2021-11-10","Wednesday","mini",FALSE,0,0,NA
"2021-11-10","Wednesday","wordle",FALSE,NA,NA,"GROUP"
"2021-11-11","Thursday","daily",FALSE,0,0,NA
"2021-11-11","Thursday","mini",FALSE,0,0,NA
"2021-11-11","Thursday","wordle",FALSE,NA,NA,"ROGUE"
"2021-11-12","Friday","daily",FALSE,0,0,NA
"2021-11-12","Friday","mini",FALSE,0,0,NA
"2021-11-12","Friday","wordle",FALSE,NA,NA,"BADLY"
"2021-11-13","Saturday","daily",FALSE,0,0,NA
"2021-11-13","Saturday","mini",FALSE,0,0,NA
"2021-11-13","Saturday","wordle",FALSE,NA,NA,"SMART"
"2021-11-14","Sunday","daily",FALSE,0,0,NA
"2021-11-14","Sunday","mini",FALSE,0,0,NA
"2021-11-14","Sunday","wordle",FALSE,NA,NA,"PITHY"
"2021-11-15","Monday","daily",FALSE,0,0,NA
"2021-11-15","Monday","mini",FALSE,0,0,NA
"2021-11-15","Monday","wordle",FALSE,NA,NA,"GAUDY"
"2021-11-16","Tuesday","daily",FALSE,0,0,NA
"2021-11-16","Tuesday","mini",FALSE,0,0,NA
"2021-11-16","Tuesday","wordle",FALSE,NA,NA,"CHILL"
"2021-11-17","Wednesday","daily",FALSE,0,0,NA
"2021-11-17","Wednesday","mini",FALSE,0,0,NA
"2021-11-17","Wednesday","wordle",FALSE,NA,NA,"HERON"
"2021-11-18","Thursday","daily",FALSE,0,0,NA
"2021-11-18","Thursday","mini",FALSE,0,0,NA
"2021-11-18","Thursday","wordle",FALSE,NA,NA,"VODKA"
"2021-11-19","Friday","daily",FALSE,0,0,NA
"2021-11-19","Friday","mini",FALSE,0,0,NA
"2021-11-19","Friday","wordle",FALSE,NA,NA,"FINER"
"2021-11-20","Saturday","daily",FALSE,0,0,NA
"2021-11-20","Saturday","mini",FALSE,0,0,NA
"2021-11-20","Saturday","wordle",FALSE,NA,NA,"SURER"
"2021-11-21","Sunday","daily",FALSE,0,0,NA
"2021-11-21","Sunday","mini",FALSE,0,0,NA
"2021-11-21","Sunday","wordle",FALSE,NA,NA,"RADIO"
"2021-11-22","Monday","daily",FALSE,0,0,NA
"2021-11-22","Monday","mini",FALSE,0,0,NA
"2021-11-22","Monday","wordle",FALSE,NA,NA,"ROUGE"
"2021-11-23","Tuesday","daily",FALSE,0,0,NA
"2021-11-23","Tuesday","mini",FALSE,0,0,NA
"2021-11-23","Tuesday","wordle",FALSE,NA,NA,"PERCH"
"2021-11-24","Wednesday","daily",TRUE,1,0,NA
"2021-11-24","Wednesday","mini",FALSE,0,0,NA
"2021-11-24","Wednesday","wordle",FALSE,NA,NA,"RETCH"
"2021-11-25","Thursday","daily",TRUE,5,0,NA
"2021-11-25","Thursday","mini",FALSE,0,0,NA
"2021-11-25","Thursday","wordle",FALSE,NA,NA,"WROTE"
"2021-11-26","Friday","daily",FALSE,0,0,NA
"2021-11-26","Friday","mini",FALSE,0,0,NA
"2021-11-26","Friday","wordle",FALSE,NA,NA,"CLOCK"
"2021-11-27","Saturday","daily",FALSE,0,0,NA
"2021-11-27","Saturday","mini",FALSE,0,0,NA
"2021-11-27","Saturday","wordle",FALSE,NA,NA,"TILDE"
"2021-11-28","Sunday","daily",FALSE,0,0,NA
"2021-11-28","Sunday","mini",FALSE,0,0,NA
"2021-11-28","Sunday","wordle",FALSE,NA,NA,"STORE"
"2021-11-29","Monday","daily",FALSE,0,0,NA
"2021-11-29","Monday","mini",FALSE,0,0,NA
"2021-11-29","Monday","wordle",FALSE,NA,NA,"PROVE"
"2021-11-30","Tuesday","daily",FALSE,0,0,NA
"2021-11-30","Tuesday","mini",FALSE,0,0,NA
"2021-11-30","Tuesday","wordle",FALSE,NA,NA,"BRING"
"2021-12-01","Wednesday","daily",FALSE,0,0,NA
"2021-12-01","Wednesday","mini",FALSE,0,0,NA
"2021-12-01","Wednesday","wordle",FALSE,NA,NA,"SOLVE"
"2021-12-02","Thursday","daily",TRUE,3,0,NA
"2021-12-02","Thursday","mini",FALSE,0,0,NA
"2021-12-02","Thursday","wordle",FALSE,NA,NA,"CHEAT"
"2021-12-03","Friday","daily",FALSE,0,0,NA
"2021-12-03","Friday","mini",FALSE,0,0,NA
"2021-12-03","Friday","wordle",FALSE,NA,NA,"GRIME"
"2021-12-04","Saturday","daily",FALSE,0,0,NA
"2021-12-04","Saturday","mini",FALSE,0,0,NA
"2021-12-04","Saturday","wordle",FALSE,NA,NA,"EXULT"
"2021-12-05","Sunday","daily",FALSE,0,0,NA
"2021-12-05","Sunday","mini",FALSE,0,0,NA
"2021-12-05","Sunday","wordle",FALSE,NA,NA,"USHER"
"2021-12-06","Monday","daily",FALSE,0,0,NA
"2021-12-06","Monday","mini",FALSE,0,0,NA
"2021-12-06","Monday","wordle",FALSE,NA,NA,"EPOCH"
"2021-12-07","Tuesday","daily",FALSE,0,0,NA
"2021-12-07","Tuesday","mini",FALSE,0,0,NA
"2021-12-07","Tuesday","wordle",FALSE,NA,NA,"TRIAD"
"2021-12-08","Wednesday","daily",FALSE,0,0,NA
"2021-12-08","Wednesday","mini",FALSE,0,0,NA
"2021-12-08","Wednesday","wordle",FALSE,NA,NA,"BREAK"
"2021-12-09","Thursday","daily",FALSE,0,0,NA
"2021-12-09","Thursday","mini",FALSE,0,0,NA
"2021-12-09","Thursday","wordle",FALSE,NA,NA,"RHINO"
"2021-12-10","Friday","daily",FALSE,0,0,NA
"2021-12-10","Friday","mini",FALSE,0,0,NA
"2021-12-10","Friday","wordle",FALSE,NA,NA,"VIRAL"
"2021-12-11","Saturday","daily",FALSE,0,0,NA
"2021-12-11","Saturday","mini",FALSE,0,0,NA
"2021-12-11","Saturday","wordle",FALSE,NA,NA,"CONIC"
"2021-12-12","Sunday","daily",FALSE,0,0,NA
"2021-12-12","Sunday","mini",FALSE,0,0,NA
"2021-12-12","Sunday","wordle",FALSE,NA,NA,"MASSE"
"2021-12-13","Monday","daily",FALSE,0,0,NA
"2021-12-13","Monday","mini",FALSE,0,0,NA
"2021-12-13","Monday","wordle",FALSE,NA,NA,"SONIC"
"2021-12-14","Tuesday","daily",FALSE,0,0,NA
"2021-12-14","Tuesday","mini",FALSE,0,0,NA
"2021-12-14","Tuesday","wordle",FALSE,NA,NA,"VITAL"
"2021-12-15","Wednesday","daily",FALSE,0,0,NA
"2021-12-15","Wednesday","mini",FALSE,0,0,NA
"2021-12-15","Wednesday","wordle",TRUE,NA,NA,"TRACE"
"2021-12-16","Thursday","daily",FALSE,0,0,NA
"2021-12-16","Thursday","mini",FALSE,0,0,NA
"2021-12-16","Thursday","wordle",FALSE,NA,NA,"USING"
"2021-12-17","Friday","daily",FALSE,0,0,NA
"2021-12-17","Friday","mini",FALSE,0,0,NA
"2021-12-17","Friday","wordle",FALSE,NA,NA,"PEACH"
"2021-12-18","Saturday","daily",FALSE,0,0,NA
"2021-12-18","Saturday","mini",FALSE,0,0,NA
"2021-12-18","Saturday","wordle",FALSE,NA,NA,"CHAMP"
"2021-12-19","Sunday","daily",TRUE,8,0,NA
"2021-12-19","Sunday","mini",FALSE,0,0,NA
"2021-12-19","Sunday","wordle",FALSE,NA,NA,"BATON"
"2021-12-20","Monday","daily",FALSE,0,0,NA
"2021-12-20","Monday","mini",FALSE,0,0,NA
"2021-12-20","Monday","wordle",TRUE,NA,NA,"BRAKE"
"2021-12-21","Tuesday","daily",FALSE,0,0,NA
"2021-12-21","Tuesday","mini",FALSE,0,0,NA
"2021-12-21","Tuesday","wordle",FALSE,NA,NA,"PLUCK"
"2021-12-22","Wednesday","daily",FALSE,0,0,NA
"2021-12-22","Wednesday","mini",FALSE,0,0,NA
"2021-12-22","Wednesday","wordle",TRUE,NA,NA,"CRAZE"
"2021-12-23","Thursday","daily",FALSE,0,0,NA
"2021-12-23","Thursday","mini",FALSE,0,0,NA
"2021-12-23","Thursday","wordle",FALSE,NA,NA,"GRIPE"
"2021-12-24","Friday","daily",FALSE,0,0,NA
"2021-12-24","Friday","mini",FALSE,0,0,NA
"2021-12-24","Friday","wordle",FALSE,NA,NA,"WEARY"
"2021-12-25","Saturday","daily",FALSE,0,0,NA
"2021-12-25","Saturday","mini",FALSE,0,0,NA
"2021-12-25","Saturday","wordle",FALSE,NA,NA,"PICKY"
"2021-12-26","Sunday","daily",FALSE,0,0,NA
"2021-12-26","Sunday","mini",FALSE,0,0,NA
"2021-12-26","Sunday","wordle",FALSE,NA,NA,"ACUTE"
"2021-12-27","Monday","daily",FALSE,0,0,NA
"2021-12-27","Monday","mini",FALSE,0,0,NA
"2021-12-27","Monday","wordle",FALSE,NA,NA,"FERRY"
"2021-12-28","Tuesday","daily",FALSE,0,0,NA
"2021-12-28","Tuesday","mini",FALSE,0,0,NA
"2021-12-28","Tuesday","wordle",FALSE,NA,NA,"ASIDE"
"2021-12-29","Wednesday","daily",FALSE,0,0,NA
"2021-12-29","Wednesday","mini",FALSE,0,0,NA
"2021-12-29","Wednesday","wordle",FALSE,NA,NA,"TAPIR"
"2021-12-30","Thursday","daily",FALSE,0,0,NA
"2021-12-30","Thursday","mini",FALSE,0,0,NA
"2021-12-30","Thursday","wordle",FALSE,NA,NA,"TROLL"
"2021-12-31","Friday","daily",FALSE,0,0,NA
"2021-12-31","Friday","mini",FALSE,0,0,NA
"2021-12-31","Friday","wordle",FALSE,NA,NA,"UNIFY"
"2022-01-01","Saturday","daily",FALSE,0,0,NA
"2022-01-01","Saturday","mini",FALSE,0,0,NA
"2022-01-01","Saturday","wordle",FALSE,NA,NA,"REBUS"
"2022-01-02","Sunday","daily",FALSE,0,0,NA
"2022-01-02","Sunday","mini",FALSE,0,0,NA
"2022-01-02","Sunday","wordle",FALSE,NA,NA,"BOOST"
"2022-01-03","Monday","daily",FALSE,0,0,NA
"2022-01-03","Monday","mini",FALSE,0,0,NA
"2022-01-03","Monday","wordle",FALSE,NA,NA,"TRUSS"
"2022-01-04","Tuesday","daily",FALSE,0,0,NA
"2022-01-04","Tuesday","mini",FALSE,0,0,NA
"2022-01-04","Tuesday","wordle",FALSE,NA,NA,"SIEGE"
"2022-01-05","Wednesday","daily",FALSE,0,0,NA
"2022-01-05","Wednesday","mini",FALSE,0,0,NA
"2022-01-05","Wednesday","wordle",FALSE,NA,NA,"TIGER"
"2022-01-06","Thursday","daily",TRUE,9,0,NA
"2022-01-06","Thursday","mini",FALSE,0,0,NA
"2022-01-06","Thursday","wordle",FALSE,NA,NA,"BANAL"
"2022-01-07","Friday","daily",FALSE,0,0,NA
"2022-01-07","Friday","mini",FALSE,0,0,NA
"2022-01-07","Friday","wordle",FALSE,NA,NA,"SLUMP"
"2022-01-08","Saturday","daily",FALSE,0,0,NA
"2022-01-08","Saturday","mini",FALSE,0,0,NA
"2022-01-08","Saturday","wordle",FALSE,NA,NA,"CRANK"
"2022-01-09","Sunday","daily",FALSE,0,0,NA
"2022-01-09","Sunday","mini",FALSE,0,0,NA
"2022-01-09","Sunday","wordle",FALSE,NA,NA,"GORGE"
"2022-01-10","Monday","daily",FALSE,0,0,NA
"2022-01-10","Monday","mini",FALSE,0,0,NA
"2022-01-10","Monday","wordle",FALSE,NA,NA,"QUERY"
"2022-01-11","Tuesday","daily",FALSE,0,0,NA
"2022-01-11","Tuesday","mini",FALSE,0,0,NA
"2022-01-11","Tuesday","wordle",FALSE,NA,NA,"DRINK"
"2022-01-12","Wednesday","daily",FALSE,0,0,NA
"2022-01-12","Wednesday","mini",FALSE,0,0,NA
"2022-01-12","Wednesday","wordle",FALSE,NA,NA,"FAVOR"
"2022-01-13","Thursday","daily",FALSE,0,0,NA
"2022-01-13","Thursday","mini",FALSE,0,0,NA
"2022-01-13","Thursday","wordle",FALSE,NA,NA,"ABBEY"
"2022-01-14","Friday","daily",FALSE,0,0,NA
"2022-01-14","Friday","mini",FALSE,0,0,NA
"2022-01-14","Friday","wordle",FALSE,NA,NA,"TANGY"
"2022-01-15","Saturday","daily",FALSE,0,0,NA
"2022-01-15","Saturday","mini",FALSE,0,0,NA
"2022-01-15","Saturday","wordle",FALSE,NA,NA,"PANIC"
"2022-01-16","Sunday","daily",FALSE,0,0,NA
"2022-01-16","Sunday","mini",FALSE,0,0,NA
"2022-01-16","Sunday","wordle",FALSE,NA,NA,"SOLAR"
"2022-01-17","Monday","daily",FALSE,0,0,NA
"2022-01-17","Monday","mini",FALSE,0,0,NA
"2022-01-17","Monday","wordle",FALSE,NA,NA,"SHIRE"
"2022-01-18","Tuesday","daily",FALSE,0,0,NA
"2022-01-18","Tuesday","mini",FALSE,0,0,NA
"2022-01-18","Tuesday","wordle",FALSE,NA,NA,"PROXY"
"2022-01-19","Wednesday","daily",FALSE,0,0,NA
"2022-01-19","Wednesday","mini",FALSE,0,0,NA
"2022-01-19","Wednesday","wordle",FALSE,NA,NA,"POINT"
"2022-01-20","Thursday","daily",FALSE,0,0,NA
"2022-01-20","Thursday","mini",FALSE,0,0,NA
"2022-01-20","Thursday","wordle",FALSE,NA,NA,"ROBOT"
"2022-01-21","Friday","daily",FALSE,0,0,NA
"2022-01-21","Friday","mini",FALSE,0,0,NA
"2022-01-21","Friday","wordle",FALSE,NA,NA,"PRICK"
"2022-01-22","Saturday","daily",FALSE,0,0,NA
"2022-01-22","Saturday","mini",FALSE,0,0,NA
"2022-01-22","Saturday","wordle",FALSE,NA,NA,"WINCE"
"2022-01-23","Sunday","daily",FALSE,0,0,NA
"2022-01-23","Sunday","mini",FALSE,0,0,NA
"2022-01-23","Sunday","wordle",FALSE,NA,NA,"CRIMP"
"2022-01-24","Monday","daily",FALSE,0,0,NA
"2022-01-24","Monday","mini",FALSE,0,0,NA
"2022-01-24","Monday","wordle",FALSE,NA,NA,"KNOLL"
"2022-01-25","Tuesday","daily",FALSE,0,0,NA
"2022-01-25","Tuesday","mini",FALSE,0,0,NA
"2022-01-25","Tuesday","wordle",FALSE,NA,NA,"SUGAR"
"2022-01-26","Wednesday","daily",FALSE,0,0,NA
"2022-01-26","Wednesday","mini",FALSE,0,0,NA
"2022-01-26","Wednesday","wordle",FALSE,NA,NA,"WHACK"
"2022-01-27","Thursday","daily",FALSE,0,0,NA
"2022-01-27","Thursday","mini",FALSE,0,0,NA
"2022-01-27","Thursday","wordle",FALSE,NA,NA,"MOUNT"
"2022-01-28","Friday","daily",FALSE,0,0,NA
"2022-01-28","Friday","mini",FALSE,0,0,NA
"2022-01-28","Friday","wordle",FALSE,NA,NA,"PERKY"
"2022-01-29","Saturday","daily",FALSE,0,0,NA
"2022-01-29","Saturday","mini",FALSE,0,0,NA
"2022-01-29","Saturday","wordle",FALSE,NA,NA,"COULD"
"2022-01-30","Sunday","daily",TRUE,5,0,NA
"2022-01-30","Sunday","mini",FALSE,0,0,NA
"2022-01-30","Sunday","wordle",FALSE,NA,NA,"WRUNG"
"2022-01-31","Monday","daily",FALSE,0,0,NA
"2022-01-31","Monday","mini",FALSE,0,0,NA
"2022-01-31","Monday","wordle",FALSE,NA,NA,"LIGHT"
"2022-02-01","Tuesday","daily",FALSE,0,0,NA
"2022-02-01","Tuesday","mini",FALSE,0,0,NA
"2022-02-01","Tuesday","wordle",FALSE,NA,NA,"THOSE"
"2022-02-02","Wednesday","daily",FALSE,0,0,NA
"2022-02-02","Wednesday","mini",FALSE,0,0,NA
"2022-02-02","Wednesday","wordle",FALSE,NA,NA,"MOIST"
"2022-02-03","Thursday","daily",FALSE,0,0,NA
"2022-02-03","Thursday","mini",FALSE,0,0,NA
"2022-02-03","Thursday","wordle",FALSE,NA,NA,"SHARD"
"2022-02-04","Friday","daily",FALSE,0,0,NA
"2022-02-04","Friday","mini",FALSE,0,0,NA
"2022-02-04","Friday","wordle",FALSE,NA,NA,"PLEAT"
"2022-02-05","Saturday","daily",FALSE,0,0,NA
"2022-02-05","Saturday","mini",FALSE,0,0,NA
"2022-02-05","Saturday","wordle",FALSE,NA,NA,"ALOFT"
"2022-02-06","Sunday","daily",TRUE,4,0,NA
"2022-02-06","Sunday","mini",FALSE,0,0,NA
"2022-02-06","Sunday","wordle",FALSE,NA,NA,"SKILL"
"2022-02-07","Monday","daily",FALSE,0,0,NA
"2022-02-07","Monday","mini",FALSE,0,0,NA
"2022-02-07","Monday","wordle",FALSE,NA,NA,"ELDER"
"2022-02-08","Tuesday","daily",FALSE,0,0,NA
"2022-02-08","Tuesday","mini",FALSE,0,0,NA
"2022-02-08","Tuesday","wordle",TRUE,NA,NA,"FRAME"
"2022-02-09","Wednesday","daily",FALSE,0,0,NA
"2022-02-09","Wednesday","mini",FALSE,0,0,NA
"2022-02-09","Wednesday","wordle",FALSE,NA,NA,"HUMOR"
"2022-02-10","Thursday","daily",TRUE,6,0,NA
"2022-02-10","Thursday","mini",FALSE,0,0,NA
"2022-02-10","Thursday","wordle",FALSE,NA,NA,"PAUSE"
"2022-02-11","Friday","daily",FALSE,0,0,NA
"2022-02-11","Friday","mini",FALSE,0,0,NA
"2022-02-11","Friday","wordle",FALSE,NA,NA,"ULCER"
"2022-02-12","Saturday","daily",FALSE,0,0,NA
"2022-02-12","Saturday","mini",FALSE,0,0,NA
"2022-02-12","Saturday","wordle",FALSE,NA,NA,"ULTRA"
"2022-02-13","Sunday","daily",FALSE,0,0,NA
"2022-02-13","Sunday","mini",FALSE,0,0,NA
"2022-02-13","Sunday","wordle",FALSE,NA,NA,"ROBIN"
"2022-02-14","Monday","daily",FALSE,0,0,NA
"2022-02-14","Monday","mini",FALSE,0,0,NA
"2022-02-14","Monday","wordle",FALSE,NA,NA,"CYNIC"
"2022-02-15","Tuesday","daily",FALSE,0,0,NA
"2022-02-15","Tuesday","mini",FALSE,0,0,NA
"2022-02-15","Tuesday","wordle",FALSE,NA,NA,"AROMA"
"2022-02-16","Wednesday","daily",FALSE,0,0,NA
"2022-02-16","Wednesday","mini",FALSE,0,0,NA
"2022-02-16","Wednesday","wordle",FALSE,NA,NA,"CAULK"
"2022-02-17","Thursday","daily",FALSE,0,0,NA
"2022-02-17","Thursday","mini",FALSE,0,0,NA
"2022-02-17","Thursday","wordle",TRUE,NA,NA,"SHAKE"
"2022-02-18","Friday","daily",FALSE,0,0,NA
"2022-02-18","Friday","mini",FALSE,0,0,NA
"2022-02-18","Friday","wordle",FALSE,NA,NA,"DODGE"
"2022-02-19","Saturday","daily",FALSE,0,0,NA
"2022-02-19","Saturday","mini",FALSE,0,0,NA
"2022-02-19","Saturday","wordle",FALSE,NA,NA,"SWILL"
"2022-02-20","Sunday","daily",FALSE,0,0,NA
"2022-02-20","Sunday","mini",FALSE,0,0,NA
"2022-02-20","Sunday","wordle",FALSE,NA,NA,"TACIT"
"2022-02-21","Monday","daily",FALSE,0,0,NA
"2022-02-21","Monday","mini",FALSE,0,0,NA
"2022-02-21","Monday","wordle",FALSE,NA,NA,"OTHER"
"2022-02-22","Tuesday","daily",TRUE,5,0,NA
"2022-02-22","Tuesday","mini",FALSE,0,0,NA
"2022-02-22","Tuesday","wordle",FALSE,NA,NA,"THORN"
"2022-02-23","Wednesday","daily",FALSE,0,0,NA
"2022-02-23","Wednesday","mini",FALSE,0,0,NA
"2022-02-23","Wednesday","wordle",FALSE,NA,NA,"TROVE"
"2022-02-24","Thursday","daily",FALSE,0,0,NA
"2022-02-24","Thursday","mini",FALSE,0,0,NA
"2022-02-24","Thursday","wordle",FALSE,NA,NA,"BLOKE"
"2022-02-25","Friday","daily",FALSE,0,0,NA
"2022-02-25","Friday","mini",FALSE,0,0,NA
"2022-02-25","Friday","wordle",FALSE,NA,NA,"VIVID"
"2022-02-26","Saturday","daily",FALSE,0,0,NA
"2022-02-26","Saturday","mini",FALSE,0,0,NA
"2022-02-26","Saturday","wordle",FALSE,NA,NA,"SPILL"
"2022-02-27","Sunday","daily",FALSE,0,0,NA
"2022-02-27","Sunday","mini",FALSE,0,0,NA
"2022-02-27","Sunday","wordle",FALSE,NA,NA,"CHANT"
"2022-02-28","Monday","daily",FALSE,0,0,NA
"2022-02-28","Monday","mini",FALSE,0,0,NA
"2022-02-28","Monday","wordle",FALSE,NA,NA,"CHOKE"
"2022-03-01","Tuesday","daily",FALSE,0,0,NA
"2022-03-01","Tuesday","mini",FALSE,0,0,NA
"2022-03-01","Tuesday","wordle",FALSE,NA,NA,"RUPEE"
"2022-03-02","Wednesday","daily",FALSE,0,0,NA
"2022-03-02","Wednesday","mini",FALSE,0,0,NA
"2022-03-02","Wednesday","wordle",FALSE,NA,NA,"NASTY"
"2022-03-03","Thursday","daily",FALSE,0,0,NA
"2022-03-03","Thursday","mini",FALSE,0,0,NA
"2022-03-03","Thursday","wordle",FALSE,NA,NA,"MOURN"
"2022-03-04","Friday","daily",FALSE,0,0,NA
"2022-03-04","Friday","mini",FALSE,0,0,NA
"2022-03-04","Friday","wordle",FALSE,NA,NA,"AHEAD"
"2022-03-05","Saturday","daily",FALSE,0,0,NA
"2022-03-05","Saturday","mini",FALSE,0,0,NA
"2022-03-05","Saturday","wordle",FALSE,NA,NA,"BRINE"
"2022-03-06","Sunday","daily",FALSE,0,0,NA
"2022-03-06","Sunday","mini",FALSE,0,0,NA
"2022-03-06","Sunday","wordle",FALSE,NA,NA,"CLOTH"
"2022-03-07","Monday","daily",FALSE,0,0,NA
"2022-03-07","Monday","mini",FALSE,0,0,NA
"2022-03-07","Monday","wordle",FALSE,NA,NA,"HOARD"
"2022-03-08","Tuesday","daily",FALSE,0,0,NA
"2022-03-08","Tuesday","mini",FALSE,0,0,NA
"2022-03-08","Tuesday","wordle",FALSE,NA,NA,"SWEET"
"2022-03-09","Wednesday","daily",FALSE,0,0,NA
"2022-03-09","Wednesday","mini",FALSE,0,0,NA
"2022-03-09","Wednesday","wordle",FALSE,NA,NA,"MONTH"
"2022-03-10","Thursday","daily",FALSE,0,0,NA
"2022-03-10","Thursday","mini",FALSE,0,0,NA
"2022-03-10","Thursday","wordle",FALSE,NA,NA,"LAPSE"
"2022-03-11","Friday","daily",FALSE,0,0,NA
"2022-03-11","Friday","mini",FALSE,0,0,NA
"2022-03-11","Friday","wordle",FALSE,NA,NA,"WATCH"
"2022-03-12","Saturday","daily",FALSE,0,0,NA
"2022-03-12","Saturday","mini",FALSE,0,0,NA
"2022-03-12","Saturday","wordle",FALSE,NA,NA,"TODAY"
"2022-03-13","Sunday","daily",TRUE,7,0,NA
"2022-03-13","Sunday","mini",FALSE,0,0,NA
"2022-03-13","Sunday","wordle",FALSE,NA,NA,"FOCUS"
"2022-03-14","Monday","daily",FALSE,0,0,NA
"2022-03-14","Monday","mini",FALSE,0,0,NA
"2022-03-14","Monday","wordle",FALSE,NA,NA,"SMELT"
"2022-03-15","Tuesday","daily",FALSE,0,0,NA
"2022-03-15","Tuesday","mini",FALSE,0,0,NA
"2022-03-15","Tuesday","wordle",TRUE,NA,NA,"TEASE"
"2022-03-16","Wednesday","daily",FALSE,0,0,NA
"2022-03-16","Wednesday","mini",FALSE,0,0,NA
"2022-03-16","Wednesday","wordle",TRUE,NA,NA,"CATER"
"2022-03-17","Thursday","daily",FALSE,0,0,NA
"2022-03-17","Thursday","mini",FALSE,0,0,NA
"2022-03-17","Thursday","wordle",FALSE,NA,NA,"MOVIE"
"2022-03-18","Friday","daily",FALSE,0,0,NA
"2022-03-18","Friday","mini",FALSE,0,0,NA
"2022-03-18","Friday","wordle",FALSE,NA,NA,"SAUTE"
"2022-03-19","Saturday","daily",FALSE,0,0,NA
"2022-03-19","Saturday","mini",FALSE,0,0,NA
"2022-03-19","Saturday","wordle",FALSE,NA,NA,"ALLOW"
"2022-03-20","Sunday","daily",FALSE,0,0,NA
"2022-03-20","Sunday","mini",FALSE,0,0,NA
"2022-03-20","Sunday","wordle",FALSE,NA,NA,"RENEW"
"2022-03-21","Monday","daily",FALSE,0,0,NA
"2022-03-21","Monday","mini",FALSE,0,0,NA
"2022-03-21","Monday","wordle",FALSE,NA,NA,"THEIR"
"2022-03-22","Tuesday","daily",FALSE,0,0,NA
"2022-03-22","Tuesday","mini",FALSE,0,0,NA
"2022-03-22","Tuesday","wordle",FALSE,NA,NA,"SLOSH"
"2022-03-23","Wednesday","daily",FALSE,0,0,NA
"2022-03-23","Wednesday","mini",FALSE,0,0,NA
"2022-03-23","Wednesday","wordle",FALSE,NA,NA,"PURGE"
"2022-03-24","Thursday","daily",TRUE,4,0,NA
"2022-03-24","Thursday","mini",FALSE,0,0,NA
"2022-03-24","Thursday","wordle",FALSE,NA,NA,"CHEST"
"2022-03-25","Friday","daily",FALSE,0,0,NA
"2022-03-25","Friday","mini",FALSE,0,0,NA
"2022-03-25","Friday","wordle",FALSE,NA,NA,"DEPOT"
"2022-03-26","Saturday","daily",FALSE,0,0,NA
"2022-03-26","Saturday","mini",FALSE,0,0,NA
"2022-03-26","Saturday","wordle",FALSE,NA,NA,"EPOXY"
"2022-03-27","Sunday","daily",FALSE,0,0,NA
"2022-03-27","Sunday","mini",FALSE,0,0,NA
"2022-03-27","Sunday","wordle",FALSE,NA,NA,"NYMPH"
"2022-03-28","Monday","daily",FALSE,0,0,NA
"2022-03-28","Monday","mini",FALSE,0,0,NA
"2022-03-28","Monday","wordle",FALSE,NA,NA,"FOUND"
"2022-03-29","Tuesday","daily",FALSE,0,0,NA
"2022-03-29","Tuesday","mini",FALSE,0,0,NA
"2022-03-29","Tuesday","wordle",FALSE,NA,NA,"SHALL"
"2022-03-30","Wednesday","daily",FALSE,0,0,NA
"2022-03-30","Wednesday","mini",FALSE,0,0,NA
"2022-03-30","Wednesday","wordle",FALSE,NA,NA,"STOVE"
"2022-03-31","Thursday","daily",FALSE,0,0,NA
"2022-03-31","Thursday","mini",FALSE,0,0,NA
"2022-03-31","Thursday","wordle",FALSE,NA,NA,"LOWLY"
"2022-04-01","Friday","daily",FALSE,0,0,NA
"2022-04-01","Friday","mini",FALSE,0,0,NA
"2022-04-01","Friday","wordle",FALSE,NA,NA,"SNOUT"
"2022-04-02","Saturday","daily",FALSE,0,0,NA
"2022-04-02","Saturday","mini",FALSE,0,0,NA
"2022-04-02","Saturday","wordle",FALSE,NA,NA,"TROPE"
"2022-04-03","Sunday","daily",FALSE,0,0,NA
"2022-04-03","Sunday","mini",FALSE,0,0,NA
"2022-04-03","Sunday","wordle",FALSE,NA,NA,"FEWER"
"2022-04-04","Monday","daily",FALSE,0,0,NA
"2022-04-04","Monday","mini",FALSE,0,0,NA
"2022-04-04","Monday","wordle",FALSE,NA,NA,"SHAWL"
"2022-04-05","Tuesday","daily",FALSE,0,0,NA
"2022-04-05","Tuesday","mini",FALSE,0,0,NA
"2022-04-05","Tuesday","wordle",FALSE,NA,NA,"NATAL"
"2022-04-06","Wednesday","daily",FALSE,0,0,NA
"2022-04-06","Wednesday","mini",FALSE,0,0,NA
"2022-04-06","Wednesday","wordle",FALSE,NA,NA,"COMMA"
"2022-04-07","Thursday","daily",FALSE,0,0,NA
"2022-04-07","Thursday","mini",FALSE,0,0,NA
"2022-04-07","Thursday","wordle",FALSE,NA,NA,"FORAY"
"2022-04-08","Friday","daily",FALSE,0,0,NA
"2022-04-08","Friday","mini",FALSE,0,0,NA
"2022-04-08","Friday","wordle",TRUE,NA,NA,"SCARE"
"2022-04-09","Saturday","daily",FALSE,0,0,NA
"2022-04-09","Saturday","mini",FALSE,0,0,NA
"2022-04-09","Saturday","wordle",FALSE,NA,NA,"STAIR"
"2022-04-10","Sunday","daily",FALSE,0,0,NA
"2022-04-10","Sunday","mini",FALSE,0,0,NA
"2022-04-10","Sunday","wordle",FALSE,NA,NA,"BLACK"
"2022-04-11","Monday","daily",FALSE,0,0,NA
"2022-04-11","Monday","mini",FALSE,0,0,NA
"2022-04-11","Monday","wordle",FALSE,NA,NA,"SQUAD"
"2022-04-12","Tuesday","daily",FALSE,0,0,NA
"2022-04-12","Tuesday","mini",FALSE,0,0,NA
"2022-04-12","Tuesday","wordle",FALSE,NA,NA,"ROYAL"
"2022-04-13","Wednesday","daily",FALSE,0,0,NA
"2022-04-13","Wednesday","mini",FALSE,0,0,NA
"2022-04-13","Wednesday","wordle",FALSE,NA,NA,"CHUNK"
"2022-04-14","Thursday","daily",FALSE,0,0,NA
"2022-04-14","Thursday","mini",FALSE,0,0,NA
"2022-04-14","Thursday","wordle",FALSE,NA,NA,"MINCE"
"2022-04-15","Friday","daily",FALSE,0,0,NA
"2022-04-15","Friday","mini",FALSE,0,0,NA
"2022-04-15","Friday","wordle",TRUE,NA,NA,"SHAME"
"2022-04-16","Saturday","daily",FALSE,0,0,NA
"2022-04-16","Saturday","mini",FALSE,0,0,NA
"2022-04-16","Saturday","wordle",FALSE,NA,NA,"CHEEK"
"2022-04-17","Sunday","daily",TRUE,7,0,NA
"2022-04-17","Sunday","mini",FALSE,0,0,NA
"2022-04-17","Sunday","wordle",FALSE,NA,NA,"AMPLE"
"2022-04-18","Monday","daily",FALSE,0,0,NA
"2022-04-18","Monday","mini",FALSE,0,0,NA
"2022-04-18","Monday","wordle",FALSE,NA,NA,"FLAIR"
"2022-04-19","Tuesday","daily",FALSE,0,0,NA
"2022-04-19","Tuesday","mini",FALSE,0,0,NA
"2022-04-19","Tuesday","wordle",FALSE,NA,NA,"FOYER"
"2022-04-20","Wednesday","daily",FALSE,0,0,NA
"2022-04-20","Wednesday","mini",FALSE,0,0,NA
"2022-04-20","Wednesday","wordle",FALSE,NA,NA,"CARGO"
"2022-04-21","Thursday","daily",FALSE,0,0,NA
"2022-04-21","Thursday","mini",FALSE,0,0,NA
"2022-04-21","Thursday","wordle",FALSE,NA,NA,"OXIDE"
"2022-04-22","Friday","daily",FALSE,0,0,NA
"2022-04-22","Friday","mini",FALSE,0,0,NA
"2022-04-22","Friday","wordle",FALSE,NA,NA,"PLANT"
"2022-04-23","Saturday","daily",FALSE,0,0,NA
"2022-04-23","Saturday","mini",FALSE,0,0,NA
"2022-04-23","Saturday","wordle",FALSE,NA,NA,"OLIVE"
"2022-04-24","Sunday","daily",FALSE,0,0,NA
"2022-04-24","Sunday","mini",FALSE,0,0,NA
"2022-04-24","Sunday","wordle",FALSE,NA,NA,"INERT"
"2022-04-25","Monday","daily",FALSE,0,0,NA
"2022-04-25","Monday","mini",FALSE,0,0,NA
"2022-04-25","Monday","wordle",FALSE,NA,NA,"ASKEW"
"2022-04-26","Tuesday","daily",FALSE,0,0,NA
"2022-04-26","Tuesday","mini",FALSE,0,0,NA
"2022-04-26","Tuesday","wordle",FALSE,NA,NA,"HEIST"
"2022-04-27","Wednesday","daily",FALSE,0,0,NA
"2022-04-27","Wednesday","mini",FALSE,0,0,NA
"2022-04-27","Wednesday","wordle",FALSE,NA,NA,"SHOWN"
"2022-04-28","Thursday","daily",FALSE,0,0,NA
"2022-04-28","Thursday","mini",FALSE,0,0,NA
"2022-04-28","Thursday","wordle",FALSE,NA,NA,"ZESTY"
"2022-04-29","Friday","daily",FALSE,0,0,NA
"2022-04-29","Friday","mini",FALSE,0,0,NA
"2022-04-29","Friday","wordle",FALSE,NA,NA,"TRASH"
"2022-04-30","Saturday","daily",FALSE,0,0,NA
"2022-04-30","Saturday","mini",FALSE,0,0,NA
"2022-04-30","Saturday","wordle",FALSE,NA,NA,"LARVA"
"2022-05-01","Sunday","daily",FALSE,0,8,NA
"2022-05-01","Sunday","mini",FALSE,0,0,NA
"2022-05-01","Sunday","wordle",FALSE,NA,NA,"FORGO"
"2022-05-02","Monday","daily",FALSE,0,0,NA
"2022-05-02","Monday","mini",FALSE,0,0,NA
"2022-05-02","Monday","wordle",FALSE,NA,NA,"STORY"
"2022-05-03","Tuesday","daily",FALSE,0,0,NA
"2022-05-03","Tuesday","mini",FALSE,0,0,NA
"2022-05-03","Tuesday","wordle",FALSE,NA,NA,"HAIRY"
"2022-05-04","Wednesday","daily",FALSE,0,0,NA
"2022-05-04","Wednesday","mini",FALSE,0,0,NA
"2022-05-04","Wednesday","wordle",FALSE,NA,NA,"TRAIN"
"2022-05-05","Thursday","daily",FALSE,0,0,NA
"2022-05-05","Thursday","mini",FALSE,0,0,NA
"2022-05-05","Thursday","wordle",FALSE,NA,NA,"HOMER"
"2022-05-06","Friday","daily",FALSE,0,0,NA
"2022-05-06","Friday","mini",FALSE,0,0,NA
"2022-05-06","Friday","wordle",FALSE,NA,NA,"BADGE"
"2022-05-07","Saturday","daily",FALSE,0,0,NA
"2022-05-07","Saturday","mini",FALSE,0,0,NA
"2022-05-07","Saturday","wordle",FALSE,NA,NA,"MIDST"
"2022-05-08","Sunday","daily",FALSE,0,0,NA
"2022-05-08","Sunday","mini",FALSE,0,0,NA
"2022-05-08","Sunday","wordle",FALSE,NA,NA,"CANNY"
"2022-05-09","Monday","daily",FALSE,0,0,NA
"2022-05-09","Monday","mini",FALSE,0,0,NA
"2022-05-09","Monday","wordle",FALSE,NA,NA,"SHINE"
"2022-05-10","Tuesday","daily",FALSE,0,0,NA
"2022-05-10","Tuesday","mini",FALSE,0,0,NA
"2022-05-10","Tuesday","wordle",FALSE,NA,NA,"GECKO"
"2022-05-11","Wednesday","daily",FALSE,0,0,NA
"2022-05-11","Wednesday","mini",FALSE,0,0,NA
"2022-05-11","Wednesday","wordle",FALSE,NA,NA,"FARCE"
"2022-05-12","Thursday","daily",TRUE,4,0,NA
"2022-05-12","Thursday","mini",FALSE,0,0,NA
"2022-05-12","Thursday","wordle",FALSE,NA,NA,"SLUNG"
"2022-05-13","Friday","daily",FALSE,0,0,NA
"2022-05-13","Friday","mini",FALSE,0,0,NA
"2022-05-13","Friday","wordle",FALSE,NA,NA,"TIPSY"
"2022-05-14","Saturday","daily",FALSE,0,0,NA
"2022-05-14","Saturday","mini",FALSE,0,0,NA
"2022-05-14","Saturday","wordle",FALSE,NA,NA,"METAL"
"2022-05-15","Sunday","daily",FALSE,0,0,NA
"2022-05-15","Sunday","mini",FALSE,0,0,NA
"2022-05-15","Sunday","wordle",FALSE,NA,NA,"YIELD"
"2022-05-16","Monday","daily",FALSE,0,0,NA
"2022-05-16","Monday","mini",FALSE,0,0,NA
"2022-05-16","Monday","wordle",FALSE,NA,NA,"DELVE"
"2022-05-17","Tuesday","daily",FALSE,0,0,NA
"2022-05-17","Tuesday","mini",FALSE,0,0,NA
"2022-05-17","Tuesday","wordle",FALSE,NA,NA,"BEING"
"2022-05-18","Wednesday","daily",FALSE,0,0,NA
"2022-05-18","Wednesday","mini",FALSE,0,0,NA
"2022-05-18","Wednesday","wordle",FALSE,NA,NA,"SCOUR"
"2022-05-19","Thursday","daily",FALSE,0,0,NA
"2022-05-19","Thursday","mini",FALSE,0,0,NA
"2022-05-19","Thursday","wordle",FALSE,NA,NA,"GLASS"
"2022-05-20","Friday","daily",FALSE,0,0,NA
"2022-05-20","Friday","mini",FALSE,0,0,NA
"2022-05-20","Friday","wordle",TRUE,NA,NA,"GAMER"
"2022-05-21","Saturday","daily",FALSE,0,0,NA
"2022-05-21","Saturday","mini",FALSE,0,0,NA
"2022-05-21","Saturday","wordle",FALSE,NA,NA,"SCRAP"
"2022-05-22","Sunday","daily",FALSE,0,0,NA
"2022-05-22","Sunday","mini",FALSE,0,0,NA
"2022-05-22","Sunday","wordle",FALSE,NA,NA,"MONEY"
"2022-05-23","Monday","daily",FALSE,0,0,NA
"2022-05-23","Monday","mini",FALSE,0,0,NA
"2022-05-23","Monday","wordle",FALSE,NA,NA,"HINGE"
"2022-05-24","Tuesday","daily",FALSE,0,0,NA
"2022-05-24","Tuesday","mini",FALSE,0,0,NA
"2022-05-24","Tuesday","wordle",FALSE,NA,NA,"ALBUM"
"2022-05-25","Wednesday","daily",FALSE,0,0,NA
"2022-05-25","Wednesday","mini",FALSE,0,0,NA
"2022-05-25","Wednesday","wordle",FALSE,NA,NA,"VOUCH"
"2022-05-26","Thursday","daily",FALSE,0,0,NA
"2022-05-26","Thursday","mini",FALSE,0,0,NA
"2022-05-26","Thursday","wordle",FALSE,NA,NA,"ASSET"
"2022-05-27","Friday","daily",FALSE,0,0,NA
"2022-05-27","Friday","mini",FALSE,0,0,NA
"2022-05-27","Friday","wordle",FALSE,NA,NA,"TIARA"
"2022-05-28","Saturday","daily",FALSE,0,0,NA
"2022-05-28","Saturday","mini",FALSE,0,0,NA
"2022-05-28","Saturday","wordle",FALSE,NA,NA,"CREPT"
"2022-05-29","Sunday","daily",FALSE,0,0,NA
"2022-05-29","Sunday","mini",FALSE,0,0,NA
"2022-05-29","Sunday","wordle",FALSE,NA,NA,"BAYOU"
"2022-05-30","Monday","daily",FALSE,0,0,NA
"2022-05-30","Monday","mini",FALSE,0,0,NA
"2022-05-30","Monday","wordle",FALSE,NA,NA,"ATOLL"
"2022-05-31","Tuesday","daily",FALSE,0,0,NA
"2022-05-31","Tuesday","mini",FALSE,0,0,NA
"2022-05-31","Tuesday","wordle",FALSE,NA,NA,"MANOR"
"2022-06-01","Wednesday","daily",FALSE,0,0,NA
"2022-06-01","Wednesday","mini",FALSE,0,0,NA
"2022-06-01","Wednesday","wordle",FALSE,NA,NA,"CREAK"
"2022-06-02","Thursday","daily",FALSE,0,0,NA
"2022-06-02","Thursday","mini",FALSE,0,0,NA
"2022-06-02","Thursday","wordle",FALSE,NA,NA,"SHOWY"
"2022-06-03","Friday","daily",FALSE,0,0,NA
"2022-06-03","Friday","mini",FALSE,0,0,NA
"2022-06-03","Friday","wordle",TRUE,NA,NA,"PHASE"
"2022-06-04","Saturday","daily",FALSE,0,0,NA
"2022-06-04","Saturday","mini",FALSE,0,0,NA
"2022-06-04","Saturday","wordle",FALSE,NA,NA,"FROTH"
"2022-06-05","Sunday","daily",FALSE,0,0,NA
"2022-06-05","Sunday","mini",FALSE,0,0,NA
"2022-06-05","Sunday","wordle",FALSE,NA,NA,"DEPTH"
"2022-06-06","Monday","daily",FALSE,0,0,NA
"2022-06-06","Monday","mini",FALSE,0,0,NA
"2022-06-06","Monday","wordle",FALSE,NA,NA,"GLOOM"
"2022-06-07","Tuesday","daily",FALSE,0,0,NA
"2022-06-07","Tuesday","mini",FALSE,0,0,NA
"2022-06-07","Tuesday","wordle",FALSE,NA,NA,"FLOOD"
"2022-06-08","Wednesday","daily",FALSE,0,0,NA
"2022-06-08","Wednesday","mini",FALSE,0,0,NA
"2022-06-08","Wednesday","wordle",FALSE,NA,NA,"TRAIT"
"2022-06-09","Thursday","daily",TRUE,4,0,NA
"2022-06-09","Thursday","mini",FALSE,0,0,NA
"2022-06-09","Thursday","wordle",FALSE,NA,NA,"GIRTH"
"2022-06-10","Friday","daily",FALSE,0,0,NA
"2022-06-10","Friday","mini",FALSE,0,0,NA
"2022-06-10","Friday","wordle",FALSE,NA,NA,"PIETY"
"2022-06-11","Saturday","daily",FALSE,0,0,NA
"2022-06-11","Saturday","mini",FALSE,0,0,NA
"2022-06-11","Saturday","wordle",FALSE,NA,NA,"GOOSE"
"2022-06-12","Sunday","daily",FALSE,0,0,NA
"2022-06-12","Sunday","mini",FALSE,0,0,NA
"2022-06-12","Sunday","wordle",FALSE,NA,NA,"FLOAT"
"2022-06-13","Monday","daily",FALSE,0,0,NA
"2022-06-13","Monday","mini",FALSE,0,0,NA
"2022-06-13","Monday","wordle",FALSE,NA,NA,"DONOR"
"2022-06-14","Tuesday","daily",FALSE,0,0,NA
"2022-06-14","Tuesday","mini",FALSE,0,0,NA
"2022-06-14","Tuesday","wordle",FALSE,NA,NA,"ATONE"
"2022-06-15","Wednesday","daily",TRUE,1,0,NA
"2022-06-15","Wednesday","mini",FALSE,0,0,NA
"2022-06-15","Wednesday","wordle",FALSE,NA,NA,"PRIMO"
"2022-06-16","Thursday","daily",FALSE,0,0,NA
"2022-06-16","Thursday","mini",FALSE,0,0,NA
"2022-06-16","Thursday","wordle",FALSE,NA,NA,"APRON"
"2022-06-17","Friday","daily",FALSE,0,0,NA
"2022-06-17","Friday","mini",FALSE,0,0,NA
"2022-06-17","Friday","wordle",FALSE,NA,NA,"BLOWN"
"2022-06-18","Saturday","daily",FALSE,0,0,NA
"2022-06-18","Saturday","mini",FALSE,0,0,NA
"2022-06-18","Saturday","wordle",FALSE,NA,NA,"CACAO"
"2022-06-19","Sunday","daily",FALSE,0,0,NA
"2022-06-19","Sunday","mini",FALSE,0,0,NA
"2022-06-19","Sunday","wordle",FALSE,NA,NA,"LOSER"
"2022-06-20","Monday","daily",FALSE,0,0,NA
"2022-06-20","Monday","mini",FALSE,0,0,NA
"2022-06-20","Monday","wordle",FALSE,NA,NA,"INPUT"
"2022-06-21","Tuesday","daily",FALSE,0,0,NA
"2022-06-21","Tuesday","mini",FALSE,0,0,NA
"2022-06-21","Tuesday","wordle",FALSE,NA,NA,"GLOAT"
"2022-06-22","Wednesday","daily",FALSE,0,0,NA
"2022-06-22","Wednesday","mini",FALSE,0,0,NA
"2022-06-22","Wednesday","wordle",FALSE,NA,NA,"AWFUL"
"2022-06-23","Thursday","daily",FALSE,0,0,NA
"2022-06-23","Thursday","mini",FALSE,0,0,NA
"2022-06-23","Thursday","wordle",FALSE,NA,NA,"BRINK"
"2022-06-24","Friday","daily",FALSE,0,0,NA
"2022-06-24","Friday","mini",FALSE,0,0,NA
"2022-06-24","Friday","wordle",FALSE,NA,NA,"SMITE"
"2022-06-25","Saturday","daily",FALSE,0,0,NA
"2022-06-25","Saturday","mini",FALSE,0,0,NA
"2022-06-25","Saturday","wordle",FALSE,NA,NA,"BEADY"
"2022-06-26","Sunday","daily",FALSE,0,0,NA
"2022-06-26","Sunday","mini",FALSE,0,0,NA
"2022-06-26","Sunday","wordle",FALSE,NA,NA,"RUSTY"
"2022-06-27","Monday","daily",FALSE,0,0,NA
"2022-06-27","Monday","mini",FALSE,0,0,NA
"2022-06-27","Monday","wordle",FALSE,NA,NA,"RETRO"
"2022-06-28","Tuesday","daily",FALSE,0,0,NA
"2022-06-28","Tuesday","mini",FALSE,0,0,NA
"2022-06-28","Tuesday","wordle",FALSE,NA,NA,"DROLL"
"2022-06-29","Wednesday","daily",TRUE,8,0,NA
"2022-06-29","Wednesday","mini",FALSE,0,0,NA
"2022-06-29","Wednesday","wordle",FALSE,NA,NA,"GAWKY"
"2022-06-30","Thursday","daily",FALSE,0,0,NA
"2022-06-30","Thursday","mini",FALSE,0,0,NA
"2022-06-30","Thursday","wordle",FALSE,NA,NA,"HUTCH"
"2022-07-01","Friday","daily",FALSE,0,0,NA
"2022-07-01","Friday","mini",FALSE,0,0,NA
"2022-07-01","Friday","wordle",FALSE,NA,NA,"PINTO"
"2022-07-02","Saturday","daily",FALSE,0,0,NA
"2022-07-02","Saturday","mini",FALSE,0,0,NA
"2022-07-02","Saturday","wordle",FALSE,NA,NA,"EGRET"
"2022-07-03","Sunday","daily",FALSE,0,0,NA
"2022-07-03","Sunday","mini",FALSE,0,0,NA
"2022-07-03","Sunday","wordle",FALSE,NA,NA,"LILAC"
"2022-07-04","Monday","daily",FALSE,0,0,NA
"2022-07-04","Monday","mini",FALSE,0,0,NA
"2022-07-04","Monday","wordle",FALSE,NA,NA,"SEVER"
"2022-07-05","Tuesday","daily",FALSE,0,0,NA
"2022-07-05","Tuesday","mini",FALSE,0,0,NA
"2022-07-05","Tuesday","wordle",FALSE,NA,NA,"FIELD"
"2022-07-06","Wednesday","daily",FALSE,0,0,NA
"2022-07-06","Wednesday","mini",FALSE,0,0,NA
"2022-07-06","Wednesday","wordle",FALSE,NA,NA,"FLUFF"
"2022-07-07","Thursday","daily",FALSE,0,0,NA
"2022-07-07","Thursday","mini",FALSE,0,0,NA
"2022-07-07","Thursday","wordle",TRUE,NA,NA,"AGAPE"
"2022-07-08","Friday","daily",FALSE,0,0,NA
"2022-07-08","Friday","mini",FALSE,0,0,NA
"2022-07-08","Friday","wordle",FALSE,NA,NA,"VOICE"
"2022-07-09","Saturday","daily",FALSE,0,0,NA
"2022-07-09","Saturday","mini",FALSE,0,0,NA
"2022-07-09","Saturday","wordle",FALSE,NA,NA,"STEAD"
"2022-07-10","Sunday","daily",FALSE,0,0,NA
"2022-07-10","Sunday","mini",FALSE,0,0,NA
"2022-07-10","Sunday","wordle",FALSE,NA,NA,"BERTH"
"2022-07-11","Monday","daily",FALSE,0,0,NA
"2022-07-11","Monday","mini",FALSE,0,0,NA
"2022-07-11","Monday","wordle",FALSE,NA,NA,"MADAM"
"2022-07-12","Tuesday","daily",FALSE,0,0,NA
"2022-07-12","Tuesday","mini",FALSE,0,0,NA
"2022-07-12","Tuesday","wordle",FALSE,NA,NA,"NIGHT"
"2022-07-13","Wednesday","daily",FALSE,0,0,NA
"2022-07-13","Wednesday","mini",FALSE,0,0,NA
"2022-07-13","Wednesday","wordle",FALSE,NA,NA,"BLAND"
"2022-07-14","Thursday","daily",FALSE,0,0,NA
"2022-07-14","Thursday","mini",FALSE,0,0,NA
"2022-07-14","Thursday","wordle",FALSE,NA,NA,"LIVER"
"2022-07-15","Friday","daily",FALSE,0,0,NA
"2022-07-15","Friday","mini",FALSE,0,0,NA
"2022-07-15","Friday","wordle",FALSE,NA,NA,"WEDGE"
"2022-07-16","Saturday","daily",FALSE,0,0,NA
"2022-07-16","Saturday","mini",FALSE,0,0,NA
"2022-07-16","Saturday","wordle",FALSE,NA,NA,"ROOMY"
"2022-07-17","Sunday","daily",TRUE,13,0,NA
"2022-07-17","Sunday","mini",FALSE,0,0,NA
"2022-07-17","Sunday","wordle",FALSE,NA,NA,"WACKY"
"2022-07-18","Monday","daily",FALSE,0,0,NA
"2022-07-18","Monday","mini",FALSE,0,0,NA
"2022-07-18","Monday","wordle",FALSE,NA,NA,"FLOCK"
"2022-07-19","Tuesday","daily",FALSE,0,0,NA
"2022-07-19","Tuesday","mini",FALSE,0,0,NA
"2022-07-19","Tuesday","wordle",FALSE,NA,NA,"ANGRY"
"2022-07-20","Wednesday","daily",FALSE,0,0,NA
"2022-07-20","Wednesday","mini",FALSE,0,0,NA
"2022-07-20","Wednesday","wordle",FALSE,NA,NA,"TRITE"
"2022-07-21","Thursday","daily",FALSE,0,0,NA
"2022-07-21","Thursday","mini",FALSE,0,0,NA
"2022-07-21","Thursday","wordle",FALSE,NA,NA,"APHID"
"2022-07-22","Friday","daily",FALSE,0,0,NA
"2022-07-22","Friday","mini",FALSE,0,0,NA
"2022-07-22","Friday","wordle",FALSE,NA,NA,"TRYST"
"2022-07-23","Saturday","daily",FALSE,0,0,NA
"2022-07-23","Saturday","mini",FALSE,0,0,NA
"2022-07-23","Saturday","wordle",FALSE,NA,NA,"MIDGE"
"2022-07-24","Sunday","daily",FALSE,0,0,NA
"2022-07-24","Sunday","mini",FALSE,0,0,NA
"2022-07-24","Sunday","wordle",FALSE,NA,NA,"POWER"
"2022-07-25","Monday","daily",FALSE,0,0,NA
"2022-07-25","Monday","mini",FALSE,0,0,NA
"2022-07-25","Monday","wordle",FALSE,NA,NA,"ELOPE"
"2022-07-26","Tuesday","daily",FALSE,0,0,NA
"2022-07-26","Tuesday","mini",FALSE,0,0,NA
"2022-07-26","Tuesday","wordle",FALSE,NA,NA,"CINCH"
"2022-07-27","Wednesday","daily",FALSE,0,0,NA
"2022-07-27","Wednesday","mini",FALSE,0,0,NA
"2022-07-27","Wednesday","wordle",FALSE,NA,NA,"MOTTO"
"2022-07-28","Thursday","daily",FALSE,0,0,NA
"2022-07-28","Thursday","mini",FALSE,0,0,NA
"2022-07-28","Thursday","wordle",FALSE,NA,NA,"STOMP"
"2022-07-29","Friday","daily",FALSE,0,0,NA
"2022-07-29","Friday","mini",FALSE,0,0,NA
"2022-07-29","Friday","wordle",FALSE,NA,NA,"UPSET"
"2022-07-30","Saturday","daily",FALSE,0,0,NA
"2022-07-30","Saturday","mini",FALSE,0,0,NA
"2022-07-30","Saturday","wordle",FALSE,NA,NA,"BLUFF"
"2022-07-31","Sunday","daily",FALSE,0,0,NA
"2022-07-31","Sunday","mini",FALSE,0,0,NA
"2022-07-31","Sunday","wordle",FALSE,NA,NA,"CRAMP"
"2022-08-01","Monday","daily",FALSE,0,0,NA
"2022-08-01","Monday","mini",FALSE,0,0,NA
"2022-08-01","Monday","wordle",FALSE,NA,NA,"QUART"
"2022-08-02","Tuesday","daily",FALSE,0,0,NA
"2022-08-02","Tuesday","mini",FALSE,0,0,NA
"2022-08-02","Tuesday","wordle",FALSE,NA,NA,"COYLY"
"2022-08-03","Wednesday","daily",TRUE,1,0,NA
"2022-08-03","Wednesday","mini",FALSE,0,0,NA
"2022-08-03","Wednesday","wordle",FALSE,NA,NA,"YOUTH"
"2022-08-04","Thursday","daily",FALSE,0,0,NA
"2022-08-04","Thursday","mini",FALSE,0,0,NA
"2022-08-04","Thursday","wordle",FALSE,NA,NA,"RHYME"
"2022-08-05","Friday","daily",FALSE,0,0,NA
"2022-08-05","Friday","mini",FALSE,0,0,NA
"2022-08-05","Friday","wordle",FALSE,NA,NA,"BUGGY"
"2022-08-06","Saturday","daily",FALSE,0,0,NA
"2022-08-06","Saturday","mini",FALSE,0,0,NA
"2022-08-06","Saturday","wordle",FALSE,NA,NA,"ALIEN"
"2022-08-07","Sunday","daily",FALSE,0,0,NA
"2022-08-07","Sunday","mini",FALSE,0,0,NA
"2022-08-07","Sunday","wordle",FALSE,NA,NA,"SMEAR"
"2022-08-08","Monday","daily",FALSE,0,0,NA
"2022-08-08","Monday","mini",FALSE,0,0,NA
"2022-08-08","Monday","wordle",FALSE,NA,NA,"UNFIT"
"2022-08-09","Tuesday","daily",FALSE,0,0,NA
"2022-08-09","Tuesday","mini",FALSE,0,0,NA
"2022-08-09","Tuesday","wordle",FALSE,NA,NA,"PATTY"
"2022-08-10","Wednesday","daily",FALSE,0,0,NA
"2022-08-10","Wednesday","mini",FALSE,0,0,NA
"2022-08-10","Wednesday","wordle",FALSE,NA,NA,"CLING"
"2022-08-11","Thursday","daily",FALSE,0,0,NA
"2022-08-11","Thursday","mini",FALSE,0,0,NA
"2022-08-11","Thursday","wordle",FALSE,NA,NA,"GLEAN"
"2022-08-12","Friday","daily",FALSE,0,0,NA
"2022-08-12","Friday","mini",FALSE,0,0,NA
"2022-08-12","Friday","wordle",TRUE,NA,NA,"LABEL"
"2022-08-13","Saturday","daily",FALSE,0,0,NA
"2022-08-13","Saturday","mini",FALSE,0,0,NA
"2022-08-13","Saturday","wordle",FALSE,NA,NA,"HUNKY"
"2022-08-14","Sunday","daily",FALSE,0,0,NA
"2022-08-14","Sunday","mini",FALSE,0,0,NA
"2022-08-14","Sunday","wordle",FALSE,NA,NA,"KHAKI"
"2022-08-15","Monday","daily",FALSE,0,0,NA
"2022-08-15","Monday","mini",FALSE,0,0,NA
"2022-08-15","Monday","wordle",FALSE,NA,NA,"POKER"
"2022-08-16","Tuesday","daily",FALSE,0,0,NA
"2022-08-16","Tuesday","mini",FALSE,0,0,NA
"2022-08-16","Tuesday","wordle",FALSE,NA,NA,"GRUEL"
"2022-08-17","Wednesday","daily",FALSE,0,0,NA
"2022-08-17","Wednesday","mini",FALSE,0,0,NA
"2022-08-17","Wednesday","wordle",FALSE,NA,NA,"TWICE"
"2022-08-18","Thursday","daily",TRUE,4,0,NA
"2022-08-18","Thursday","mini",FALSE,0,0,NA
"2022-08-18","Thursday","wordle",FALSE,NA,NA,"TWANG"
"2022-08-19","Friday","daily",FALSE,0,0,NA
"2022-08-19","Friday","mini",FALSE,0,0,NA
"2022-08-19","Friday","wordle",FALSE,NA,NA,"SHRUG"
"2022-08-20","Saturday","daily",FALSE,0,0,NA
"2022-08-20","Saturday","mini",FALSE,0,0,NA
"2022-08-20","Saturday","wordle",FALSE,NA,NA,"TREAT"
"2022-08-21","Sunday","daily",FALSE,0,0,NA
"2022-08-21","Sunday","mini",FALSE,0,0,NA
"2022-08-21","Sunday","wordle",FALSE,NA,NA,"WASTE"
"2022-08-22","Monday","daily",FALSE,0,0,NA
"2022-08-22","Monday","mini",FALSE,0,0,NA
"2022-08-22","Monday","wordle",FALSE,NA,NA,"MERIT"
"2022-08-23","Tuesday","daily",FALSE,0,0,NA
"2022-08-23","Tuesday","mini",FALSE,0,0,NA
"2022-08-23","Tuesday","wordle",FALSE,NA,NA,"WOVEN"
"2022-08-24","Wednesday","daily",FALSE,0,0,NA
"2022-08-24","Wednesday","mini",FALSE,0,0,NA
"2022-08-24","Wednesday","wordle",FALSE,NA,NA,"NEEDY"
"2022-08-25","Thursday","daily",FALSE,0,0,NA
"2022-08-25","Thursday","mini",FALSE,0,0,NA
"2022-08-25","Thursday","wordle",FALSE,NA,NA,"CLOWN"
"2022-08-26","Friday","daily",FALSE,0,0,NA
"2022-08-26","Friday","mini",FALSE,0,0,NA
"2022-08-26","Friday","wordle",FALSE,NA,NA,"IRONY"
"2022-08-27","Saturday","daily",FALSE,0,0,NA
"2022-08-27","Saturday","mini",FALSE,0,0,NA
"2022-08-27","Saturday","wordle",FALSE,NA,NA,"RUDER"
"2022-08-28","Sunday","daily",FALSE,0,0,NA
"2022-08-28","Sunday","mini",FALSE,0,0,NA
"2022-08-28","Sunday","wordle",FALSE,NA,NA,"GAUZE"
"2022-08-29","Monday","daily",FALSE,0,0,NA
"2022-08-29","Monday","mini",FALSE,0,0,NA
"2022-08-29","Monday","wordle",FALSE,NA,NA,"CHIEF"
"2022-08-30","Tuesday","daily",FALSE,0,0,NA
"2022-08-30","Tuesday","mini",FALSE,0,0,NA
"2022-08-30","Tuesday","wordle",FALSE,NA,NA,"ONSET"
"2022-08-31","Wednesday","daily",FALSE,0,0,NA
"2022-08-31","Wednesday","mini",FALSE,0,0,NA
"2022-08-31","Wednesday","wordle",FALSE,NA,NA,"PRIZE"
"2022-09-01","Thursday","daily",FALSE,0,0,NA
"2022-09-01","Thursday","mini",FALSE,0,0,NA
"2022-09-01","Thursday","wordle",FALSE,NA,NA,"FUNGI"
"2022-09-02","Friday","daily",FALSE,0,0,NA
"2022-09-02","Friday","mini",FALSE,0,0,NA
"2022-09-02","Friday","wordle",FALSE,NA,NA,"CHARM"
"2022-09-03","Saturday","daily",FALSE,0,0,NA
"2022-09-03","Saturday","mini",FALSE,0,0,NA
"2022-09-03","Saturday","wordle",FALSE,NA,NA,"GULLY"
"2022-09-04","Sunday","daily",FALSE,0,0,NA
"2022-09-04","Sunday","mini",FALSE,0,0,NA
"2022-09-04","Sunday","wordle",FALSE,NA,NA,"INTER"
"2022-09-05","Monday","daily",FALSE,0,0,NA
"2022-09-05","Monday","mini",FALSE,0,0,NA
"2022-09-05","Monday","wordle",FALSE,NA,NA,"WHOOP"
"2022-09-06","Tuesday","daily",FALSE,0,0,NA
"2022-09-06","Tuesday","mini",FALSE,0,0,NA
"2022-09-06","Tuesday","wordle",FALSE,NA,NA,"TAUNT"
"2022-09-07","Wednesday","daily",FALSE,0,0,NA
"2022-09-07","Wednesday","mini",FALSE,0,0,NA
"2022-09-07","Wednesday","wordle",FALSE,NA,NA,"LEERY"
"2022-09-08","Thursday","daily",TRUE,4,0,NA
"2022-09-08","Thursday","mini",FALSE,0,0,NA
"2022-09-08","Thursday","wordle",FALSE,NA,NA,"CLASS"
"2022-09-09","Friday","daily",FALSE,0,0,NA
"2022-09-09","Friday","mini",FALSE,0,0,NA
"2022-09-09","Friday","wordle",FALSE,NA,NA,"THEME"
"2022-09-10","Saturday","daily",FALSE,0,0,NA
"2022-09-10","Saturday","mini",FALSE,0,0,NA
"2022-09-10","Saturday","wordle",FALSE,NA,NA,"LOFTY"
"2022-09-11","Sunday","daily",FALSE,0,0,NA
"2022-09-11","Sunday","mini",FALSE,0,0,NA
"2022-09-11","Sunday","wordle",FALSE,NA,NA,"TIBIA"
"2022-09-12","Monday","daily",FALSE,0,0,NA
"2022-09-12","Monday","mini",FALSE,0,0,NA
"2022-09-12","Monday","wordle",FALSE,NA,NA,"BOOZE"
"2022-09-13","Tuesday","daily",FALSE,0,0,NA
"2022-09-13","Tuesday","mini",FALSE,0,0,NA
"2022-09-13","Tuesday","wordle",FALSE,NA,NA,"ALPHA"
"2022-09-14","Wednesday","daily",FALSE,0,0,NA
"2022-09-14","Wednesday","mini",FALSE,0,0,NA
"2022-09-14","Wednesday","wordle",FALSE,NA,NA,"THYME"
"2022-09-15","Thursday","daily",FALSE,0,0,NA
"2022-09-15","Thursday","mini",FALSE,0,0,NA
"2022-09-15","Thursday","wordle",FALSE,NA,NA,"DOUBT"
"2022-09-16","Friday","daily",FALSE,0,0,NA
"2022-09-16","Friday","mini",FALSE,0,0,NA
"2022-09-16","Friday","wordle",TRUE,NA,NA,"PARER"
"2022-09-17","Saturday","daily",FALSE,0,0,NA
"2022-09-17","Saturday","mini",FALSE,0,0,NA
"2022-09-17","Saturday","wordle",FALSE,NA,NA,"CHUTE"
"2022-09-18","Sunday","daily",FALSE,0,0,NA
"2022-09-18","Sunday","mini",FALSE,0,0,NA
"2022-09-18","Sunday","wordle",FALSE,NA,NA,"STICK"
"2022-09-19","Monday","daily",FALSE,0,0,NA
"2022-09-19","Monday","mini",FALSE,0,0,NA
"2022-09-19","Monday","wordle",FALSE,NA,NA,"TRICE"
"2022-09-20","Tuesday","daily",FALSE,0,0,NA
"2022-09-20","Tuesday","mini",FALSE,0,0,NA
"2022-09-20","Tuesday","wordle",FALSE,NA,NA,"ALIKE"
"2022-09-21","Wednesday","daily",FALSE,0,0,NA
"2022-09-21","Wednesday","mini",FALSE,0,0,NA
"2022-09-21","Wednesday","wordle",FALSE,NA,NA,"RECAP"
"2022-09-22","Thursday","daily",FALSE,0,0,NA
"2022-09-22","Thursday","mini",FALSE,0,0,NA
"2022-09-22","Thursday","wordle",FALSE,NA,NA,"SAINT"
"2022-09-23","Friday","daily",FALSE,0,0,NA
"2022-09-23","Friday","mini",FALSE,0,0,NA
"2022-09-23","Friday","wordle",FALSE,NA,NA,"GLORY"
"2022-09-24","Saturday","daily",FALSE,0,0,NA
"2022-09-24","Saturday","mini",FALSE,0,0,NA
"2022-09-24","Saturday","wordle",TRUE,NA,NA,"GRATE"
"2022-09-25","Sunday","daily",FALSE,0,0,NA
"2022-09-25","Sunday","mini",FALSE,0,0,NA
"2022-09-25","Sunday","wordle",FALSE,NA,NA,"ADMIT"
"2022-09-26","Monday","daily",FALSE,0,0,NA
"2022-09-26","Monday","mini",FALSE,0,0,NA
"2022-09-26","Monday","wordle",FALSE,NA,NA,"BRISK"
"2022-09-27","Tuesday","daily",FALSE,0,0,NA
"2022-09-27","Tuesday","mini",FALSE,0,0,NA
"2022-09-27","Tuesday","wordle",FALSE,NA,NA,"SOGGY"
"2022-09-28","Wednesday","daily",FALSE,0,0,NA
"2022-09-28","Wednesday","mini",FALSE,0,0,NA
"2022-09-28","Wednesday","wordle",FALSE,NA,NA,"USURP"
"2022-09-29","Thursday","daily",TRUE,3,0,NA
"2022-09-29","Thursday","mini",FALSE,0,0,NA
"2022-09-29","Thursday","wordle",FALSE,NA,NA,"SCALD"
"2022-09-30","Friday","daily",FALSE,0,0,NA
"2022-09-30","Friday","mini",FALSE,0,0,NA
"2022-09-30","Friday","wordle",FALSE,NA,NA,"SCORN"
"2022-10-01","Saturday","daily",FALSE,0,0,NA
"2022-10-01","Saturday","mini",FALSE,0,0,NA
"2022-10-01","Saturday","wordle",TRUE,NA,NA,"LEAVE"
"2022-10-02","Sunday","daily",FALSE,0,0,NA
"2022-10-02","Sunday","mini",FALSE,0,0,NA
"2022-10-02","Sunday","wordle",FALSE,NA,NA,"TWINE"
"2022-10-03","Monday","daily",FALSE,0,0,NA
"2022-10-03","Monday","mini",FALSE,0,0,NA
"2022-10-03","Monday","wordle",FALSE,NA,NA,"STING"
"2022-10-04","Tuesday","daily",FALSE,0,0,NA
"2022-10-04","Tuesday","mini",FALSE,0,0,NA
"2022-10-04","Tuesday","wordle",FALSE,NA,NA,"BOUGH"
"2022-10-05","Wednesday","daily",FALSE,0,0,NA
"2022-10-05","Wednesday","mini",FALSE,0,0,NA
"2022-10-05","Wednesday","wordle",FALSE,NA,NA,"MARSH"
"2022-10-06","Thursday","daily",FALSE,0,0,NA
"2022-10-06","Thursday","mini",FALSE,0,0,NA
"2022-10-06","Thursday","wordle",FALSE,NA,NA,"SLOTH"
"2022-10-07","Friday","daily",FALSE,0,0,NA
"2022-10-07","Friday","mini",FALSE,0,0,NA
"2022-10-07","Friday","wordle",FALSE,NA,NA,"DANDY"
"2022-10-08","Saturday","daily",FALSE,0,0,NA
"2022-10-08","Saturday","mini",FALSE,0,0,NA
"2022-10-08","Saturday","wordle",FALSE,NA,NA,"VIGOR"
"2022-10-09","Sunday","daily",FALSE,0,0,NA
"2022-10-09","Sunday","mini",FALSE,0,0,NA
"2022-10-09","Sunday","wordle",FALSE,NA,NA,"HOWDY"
"2022-10-10","Monday","daily",FALSE,0,0,NA
"2022-10-10","Monday","mini",FALSE,0,0,NA
"2022-10-10","Monday","wordle",FALSE,NA,NA,"ENJOY"
"2022-10-11","Tuesday","daily",FALSE,0,0,NA
"2022-10-11","Tuesday","mini",FALSE,0,0,NA
"2022-10-11","Tuesday","wordle",FALSE,NA,NA,"VALID"
"2022-10-12","Wednesday","daily",FALSE,0,0,NA
"2022-10-12","Wednesday","mini",FALSE,0,0,NA
"2022-10-12","Wednesday","wordle",FALSE,NA,NA,"IONIC"
"2022-10-13","Thursday","daily",FALSE,0,0,NA
"2022-10-13","Thursday","mini",FALSE,0,0,NA
"2022-10-13","Thursday","wordle",FALSE,NA,NA,"EQUAL"
"2022-10-14","Friday","daily",FALSE,0,0,NA
"2022-10-14","Friday","mini",FALSE,0,0,NA
"2022-10-14","Friday","wordle",FALSE,NA,NA,"FLOOR"
"2022-10-15","Saturday","daily",FALSE,0,0,NA
"2022-10-15","Saturday","mini",FALSE,0,0,NA
"2022-10-15","Saturday","wordle",FALSE,NA,NA,"CATCH"
"2022-10-16","Sunday","daily",FALSE,0,0,NA
"2022-10-16","Sunday","mini",FALSE,0,0,NA
"2022-10-16","Sunday","wordle",TRUE,NA,NA,"SPADE"
"2022-10-17","Monday","daily",FALSE,0,0,NA
"2022-10-17","Monday","mini",FALSE,0,0,NA
"2022-10-17","Monday","wordle",FALSE,NA,NA,"STEIN"
"2022-10-18","Tuesday","daily",FALSE,0,0,NA
"2022-10-18","Tuesday","mini",FALSE,0,0,NA
"2022-10-18","Tuesday","wordle",FALSE,NA,NA,"EXIST"
"2022-10-19","Wednesday","daily",FALSE,0,0,NA
"2022-10-19","Wednesday","mini",FALSE,0,0,NA
"2022-10-19","Wednesday","wordle",FALSE,NA,NA,"QUIRK"
"2022-10-20","Thursday","daily",FALSE,0,0,NA
"2022-10-20","Thursday","mini",FALSE,0,0,NA
"2022-10-20","Thursday","wordle",FALSE,NA,NA,"DENIM"
"2022-10-21","Friday","daily",FALSE,0,0,NA
"2022-10-21","Friday","mini",FALSE,0,0,NA
"2022-10-21","Friday","wordle",FALSE,NA,NA,"GROVE"
"2022-10-22","Saturday","daily",FALSE,0,0,NA
"2022-10-22","Saturday","mini",FALSE,0,0,NA
"2022-10-22","Saturday","wordle",FALSE,NA,NA,"SPIEL"
"2022-10-23","Sunday","daily",FALSE,0,0,NA
"2022-10-23","Sunday","mini",FALSE,0,0,NA
"2022-10-23","Sunday","wordle",FALSE,NA,NA,"MUMMY"
"2022-10-24","Monday","daily",FALSE,0,0,NA
"2022-10-24","Monday","mini",FALSE,0,0,NA
"2022-10-24","Monday","wordle",FALSE,NA,NA,"FAULT"
"2022-10-25","Tuesday","daily",FALSE,0,0,NA
"2022-10-25","Tuesday","mini",FALSE,0,0,NA
"2022-10-25","Tuesday","wordle",FALSE,NA,NA,"FOGGY"
"2022-10-26","Wednesday","daily",FALSE,0,0,NA
"2022-10-26","Wednesday","mini",FALSE,0,0,NA
"2022-10-26","Wednesday","wordle",FALSE,NA,NA,"FLOUT"
"2022-10-27","Thursday","daily",TRUE,6,0,NA
"2022-10-27","Thursday","mini",FALSE,0,0,NA
"2022-10-27","Thursday","wordle",FALSE,NA,NA,"CARRY"
"2022-10-28","Friday","daily",FALSE,0,0,NA
"2022-10-28","Friday","mini",FALSE,0,0,NA
"2022-10-28","Friday","wordle",FALSE,NA,NA,"SNEAK"
"2022-10-29","Saturday","daily",FALSE,0,0,NA
"2022-10-29","Saturday","mini",FALSE,0,0,NA
"2022-10-29","Saturday","wordle",FALSE,NA,NA,"LIBEL"
"2022-10-30","Sunday","daily",FALSE,0,0,NA
"2022-10-30","Sunday","mini",FALSE,0,0,NA
"2022-10-30","Sunday","wordle",FALSE,NA,NA,"WALTZ"
"2022-10-31","Monday","daily",FALSE,0,0,NA
"2022-10-31","Monday","mini",FALSE,0,0,NA
"2022-10-31","Monday","wordle",FALSE,NA,NA,"APTLY"
"2022-11-01","Tuesday","daily",FALSE,0,0,NA
"2022-11-01","Tuesday","mini",FALSE,0,0,NA
"2022-11-01","Tuesday","wordle",FALSE,NA,NA,"PINEY"
"2022-11-02","Wednesday","daily",TRUE,12,0,NA
"2022-11-02","Wednesday","mini",FALSE,0,0,NA
"2022-11-02","Wednesday","wordle",FALSE,NA,NA,"INEPT"
"2022-11-03","Thursday","daily",FALSE,0,0,NA
"2022-11-03","Thursday","mini",FALSE,0,0,NA
"2022-11-03","Thursday","wordle",FALSE,NA,NA,"ALOUD"
"2022-11-04","Friday","daily",FALSE,0,0,NA
"2022-11-04","Friday","mini",FALSE,0,0,NA
"2022-11-04","Friday","wordle",FALSE,NA,NA,"PHOTO"
"2022-11-05","Saturday","daily",FALSE,0,0,NA
"2022-11-05","Saturday","mini",FALSE,0,0,NA
"2022-11-05","Saturday","wordle",FALSE,NA,NA,"DREAM"
"2022-11-06","Sunday","daily",FALSE,0,0,NA
"2022-11-06","Sunday","mini",FALSE,0,0,NA
"2022-11-06","Sunday","wordle",TRUE,NA,NA,"STALE"
"2022-11-07","Monday","daily",FALSE,0,0,NA
"2022-11-07","Monday","mini",FALSE,0,0,NA
"2022-11-07","Monday","wordle",FALSE,NA,NA,"BEGIN"
"2022-11-08","Tuesday","daily",FALSE,0,0,NA
"2022-11-08","Tuesday","mini",FALSE,0,0,NA
"2022-11-08","Tuesday","wordle",FALSE,NA,NA,"SPELL"
"2022-11-09","Wednesday","daily",FALSE,0,0,NA
"2022-11-09","Wednesday","mini",FALSE,0,0,NA
"2022-11-09","Wednesday","wordle",FALSE,NA,NA,"RAINY"
"2022-11-10","Thursday","daily",FALSE,0,0,NA
"2022-11-10","Thursday","mini",FALSE,0,0,NA
"2022-11-10","Thursday","wordle",FALSE,NA,NA,"UNITE"
"2022-11-11","Friday","daily",FALSE,0,0,NA
"2022-11-11","Friday","mini",FALSE,0,0,NA
"2022-11-11","Friday","wordle",FALSE,NA,NA,"MEDAL"
"2022-11-12","Saturday","daily",FALSE,0,0,NA
"2022-11-12","Saturday","mini",FALSE,0,0,NA
"2022-11-12","Saturday","wordle",TRUE,NA,NA,"VALET"
"2022-11-13","Sunday","daily",FALSE,0,0,NA
"2022-11-13","Sunday","mini",FALSE,0,0,NA
"2022-11-13","Sunday","wordle",TRUE,NA,NA,"INANE"
"2022-11-14","Monday","daily",FALSE,0,0,NA
"2022-11-14","Monday","mini",FALSE,0,0,NA
"2022-11-14","Monday","wordle",FALSE,NA,NA,"MAPLE"
"2022-11-15","Tuesday","daily",FALSE,0,0,NA
"2022-11-15","Tuesday","mini",FALSE,0,0,NA
"2022-11-15","Tuesday","wordle",FALSE,NA,NA,"SNARL"
"2022-11-16","Wednesday","daily",FALSE,0,0,NA
"2022-11-16","Wednesday","mini",FALSE,0,0,NA
"2022-11-16","Wednesday","wordle",TRUE,NA,NA,"BAKER"
"2022-11-17","Thursday","daily",FALSE,0,0,NA
"2022-11-17","Thursday","mini",FALSE,0,0,NA
"2022-11-17","Thursday","wordle",FALSE,NA,NA,"THERE"
"2022-11-18","Friday","daily",FALSE,0,0,NA
"2022-11-18","Friday","mini",FALSE,0,0,NA
"2022-11-18","Friday","wordle",FALSE,NA,NA,"GLYPH"
"2022-11-19","Saturday","daily",FALSE,0,0,NA
"2022-11-19","Saturday","mini",FALSE,0,0,NA
"2022-11-19","Saturday","wordle",FALSE,NA,NA,"AVERT"
"2022-11-20","Sunday","daily",FALSE,0,0,NA
"2022-11-20","Sunday","mini",FALSE,0,0,NA
"2022-11-20","Sunday","wordle",TRUE,NA,NA,"BRAVE"
"2022-11-21","Monday","daily",FALSE,0,0,NA
"2022-11-21","Monday","mini",FALSE,0,0,NA
"2022-11-21","Monday","wordle",FALSE,NA,NA,"AXIOM"
"2022-11-22","Tuesday","daily",FALSE,0,0,NA
"2022-11-22","Tuesday","mini",FALSE,0,0,NA
"2022-11-22","Tuesday","wordle",FALSE,NA,NA,"PRIME"
"2022-11-23","Wednesday","daily",FALSE,0,0,NA
"2022-11-23","Wednesday","mini",FALSE,0,0,NA
"2022-11-23","Wednesday","wordle",FALSE,NA,NA,"DRIVE"
"2022-11-24","Thursday","daily",TRUE,7,0,NA
"2022-11-24","Thursday","mini",FALSE,0,0,NA
"2022-11-24","Thursday","wordle",FALSE,NA,NA,"FEAST"
"2022-11-25","Friday","daily",FALSE,0,0,NA
"2022-11-25","Friday","mini",FALSE,0,0,NA
"2022-11-25","Friday","wordle",FALSE,NA,NA,"ITCHY"
"2022-11-26","Saturday","daily",FALSE,0,0,NA
"2022-11-26","Saturday","mini",FALSE,0,0,NA
"2022-11-26","Saturday","wordle",FALSE,NA,NA,"CLEAN"
"2022-11-27","Sunday","daily",FALSE,0,0,NA
"2022-11-27","Sunday","mini",FALSE,0,0,NA
"2022-11-27","Sunday","wordle",FALSE,NA,NA,"HAPPY"
"2022-11-28","Monday","daily",FALSE,0,0,NA
"2022-11-28","Monday","mini",FALSE,0,0,NA
"2022-11-28","Monday","wordle",FALSE,NA,NA,"TEPID"
"2022-11-29","Tuesday","daily",FALSE,0,0,NA
"2022-11-29","Tuesday","mini",FALSE,0,0,NA
"2022-11-29","Tuesday","wordle",FALSE,NA,NA,"UNDUE"
"2022-11-30","Wednesday","daily",FALSE,0,0,NA
"2022-11-30","Wednesday","mini",FALSE,0,0,NA
"2022-11-30","Wednesday","wordle",FALSE,NA,NA,"STUDY"
"2022-12-01","Thursday","daily",FALSE,0,0,NA
"2022-12-01","Thursday","mini",FALSE,0,0,NA
"2022-12-01","Thursday","wordle",FALSE,NA,NA,"EJECT"
"2022-12-02","Friday","daily",FALSE,0,0,NA
"2022-12-02","Friday","mini",FALSE,0,0,NA
"2022-12-02","Friday","wordle",TRUE,NA,NA,"CHAFE"
"2022-12-03","Saturday","daily",FALSE,0,0,NA
"2022-12-03","Saturday","mini",FALSE,0,0,NA
"2022-12-03","Saturday","wordle",FALSE,NA,NA,"TORSO"
"2022-12-04","Sunday","daily",FALSE,0,0,NA
"2022-12-04","Sunday","mini",FALSE,0,0,NA
"2022-12-04","Sunday","wordle",FALSE,NA,NA,"ADORE"
"2022-12-05","Monday","daily",FALSE,0,0,NA
"2022-12-05","Monday","mini",FALSE,0,0,NA
"2022-12-05","Monday","wordle",FALSE,NA,NA,"WOKEN"
"2022-12-06","Tuesday","daily",FALSE,0,0,NA
"2022-12-06","Tuesday","mini",FALSE,0,0,NA
"2022-12-06","Tuesday","wordle",FALSE,NA,NA,"AMBER"
"2022-12-07","Wednesday","daily",FALSE,0,0,NA
"2022-12-07","Wednesday","mini",FALSE,0,0,NA
"2022-12-07","Wednesday","wordle",FALSE,NA,NA,"JOUST"
"2022-12-08","Thursday","daily",FALSE,0,0,NA
"2022-12-08","Thursday","mini",FALSE,0,0,NA
"2022-12-08","Thursday","wordle",FALSE,NA,NA,"INFER"
"2022-12-09","Friday","daily",FALSE,0,0,NA
"2022-12-09","Friday","mini",FALSE,0,0,NA
"2022-12-09","Friday","wordle",FALSE,NA,NA,"BRAID"
"2022-12-10","Saturday","daily",FALSE,0,0,NA
"2022-12-10","Saturday","mini",FALSE,0,0,NA
"2022-12-10","Saturday","wordle",FALSE,NA,NA,"KNOCK"
"2022-12-11","Sunday","daily",TRUE,7,0,NA
"2022-12-11","Sunday","mini",FALSE,0,0,NA
"2022-12-11","Sunday","wordle",FALSE,NA,NA,"NAIVE"
"2022-12-12","Monday","daily",FALSE,0,0,NA
"2022-12-12","Monday","mini",FALSE,0,0,NA
"2022-12-12","Monday","wordle",FALSE,NA,NA,"APPLY"
"2022-12-13","Tuesday","daily",FALSE,0,0,NA
"2022-12-13","Tuesday","mini",FALSE,0,0,NA
"2022-12-13","Tuesday","wordle",FALSE,NA,NA,"SPOKE"
"2022-12-14","Wednesday","daily",FALSE,0,0,NA
"2022-12-14","Wednesday","mini",FALSE,0,0,NA
"2022-12-14","Wednesday","wordle",FALSE,NA,NA,"USUAL"
"2022-12-15","Thursday","daily",FALSE,0,0,NA
"2022-12-15","Thursday","mini",FALSE,0,0,NA
"2022-12-15","Thursday","wordle",FALSE,NA,NA,"RIVAL"
"2022-12-16","Friday","daily",FALSE,0,0,NA
"2022-12-16","Friday","mini",FALSE,0,0,NA
"2022-12-16","Friday","wordle",FALSE,NA,NA,"PROBE"
"2022-12-17","Saturday","daily",FALSE,0,0,NA
"2022-12-17","Saturday","mini",FALSE,0,0,NA
"2022-12-17","Saturday","wordle",FALSE,NA,NA,"CHORD"
"2022-12-18","Sunday","daily",FALSE,0,0,NA
"2022-12-18","Sunday","mini",FALSE,0,0,NA
"2022-12-18","Sunday","wordle",TRUE,NA,NA,"TAPER"
"2022-12-19","Monday","daily",FALSE,0,0,NA
"2022-12-19","Monday","mini",FALSE,0,0,NA
"2022-12-19","Monday","wordle",TRUE,NA,NA,"SLATE"
"2022-12-20","Tuesday","daily",FALSE,0,0,NA
"2022-12-20","Tuesday","mini",FALSE,0,0,NA
"2022-12-20","Tuesday","wordle",FALSE,NA,NA,"THIRD"
"2022-12-21","Wednesday","daily",FALSE,0,0,NA
"2022-12-21","Wednesday","mini",FALSE,0,0,NA
"2022-12-21","Wednesday","wordle",FALSE,NA,NA,"LUNAR"
"2022-12-22","Thursday","daily",FALSE,0,0,NA
"2022-12-22","Thursday","mini",FALSE,0,0,NA
"2022-12-22","Thursday","wordle",FALSE,NA,NA,"EXCEL"
"2022-12-23","Friday","daily",FALSE,0,0,NA
"2022-12-23","Friday","mini",FALSE,0,0,NA
"2022-12-23","Friday","wordle",FALSE,NA,NA,"AORTA"
"2022-12-24","Saturday","daily",FALSE,0,0,NA
"2022-12-24","Saturday","mini",FALSE,0,0,NA
"2022-12-24","Saturday","wordle",FALSE,NA,NA,"POISE"
"2022-12-25","Sunday","daily",FALSE,0,0,NA
"2022-12-25","Sunday","mini",FALSE,0,0,NA
"2022-12-25","Sunday","wordle",FALSE,NA,NA,"EXTRA"
"2022-12-26","Monday","daily",FALSE,0,0,NA
"2022-12-26","Monday","mini",FALSE,0,0,NA
"2022-12-26","Monday","wordle",FALSE,NA,NA,"JUDGE"
"2022-12-27","Tuesday","daily",FALSE,0,0,NA
"2022-12-27","Tuesday","mini",FALSE,0,0,NA
"2022-12-27","Tuesday","wordle",FALSE,NA,NA,"CONDO"
"2022-12-28","Wednesday","daily",FALSE,0,0,NA
"2022-12-28","Wednesday","mini",FALSE,0,0,NA
"2022-12-28","Wednesday","wordle",FALSE,NA,NA,"IMPEL"
"2022-12-29","Thursday","daily",FALSE,0,0,NA
"2022-12-29","Thursday","mini",FALSE,0,0,NA
"2022-12-29","Thursday","wordle",FALSE,NA,NA,"HAVOC"
"2022-12-30","Friday","daily",FALSE,0,0,NA
"2022-12-30","Friday","mini",FALSE,0,0,NA
"2022-12-30","Friday","wordle",FALSE,NA,NA,"MOLAR"
"2022-12-31","Saturday","daily",FALSE,0,0,NA
"2022-12-31","Saturday","mini",FALSE,0,0,NA
"2022-12-31","Saturday","wordle",FALSE,NA,NA,"MANLY"
"2023-01-01","Sunday","daily",FALSE,0,0,NA
"2023-01-01","Sunday","mini",FALSE,0,0,NA
"2023-01-01","Sunday","wordle",FALSE,NA,NA,"WHINE"
"2023-01-02","Monday","daily",FALSE,0,0,NA
"2023-01-02","Monday","mini",FALSE,0,0,NA
"2023-01-02","Monday","wordle",FALSE,NA,NA,"SKIRT"
"2023-01-03","Tuesday","daily",FALSE,0,0,NA
"2023-01-03","Tuesday","mini",FALSE,0,0,NA
"2023-01-03","Tuesday","wordle",FALSE,NA,NA,"ANTIC"
"2023-01-04","Wednesday","daily",FALSE,0,0,NA
"2023-01-04","Wednesday","mini",FALSE,0,0,NA
"2023-01-04","Wednesday","wordle",TRUE,NA,NA,"LAYER"
"2023-01-05","Thursday","daily",TRUE,4,0,NA
"2023-01-05","Thursday","mini",FALSE,0,0,NA
"2023-01-05","Thursday","wordle",FALSE,NA,NA,"SLEEK"
"2023-01-06","Friday","daily",FALSE,0,0,NA
"2023-01-06","Friday","mini",FALSE,0,0,NA
"2023-01-06","Friday","wordle",FALSE,NA,NA,"BELIE"
"2023-01-07","Saturday","daily",FALSE,0,0,NA
"2023-01-07","Saturday","mini",FALSE,0,0,NA
"2023-01-07","Saturday","wordle",FALSE,NA,NA,"LEMON"
"2023-01-08","Sunday","daily",FALSE,0,0,NA
"2023-01-08","Sunday","mini",FALSE,0,0,NA
"2023-01-08","Sunday","wordle",FALSE,NA,NA,"OPERA"
"2023-01-09","Monday","daily",FALSE,0,0,NA
"2023-01-09","Monday","mini",FALSE,0,0,NA
"2023-01-09","Monday","wordle",FALSE,NA,NA,"PIXIE"
"2023-01-10","Tuesday","daily",FALSE,0,0,NA
"2023-01-10","Tuesday","mini",FALSE,0,0,NA
"2023-01-10","Tuesday","wordle",FALSE,NA,NA,"GRIMY"
"2023-01-11","Wednesday","daily",FALSE,0,0,NA
"2023-01-11","Wednesday","mini",FALSE,0,0,NA
"2023-01-11","Wednesday","wordle",FALSE,NA,NA,"SEDAN"
"2023-01-12","Thursday","daily",FALSE,0,0,NA
"2023-01-12","Thursday","mini",FALSE,0,0,NA
"2023-01-12","Thursday","wordle",FALSE,NA,NA,"LEAPT"
"2023-01-13","Friday","daily",FALSE,0,0,NA
"2023-01-13","Friday","mini",FALSE,0,0,NA
"2023-01-13","Friday","wordle",FALSE,NA,NA,"HUMAN"
"2023-01-14","Saturday","daily",FALSE,0,0,NA
"2023-01-14","Saturday","mini",FALSE,0,0,NA
"2023-01-14","Saturday","wordle",FALSE,NA,NA,"KOALA"
"2023-01-15","Sunday","daily",FALSE,0,0,NA
"2023-01-15","Sunday","mini",FALSE,0,0,NA
"2023-01-15","Sunday","wordle",FALSE,NA,NA,"SPIRE"
"2023-01-16","Monday","daily",FALSE,0,0,NA
"2023-01-16","Monday","mini",FALSE,0,0,NA
"2023-01-16","Monday","wordle",FALSE,NA,NA,"FROCK"
"2023-01-17","Tuesday","daily",FALSE,0,0,NA
"2023-01-17","Tuesday","mini",FALSE,0,0,NA
"2023-01-17","Tuesday","wordle",FALSE,NA,NA,"ADOPT"
"2023-01-18","Wednesday","daily",FALSE,0,0,NA
"2023-01-18","Wednesday","mini",FALSE,0,0,NA
"2023-01-18","Wednesday","wordle",FALSE,NA,NA,"CHARD"
"2023-01-19","Thursday","daily",FALSE,0,0,NA
"2023-01-19","Thursday","mini",FALSE,0,0,NA
"2023-01-19","Thursday","wordle",FALSE,NA,NA,"MUCKY"
"2023-01-20","Friday","daily",FALSE,0,0,NA
"2023-01-20","Friday","mini",FALSE,0,0,NA
"2023-01-20","Friday","wordle",FALSE,NA,NA,"ALTER"
"2023-01-21","Saturday","daily",FALSE,0,0,NA
"2023-01-21","Saturday","mini",FALSE,0,0,NA
"2023-01-21","Saturday","wordle",FALSE,NA,NA,"BLURB"
"2023-01-22","Sunday","daily",FALSE,0,0,NA
"2023-01-22","Sunday","mini",FALSE,0,0,NA
"2023-01-22","Sunday","wordle",TRUE,NA,NA,"MATEY"
"2023-01-23","Monday","daily",FALSE,0,0,NA
"2023-01-23","Monday","mini",FALSE,0,0,NA
"2023-01-23","Monday","wordle",FALSE,NA,NA,"ELUDE"
"2023-01-24","Tuesday","daily",FALSE,0,0,NA
"2023-01-24","Tuesday","mini",FALSE,0,0,NA
"2023-01-24","Tuesday","wordle",FALSE,NA,NA,"COUNT"
"2023-01-25","Wednesday","daily",FALSE,0,0,NA
"2023-01-25","Wednesday","mini",FALSE,0,0,NA
"2023-01-25","Wednesday","wordle",FALSE,NA,NA,"MAIZE"
"2023-01-26","Thursday","daily",TRUE,10,0,NA
"2023-01-26","Thursday","mini",FALSE,0,0,NA
"2023-01-26","Thursday","wordle",FALSE,NA,NA,"BEEFY"
"2023-01-27","Friday","daily",FALSE,0,0,NA
"2023-01-27","Friday","mini",FALSE,0,0,NA
"2023-01-27","Friday","wordle",FALSE,NA,NA,"WORRY"
"2023-01-28","Saturday","daily",FALSE,0,0,NA
"2023-01-28","Saturday","mini",FALSE,0,0,NA
"2023-01-28","Saturday","wordle",FALSE,NA,NA,"FLIRT"
"2023-01-29","Sunday","daily",FALSE,0,0,NA
"2023-01-29","Sunday","mini",FALSE,0,0,NA
"2023-01-29","Sunday","wordle",FALSE,NA,NA,"FISHY"
"2023-01-30","Monday","daily",FALSE,0,0,NA
"2023-01-30","Monday","mini",FALSE,0,0,NA
"2023-01-30","Monday","wordle",TRUE,NA,NA,"CRAVE"
"2023-01-31","Tuesday","daily",FALSE,0,0,NA
"2023-01-31","Tuesday","mini",FALSE,0,0,NA
"2023-01-31","Tuesday","wordle",FALSE,NA,NA,"CROSS"
"2023-02-01","Wednesday","daily",FALSE,0,0,NA
"2023-02-01","Wednesday","mini",FALSE,0,0,NA
"2023-02-01","Wednesday","wordle",FALSE,NA,NA,"SCOLD"
"2023-02-02","Thursday","daily",FALSE,0,0,NA
"2023-02-02","Thursday","mini",FALSE,0,0,NA
"2023-02-02","Thursday","wordle",FALSE,NA,NA,"SHIRK"
"2023-02-03","Friday","daily",FALSE,0,0,NA
"2023-02-03","Friday","mini",FALSE,0,0,NA
"2023-02-03","Friday","wordle",FALSE,NA,NA,"TASTY"
"2023-02-04","Saturday","daily",FALSE,0,0,NA
"2023-02-04","Saturday","mini",FALSE,0,0,NA
"2023-02-04","Saturday","wordle",FALSE,NA,NA,"UNLIT"
"2023-02-05","Sunday","daily",FALSE,0,0,NA
"2023-02-05","Sunday","mini",FALSE,0,0,NA
"2023-02-05","Sunday","wordle",FALSE,NA,NA,"DANCE"
"2023-02-06","Monday","daily",FALSE,0,0,NA
"2023-02-06","Monday","mini",FALSE,0,0,NA
"2023-02-06","Monday","wordle",FALSE,NA,NA,"NINTH"
"2023-02-07","Tuesday","daily",FALSE,0,0,NA
"2023-02-07","Tuesday","mini",FALSE,0,0,NA
"2023-02-07","Tuesday","wordle",FALSE,NA,NA,"APPLE"
"2023-02-08","Wednesday","daily",FALSE,0,0,NA
"2023-02-08","Wednesday","mini",FALSE,0,0,NA
"2023-02-08","Wednesday","wordle",FALSE,NA,NA,"FLAIL"
"2023-02-09","Thursday","daily",FALSE,0,0,NA
"2023-02-09","Thursday","mini",FALSE,0,0,NA
"2023-02-09","Thursday","wordle",TRUE,NA,NA,"STAGE"
"2023-02-10","Friday","daily",FALSE,0,0,NA
"2023-02-10","Friday","mini",FALSE,0,0,NA
"2023-02-10","Friday","wordle",FALSE,NA,NA,"HEADY"
"2023-02-11","Saturday","daily",FALSE,0,0,NA
"2023-02-11","Saturday","mini",FALSE,0,0,NA
"2023-02-11","Saturday","wordle",FALSE,NA,NA,"DEBUG"
"2023-02-12","Sunday","daily",TRUE,2,0,NA
"2023-02-12","Sunday","mini",FALSE,0,0,NA
"2023-02-12","Sunday","wordle",FALSE,NA,NA,"GIANT"
"2023-02-13","Monday","daily",FALSE,0,0,NA
"2023-02-13","Monday","mini",FALSE,0,0,NA
"2023-02-13","Monday","wordle",TRUE,NA,NA,"USAGE"
"2023-02-14","Tuesday","daily",FALSE,0,0,NA
"2023-02-14","Tuesday","mini",FALSE,0,0,NA
"2023-02-14","Tuesday","wordle",FALSE,NA,NA,"SOUND"
"2023-02-15","Wednesday","daily",FALSE,0,0,NA
"2023-02-15","Wednesday","mini",FALSE,0,0,NA
"2023-02-15","Wednesday","wordle",FALSE,NA,NA,"SALSA"
"2023-02-16","Thursday","daily",FALSE,0,0,NA
"2023-02-16","Thursday","mini",FALSE,0,0,NA
"2023-02-16","Thursday","wordle",FALSE,NA,NA,"MAGIC"
"2023-02-17","Friday","daily",FALSE,0,0,NA
"2023-02-17","Friday","mini",FALSE,0,0,NA
"2023-02-17","Friday","wordle",FALSE,NA,NA,"CACHE"
"2023-02-18","Saturday","daily",FALSE,0,0,NA
"2023-02-18","Saturday","mini",FALSE,0,0,NA
"2023-02-18","Saturday","wordle",FALSE,NA,NA,"AVAIL"
"2023-02-19","Sunday","daily",FALSE,0,0,NA
"2023-02-19","Sunday","mini",FALSE,0,0,NA
"2023-02-19","Sunday","wordle",FALSE,NA,NA,"KIOSK"
"2023-02-20","Monday","daily",FALSE,0,0,NA
"2023-02-20","Monday","mini",FALSE,0,0,NA
"2023-02-20","Monday","wordle",FALSE,NA,NA,"SWEAT"
"2023-02-21","Tuesday","daily",FALSE,0,0,NA
"2023-02-21","Tuesday","mini",FALSE,0,0,NA
"2023-02-21","Tuesday","wordle",FALSE,NA,NA,"RUDDY"
"2023-02-22","Wednesday","daily",FALSE,0,0,NA
"2023-02-22","Wednesday","mini",FALSE,0,0,NA
"2023-02-22","Wednesday","wordle",FALSE,NA,NA,"RIPER"
"2023-02-23","Thursday","daily",FALSE,0,0,NA
"2023-02-23","Thursday","mini",FALSE,0,0,NA
"2023-02-23","Thursday","wordle",FALSE,NA,NA,"VAGUE"
"2023-02-24","Friday","daily",FALSE,0,0,NA
"2023-02-24","Friday","mini",FALSE,0,0,NA
"2023-02-24","Friday","wordle",FALSE,NA,NA,"ARBOR"
"2023-02-25","Saturday","daily",FALSE,0,0,NA
"2023-02-25","Saturday","mini",FALSE,0,0,NA
"2023-02-25","Saturday","wordle",FALSE,NA,NA,"FIFTY"
"2023-02-26","Sunday","daily",FALSE,0,0,NA
"2023-02-26","Sunday","mini",FALSE,0,0,NA
"2023-02-26","Sunday","wordle",FALSE,NA,NA,"SYRUP"
"2023-02-27","Monday","daily",FALSE,0,0,NA
"2023-02-27","Monday","mini",FALSE,0,0,NA
"2023-02-27","Monday","wordle",FALSE,NA,NA,"WORSE"
"2023-02-28","Tuesday","daily",FALSE,0,0,NA
"2023-02-28","Tuesday","mini",FALSE,0,0,NA
"2023-02-28","Tuesday","wordle",FALSE,NA,NA,"POLKA"
"2023-03-01","Wednesday","daily",FALSE,0,0,NA
"2023-03-01","Wednesday","mini",FALSE,0,0,NA
"2023-03-01","Wednesday","wordle",FALSE,NA,NA,"MOOSE"
"2023-03-02","Thursday","daily",TRUE,3,0,NA
"2023-03-02","Thursday","mini",FALSE,0,0,NA
"2023-03-02","Thursday","wordle",FALSE,NA,NA,"ABOVE"
"2023-03-03","Friday","daily",FALSE,0,0,NA
"2023-03-03","Friday","mini",FALSE,0,0,NA
"2023-03-03","Friday","wordle",FALSE,NA,NA,"SQUAT"
"2023-03-04","Saturday","daily",FALSE,0,0,NA
"2023-03-04","Saturday","mini",FALSE,0,0,NA
"2023-03-04","Saturday","wordle",FALSE,NA,NA,"TREND"
"2023-03-05","Sunday","daily",FALSE,0,0,NA
"2023-03-05","Sunday","mini",FALSE,0,0,NA
"2023-03-05","Sunday","wordle",FALSE,NA,NA,"TOXIC"
"2023-03-06","Monday","daily",FALSE,0,0,NA
"2023-03-06","Monday","mini",FALSE,0,0,NA
"2023-03-06","Monday","wordle",FALSE,NA,NA,"PINKY"
"2023-03-07","Tuesday","daily",FALSE,0,0,NA
"2023-03-07","Tuesday","mini",FALSE,0,0,NA
"2023-03-07","Tuesday","wordle",FALSE,NA,NA,"HORSE"
"2023-03-08","Wednesday","daily",FALSE,0,0,NA
"2023-03-08","Wednesday","mini",FALSE,0,0,NA
"2023-03-08","Wednesday","wordle",FALSE,NA,NA,"REGAL"
"2023-03-09","Thursday","daily",FALSE,0,0,NA
"2023-03-09","Thursday","mini",FALSE,0,0,NA
"2023-03-09","Thursday","wordle",FALSE,NA,NA,"WHERE"
"2023-03-10","Friday","daily",FALSE,0,0,NA
"2023-03-10","Friday","mini",FALSE,0,0,NA
"2023-03-10","Friday","wordle",FALSE,NA,NA,"REVEL"
"2023-03-11","Saturday","daily",FALSE,0,0,NA
"2023-03-11","Saturday","mini",FALSE,0,0,NA
"2023-03-11","Saturday","wordle",FALSE,NA,NA,"EMAIL"
"2023-03-12","Sunday","daily",FALSE,0,0,NA
"2023-03-12","Sunday","mini",FALSE,0,0,NA
"2023-03-12","Sunday","wordle",FALSE,NA,NA,"BIRTH"
"2023-03-13","Monday","daily",FALSE,0,0,NA
"2023-03-13","Monday","mini",FALSE,0,0,NA
"2023-03-13","Monday","wordle",TRUE,NA,NA,"BLAME"
"2023-03-14","Tuesday","daily",FALSE,0,0,NA
"2023-03-14","Tuesday","mini",FALSE,0,0,NA
"2023-03-14","Tuesday","wordle",FALSE,NA,NA,"SURLY"
"2023-03-15","Wednesday","daily",FALSE,0,0,NA
"2023-03-15","Wednesday","mini",FALSE,0,0,NA
"2023-03-15","Wednesday","wordle",FALSE,NA,NA,"SWEEP"
"2023-03-16","Thursday","daily",FALSE,0,0,NA
"2023-03-16","Thursday","mini",FALSE,0,0,NA
"2023-03-16","Thursday","wordle",FALSE,NA,NA,"CIDER"
"2023-03-17","Friday","daily",FALSE,0,0,NA
"2023-03-17","Friday","mini",FALSE,0,0,NA
"2023-03-17","Friday","wordle",FALSE,NA,NA,"MEALY"
"2023-03-18","Saturday","daily",FALSE,0,0,NA
"2023-03-18","Saturday","mini",FALSE,0,0,NA
"2023-03-18","Saturday","wordle",FALSE,NA,NA,"YACHT"
"2023-03-19","Sunday","daily",FALSE,0,0,NA
"2023-03-19","Sunday","mini",FALSE,0,0,NA
"2023-03-19","Sunday","wordle",FALSE,NA,NA,"CREDO"
"2023-03-20","Monday","daily",FALSE,0,0,NA
"2023-03-20","Monday","mini",FALSE,0,0,NA
"2023-03-20","Monday","wordle",FALSE,NA,NA,"GLOVE"
"2023-03-21","Tuesday","daily",FALSE,0,0,NA
"2023-03-21","Tuesday","mini",FALSE,0,0,NA
"2023-03-21","Tuesday","wordle",FALSE,NA,NA,"TOUGH"
"2023-03-22","Wednesday","daily",FALSE,0,0,NA
"2023-03-22","Wednesday","mini",FALSE,0,0,NA
"2023-03-22","Wednesday","wordle",FALSE,NA,NA,"DUVET"
"2023-03-23","Thursday","daily",TRUE,10,0,NA
"2023-03-23","Thursday","mini",FALSE,0,0,NA
"2023-03-23","Thursday","wordle",FALSE,NA,NA,"STAID"
"2023-03-24","Friday","daily",FALSE,0,0,NA
"2023-03-24","Friday","mini",FALSE,0,0,NA
"2023-03-24","Friday","wordle",FALSE,NA,NA,"GROUT"
"2023-03-25","Saturday","daily",FALSE,0,0,NA
"2023-03-25","Saturday","mini",FALSE,0,0,NA
"2023-03-25","Saturday","wordle",FALSE,NA,NA,"VOTER"
"2023-03-26","Sunday","daily",FALSE,0,0,NA
"2023-03-26","Sunday","mini",FALSE,0,0,NA
"2023-03-26","Sunday","wordle",FALSE,NA,NA,"UNTIE"
"2023-03-27","Monday","daily",FALSE,0,0,NA
"2023-03-27","Monday","mini",FALSE,0,0,NA
"2023-03-27","Monday","wordle",FALSE,NA,NA,"GUANO"
"2023-03-28","Tuesday","daily",FALSE,0,0,NA
"2023-03-28","Tuesday","mini",FALSE,0,0,NA
"2023-03-28","Tuesday","wordle",FALSE,NA,NA,"HURRY"
"2023-03-29","Wednesday","daily",FALSE,0,0,NA
"2023-03-29","Wednesday","mini",FALSE,0,0,NA
"2023-03-29","Wednesday","wordle",FALSE,NA,NA,"BESET"
"2023-03-30","Thursday","daily",FALSE,0,0,NA
"2023-03-30","Thursday","mini",FALSE,0,0,NA
"2023-03-30","Thursday","wordle",FALSE,NA,NA,"BREAD"
"2023-03-31","Friday","daily",FALSE,0,0,NA
"2023-03-31","Friday","mini",FALSE,0,0,NA
"2023-03-31","Friday","wordle",FALSE,NA,NA,"EVERY"
"2023-04-01","Saturday","daily",FALSE,0,0,NA
"2023-04-01","Saturday","mini",FALSE,0,0,NA
"2023-04-01","Saturday","wordle",FALSE,NA,NA,"MARCH"
"2023-04-02","Sunday","daily",TRUE,7,0,NA
"2023-04-02","Sunday","mini",FALSE,0,0,NA
"2023-04-02","Sunday","wordle",FALSE,NA,NA,"STOCK"
"2023-04-03","Monday","daily",FALSE,0,0,NA
"2023-04-03","Monday","mini",FALSE,0,0,NA
"2023-04-03","Monday","wordle",FALSE,NA,NA,"FLORA"
"2023-04-04","Tuesday","daily",FALSE,0,0,NA
"2023-04-04","Tuesday","mini",FALSE,0,0,NA
"2023-04-04","Tuesday","wordle",FALSE,NA,NA,"RATIO"
"2023-04-05","Wednesday","daily",FALSE,0,0,NA
"2023-04-05","Wednesday","mini",FALSE,0,0,NA
"2023-04-05","Wednesday","wordle",FALSE,NA,NA,"SMASH"
"2023-04-06","Thursday","daily",FALSE,0,0,NA
"2023-04-06","Thursday","mini",FALSE,0,0,NA
"2023-04-06","Thursday","wordle",FALSE,NA,NA,"LEAFY"
"2023-04-07","Friday","daily",FALSE,0,0,NA
"2023-04-07","Friday","mini",FALSE,0,0,NA
"2023-04-07","Friday","wordle",FALSE,NA,NA,"LOCUS"
"2023-04-08","Saturday","daily",FALSE,0,0,NA
"2023-04-08","Saturday","mini",FALSE,0,0,NA
"2023-04-08","Saturday","wordle",FALSE,NA,NA,"LEDGE"
"2023-04-09","Sunday","daily",FALSE,0,0,NA
"2023-04-09","Sunday","mini",FALSE,0,0,NA
"2023-04-09","Sunday","wordle",FALSE,NA,NA,"SNAFU"
"2023-04-10","Monday","daily",FALSE,0,0,NA
"2023-04-10","Monday","mini",FALSE,0,0,NA
"2023-04-10","Monday","wordle",FALSE,NA,NA,"UNDER"
"2023-04-11","Tuesday","daily",FALSE,0,0,NA
"2023-04-11","Tuesday","mini",FALSE,0,0,NA
"2023-04-11","Tuesday","wordle",FALSE,NA,NA,"QUALM"
"2023-04-12","Wednesday","daily",FALSE,0,0,NA
"2023-04-12","Wednesday","mini",FALSE,0,0,NA
"2023-04-12","Wednesday","wordle",FALSE,NA,NA,"BORAX"
"2023-04-13","Thursday","daily",TRUE,4,0,NA
"2023-04-13","Thursday","mini",FALSE,0,0,NA
"2023-04-13","Thursday","wordle",FALSE,NA,NA,"CARAT"
"2023-04-14","Friday","daily",FALSE,0,0,NA
"2023-04-14","Friday","mini",FALSE,0,0,NA
"2023-04-14","Friday","wordle",FALSE,NA,NA,"THIEF"
"2023-04-15","Saturday","daily",FALSE,0,0,NA
"2023-04-15","Saturday","mini",FALSE,0,0,NA
"2023-04-15","Saturday","wordle",FALSE,NA,NA,"AGONY"
"2023-04-16","Sunday","daily",FALSE,0,0,NA
"2023-04-16","Sunday","mini",FALSE,0,0,NA
"2023-04-16","Sunday","wordle",FALSE,NA,NA,"DWELT"
"2023-04-17","Monday","daily",FALSE,0,0,NA
"2023-04-17","Monday","mini",FALSE,0,0,NA
"2023-04-17","Monday","wordle",FALSE,NA,NA,"WHIFF"
"2023-04-18","Tuesday","daily",FALSE,0,0,NA
"2023-04-18","Tuesday","mini",FALSE,0,0,NA
"2023-04-18","Tuesday","wordle",FALSE,NA,NA,"HOUND"
"2023-04-19","Wednesday","daily",FALSE,0,0,NA
"2023-04-19","Wednesday","mini",FALSE,0,0,NA
"2023-04-19","Wednesday","wordle",FALSE,NA,NA,"THUMP"
"2023-04-20","Thursday","daily",FALSE,0,0,NA
"2023-04-20","Thursday","mini",FALSE,0,0,NA
"2023-04-20","Thursday","wordle",TRUE,NA,NA,"PLATE"
"2023-04-21","Friday","daily",FALSE,0,0,NA
"2023-04-21","Friday","mini",FALSE,0,0,NA
"2023-04-21","Friday","wordle",FALSE,NA,NA,"KAYAK"
"2023-04-22","Saturday","daily",FALSE,0,0,NA
"2023-04-22","Saturday","mini",FALSE,0,0,NA
"2023-04-22","Saturday","wordle",FALSE,NA,NA,"BROKE"
"2023-04-23","Sunday","daily",FALSE,0,0,NA
"2023-04-23","Sunday","mini",FALSE,0,0,NA
"2023-04-23","Sunday","wordle",FALSE,NA,NA,"UNZIP"
"2023-04-24","Monday","daily",FALSE,0,0,NA
"2023-04-24","Monday","mini",FALSE,0,0,NA
"2023-04-24","Monday","wordle",FALSE,NA,NA,"DITTO"
"2023-04-25","Tuesday","daily",FALSE,0,0,NA
"2023-04-25","Tuesday","mini",FALSE,0,0,NA
"2023-04-25","Tuesday","wordle",FALSE,NA,NA,"JOKER"
"2023-04-26","Wednesday","daily",FALSE,0,0,NA
"2023-04-26","Wednesday","mini",FALSE,0,0,NA
"2023-04-26","Wednesday","wordle",FALSE,NA,NA,"METRO"
"2023-04-27","Thursday","daily",FALSE,0,0,NA
"2023-04-27","Thursday","mini",FALSE,0,0,NA
"2023-04-27","Thursday","wordle",FALSE,NA,NA,"LOGIC"
"2023-04-28","Friday","daily",FALSE,0,0,NA
"2023-04-28","Friday","mini",FALSE,0,0,NA
"2023-04-28","Friday","wordle",FALSE,NA,NA,"CIRCA"
"2023-04-29","Saturday","daily",FALSE,0,0,NA
"2023-04-29","Saturday","mini",FALSE,0,0,NA
"2023-04-29","Saturday","wordle",FALSE,NA,NA,"CEDAR"
"2023-04-30","Sunday","daily",FALSE,0,0,NA
"2023-04-30","Sunday","mini",FALSE,0,0,NA
"2023-04-30","Sunday","wordle",FALSE,NA,NA,"PLAZA"
"2023-05-01","Monday","daily",FALSE,0,0,NA
"2023-05-01","Monday","mini",FALSE,0,0,NA
"2023-05-01","Monday","wordle",FALSE,NA,NA,"RANGE"
"2023-05-02","Tuesday","daily",FALSE,0,0,NA
"2023-05-02","Tuesday","mini",FALSE,0,0,NA
"2023-05-02","Tuesday","wordle",FALSE,NA,NA,"SULKY"
"2023-05-03","Wednesday","daily",FALSE,0,0,NA
"2023-05-03","Wednesday","mini",FALSE,0,0,NA
"2023-05-03","Wednesday","wordle",FALSE,NA,NA,"HORDE"
"2023-05-04","Thursday","daily",FALSE,0,0,NA
"2023-05-04","Thursday","mini",FALSE,0,0,NA
"2023-05-04","Thursday","wordle",FALSE,NA,NA,"GUPPY"
"2023-05-05","Friday","daily",FALSE,0,0,NA
"2023-05-05","Friday","mini",FALSE,0,0,NA
"2023-05-05","Friday","wordle",FALSE,NA,NA,"BELOW"
"2023-05-06","Saturday","daily",FALSE,0,0,NA
"2023-05-06","Saturday","mini",FALSE,0,0,NA
"2023-05-06","Saturday","wordle",FALSE,NA,NA,"ANGER"
"2023-05-07","Sunday","daily",FALSE,0,0,NA
"2023-05-07","Sunday","mini",FALSE,0,0,NA
"2023-05-07","Sunday","wordle",FALSE,NA,NA,"GHOUL"
"2023-05-08","Monday","daily",FALSE,0,0,NA
"2023-05-08","Monday","mini",FALSE,0,0,NA
"2023-05-08","Monday","wordle",FALSE,NA,NA,"AGLOW"
"2023-05-09","Tuesday","daily",FALSE,0,0,NA
"2023-05-09","Tuesday","mini",FALSE,0,0,NA
"2023-05-09","Tuesday","wordle",FALSE,NA,NA,"COCOA"
"2023-05-10","Wednesday","daily",FALSE,0,0,NA
"2023-05-10","Wednesday","mini",FALSE,0,0,NA
"2023-05-10","Wednesday","wordle",FALSE,NA,NA,"ETHIC"
"2023-05-11","Thursday","daily",TRUE,5,0,NA
"2023-05-11","Thursday","mini",FALSE,0,0,NA
"2023-05-11","Thursday","wordle",FALSE,NA,NA,"BROOM"
"2023-05-12","Friday","daily",FALSE,0,0,NA
"2023-05-12","Friday","mini",FALSE,0,0,NA
"2023-05-12","Friday","wordle",FALSE,NA,NA,"SNACK"
"2023-05-13","Saturday","daily",FALSE,0,0,NA
"2023-05-13","Saturday","mini",FALSE,0,0,NA
"2023-05-13","Saturday","wordle",FALSE,NA,NA,"ACRID"
"2023-05-14","Sunday","daily",FALSE,0,0,NA
"2023-05-14","Sunday","mini",FALSE,0,0,NA
"2023-05-14","Sunday","wordle",FALSE,NA,NA,"SCARF"
"2023-05-15","Monday","daily",FALSE,0,0,NA
"2023-05-15","Monday","mini",FALSE,0,0,NA
"2023-05-15","Monday","wordle",FALSE,NA,NA,"CANOE"
"2023-05-16","Tuesday","daily",FALSE,0,0,NA
"2023-05-16","Tuesday","mini",FALSE,0,0,NA
"2023-05-16","Tuesday","wordle",FALSE,NA,NA,"LATTE"
"2023-05-17","Wednesday","daily",FALSE,0,0,NA
"2023-05-17","Wednesday","mini",FALSE,0,0,NA
"2023-05-17","Wednesday","wordle",FALSE,NA,NA,"PLANK"
"2023-05-18","Thursday","daily",FALSE,0,0,NA
"2023-05-18","Thursday","mini",FALSE,0,0,NA
"2023-05-18","Thursday","wordle",FALSE,NA,NA,"SHORN"
"2023-05-19","Friday","daily",FALSE,0,0,NA
"2023-05-19","Friday","mini",FALSE,0,0,NA
"2023-05-19","Friday","wordle",FALSE,NA,NA,"GRIEF"
"2023-05-20","Saturday","daily",FALSE,0,0,NA
"2023-05-20","Saturday","mini",FALSE,0,0,NA
"2023-05-20","Saturday","wordle",FALSE,NA,NA,"FLASK"
"2023-05-21","Sunday","daily",FALSE,0,0,NA
"2023-05-21","Sunday","mini",FALSE,0,0,NA
"2023-05-21","Sunday","wordle",FALSE,NA,NA,"BRASH"
"2023-05-22","Monday","daily",FALSE,0,0,NA
"2023-05-22","Monday","mini",FALSE,0,0,NA
"2023-05-22","Monday","wordle",FALSE,NA,NA,"IGLOO"
"2023-05-23","Tuesday","daily",FALSE,0,0,NA
"2023-05-23","Tuesday","mini",FALSE,0,0,NA
"2023-05-23","Tuesday","wordle",FALSE,NA,NA,"CLERK"
"2023-05-24","Wednesday","daily",FALSE,0,0,NA
"2023-05-24","Wednesday","mini",FALSE,0,0,NA
"2023-05-24","Wednesday","wordle",FALSE,NA,NA,"UTTER"
"2023-05-25","Thursday","daily",FALSE,0,0,NA
"2023-05-25","Thursday","mini",FALSE,0,0,NA
"2023-05-25","Thursday","wordle",TRUE,NA,NA,"BAGEL"
"2023-05-26","Friday","daily",FALSE,0,0,NA
"2023-05-26","Friday","mini",FALSE,0,0,NA
"2023-05-26","Friday","wordle",FALSE,NA,NA,"SWINE"
"2023-05-27","Saturday","daily",FALSE,0,0,NA
"2023-05-27","Saturday","mini",FALSE,0,0,NA
"2023-05-27","Saturday","wordle",TRUE,NA,NA,"RAMEN"
"2023-05-28","Sunday","daily",FALSE,0,0,NA
"2023-05-28","Sunday","mini",FALSE,0,0,NA
"2023-05-28","Sunday","wordle",FALSE,NA,NA,"SKIMP"
"2023-05-29","Monday","daily",FALSE,0,0,NA
"2023-05-29","Monday","mini",FALSE,0,0,NA
"2023-05-29","Monday","wordle",FALSE,NA,NA,"MOUSE"
"2023-05-30","Tuesday","daily",FALSE,0,0,NA
"2023-05-30","Tuesday","mini",FALSE,0,0,NA
"2023-05-30","Tuesday","wordle",FALSE,NA,NA,"KNEEL"
"2023-05-31","Wednesday","daily",FALSE,0,0,NA
"2023-05-31","Wednesday","mini",FALSE,0,0,NA
"2023-05-31","Wednesday","wordle",FALSE,NA,NA,"AGILE"
"2023-06-01","Thursday","daily",FALSE,0,6,NA
"2023-06-01","Thursday","mini",FALSE,0,0,NA
"2023-06-01","Thursday","wordle",FALSE,NA,NA,"JAZZY"
"2023-06-02","Friday","daily",FALSE,0,0,NA
"2023-06-02","Friday","mini",FALSE,0,0,NA
"2023-06-02","Friday","wordle",FALSE,NA,NA,"HUMID"
"2023-06-03","Saturday","daily",FALSE,0,0,NA
"2023-06-03","Saturday","mini",FALSE,0,0,NA
"2023-06-03","Saturday","wordle",FALSE,NA,NA,"NANNY"
"2023-06-04","Sunday","daily",FALSE,0,0,NA
"2023-06-04","Sunday","mini",FALSE,0,0,NA
"2023-06-04","Sunday","wordle",FALSE,NA,NA,"BEAST"
"2023-06-05","Monday","daily",FALSE,0,0,NA
"2023-06-05","Monday","mini",FALSE,0,0,NA
"2023-06-05","Monday","wordle",FALSE,NA,NA,"ENNUI"
"2023-06-06","Tuesday","daily",FALSE,0,0,NA
"2023-06-06","Tuesday","mini",FALSE,0,0,NA
"2023-06-06","Tuesday","wordle",FALSE,NA,NA,"SCOUT"
"2023-06-07","Wednesday","daily",FALSE,0,0,NA
"2023-06-07","Wednesday","mini",FALSE,0,0,NA
"2023-06-07","Wednesday","wordle",TRUE,NA,NA,"HATER"
"2023-06-08","Thursday","daily",FALSE,0,0,NA
"2023-06-08","Thursday","mini",FALSE,0,0,NA
"2023-06-08","Thursday","wordle",FALSE,NA,NA,"CRUMB"
"2023-06-09","Friday","daily",FALSE,0,0,NA
"2023-06-09","Friday","mini",FALSE,0,0,NA
"2023-06-09","Friday","wordle",FALSE,NA,NA,"BALSA"
"2023-06-10","Saturday","daily",FALSE,0,0,NA
"2023-06-10","Saturday","mini",FALSE,0,0,NA
"2023-06-10","Saturday","wordle",FALSE,NA,NA,"AGAIN"
"2023-06-11","Sunday","daily",FALSE,0,0,NA
"2023-06-11","Sunday","mini",FALSE,0,0,NA
"2023-06-11","Sunday","wordle",FALSE,NA,NA,"GUARD"
"2023-06-12","Monday","daily",FALSE,0,0,NA
"2023-06-12","Monday","mini",FALSE,0,0,NA
"2023-06-12","Monday","wordle",FALSE,NA,NA,"WRONG"
"2023-06-13","Tuesday","daily",FALSE,0,0,NA
"2023-06-13","Tuesday","mini",FALSE,0,0,NA
"2023-06-13","Tuesday","wordle",FALSE,NA,NA,"PLUNK"
"2023-06-14","Wednesday","daily",FALSE,0,0,NA
"2023-06-14","Wednesday","mini",FALSE,0,0,NA
"2023-06-14","Wednesday","wordle",FALSE,NA,NA,"CRIME"
"2023-06-15","Thursday","daily",FALSE,0,0,NA
"2023-06-15","Thursday","mini",FALSE,0,0,NA
"2023-06-15","Thursday","wordle",FALSE,NA,NA,"MAYBE"
"2023-06-16","Friday","daily",FALSE,0,0,NA
"2023-06-16","Friday","mini",FALSE,0,0,NA
"2023-06-16","Friday","wordle",FALSE,NA,NA,"STRAP"
"2023-06-17","Saturday","daily",FALSE,0,0,NA
"2023-06-17","Saturday","mini",FALSE,0,0,NA
"2023-06-17","Saturday","wordle",FALSE,NA,NA,"RANCH"
"2023-06-18","Sunday","daily",FALSE,0,0,NA
"2023-06-18","Sunday","mini",FALSE,0,0,NA
"2023-06-18","Sunday","wordle",FALSE,NA,NA,"SHYLY"
"2023-06-19","Monday","daily",FALSE,0,0,NA
"2023-06-19","Monday","mini",FALSE,0,0,NA
"2023-06-19","Monday","wordle",FALSE,NA,NA,"KAZOO"
"2023-06-20","Tuesday","daily",FALSE,0,0,NA
"2023-06-20","Tuesday","mini",FALSE,0,0,NA
"2023-06-20","Tuesday","wordle",FALSE,NA,NA,"FROST"
"2023-06-21","Wednesday","daily",FALSE,0,0,NA
"2023-06-21","Wednesday","mini",FALSE,0,0,NA
"2023-06-21","Wednesday","wordle",TRUE,NA,NA,"CRANE"
"2023-06-22","Thursday","daily",TRUE,4,0,NA
"2023-06-22","Thursday","mini",FALSE,0,0,NA
"2023-06-22","Thursday","wordle",FALSE,NA,NA,"TASTE"
"2023-06-23","Friday","daily",FALSE,0,0,NA
"2023-06-23","Friday","mini",FALSE,0,0,NA
"2023-06-23","Friday","wordle",FALSE,NA,NA,"COVET"
"2023-06-24","Saturday","daily",FALSE,0,0,NA
"2023-06-24","Saturday","mini",FALSE,0,0,NA
"2023-06-24","Saturday","wordle",FALSE,NA,NA,"GRAND"
"2023-06-25","Sunday","daily",FALSE,0,0,NA
"2023-06-25","Sunday","mini",FALSE,0,0,NA
"2023-06-25","Sunday","wordle",FALSE,NA,NA,"RODEO"
"2023-06-26","Monday","daily",FALSE,0,0,NA
"2023-06-26","Monday","mini",FALSE,0,0,NA
"2023-06-26","Monday","wordle",FALSE,NA,NA,"GUEST"
"2023-06-27","Tuesday","daily",FALSE,0,0,NA
"2023-06-27","Tuesday","mini",FALSE,0,0,NA
"2023-06-27","Tuesday","wordle",FALSE,NA,NA,"ABOUT"
"2023-06-28","Wednesday","daily",FALSE,0,0,NA
"2023-06-28","Wednesday","mini",FALSE,0,0,NA
"2023-06-28","Wednesday","wordle",FALSE,NA,NA,"TRACT"
"2023-06-29","Thursday","daily",FALSE,0,0,NA
"2023-06-29","Thursday","mini",FALSE,0,0,NA
"2023-06-29","Thursday","wordle",FALSE,NA,NA,"DINER"
"2023-06-30","Friday","daily",FALSE,0,0,NA
"2023-06-30","Friday","mini",FALSE,0,0,NA
"2023-06-30","Friday","wordle",FALSE,NA,NA,"STRAW"
"2023-07-01","Saturday","daily",FALSE,0,0,NA
"2023-07-01","Saturday","mini",FALSE,0,0,NA
"2023-07-01","Saturday","wordle",FALSE,NA,NA,"BLEEP"
"2023-07-02","Sunday","daily",FALSE,0,0,NA
"2023-07-02","Sunday","mini",FALSE,0,0,NA
"2023-07-02","Sunday","wordle",FALSE,NA,NA,"MOSSY"
"2023-07-03","Monday","daily",FALSE,0,0,NA
"2023-07-03","Monday","mini",FALSE,0,0,NA
"2023-07-03","Monday","wordle",FALSE,NA,NA,"HOTEL"
"2023-07-04","Tuesday","daily",FALSE,0,0,NA
"2023-07-04","Tuesday","mini",FALSE,0,0,NA
"2023-07-04","Tuesday","wordle",TRUE,NA,NA,"IRATE"
"2023-07-05","Wednesday","daily",FALSE,0,0,NA
"2023-07-05","Wednesday","mini",FALSE,0,0,NA
"2023-07-05","Wednesday","wordle",FALSE,NA,NA,"VENOM"
"2023-07-06","Thursday","daily",FALSE,0,0,NA
"2023-07-06","Thursday","mini",FALSE,0,0,NA
"2023-07-06","Thursday","wordle",FALSE,NA,NA,"WINDY"
"2023-07-07","Friday","daily",FALSE,0,0,NA
"2023-07-07","Friday","mini",FALSE,0,0,NA
"2023-07-07","Friday","wordle",FALSE,NA,NA,"DONUT"
"2023-07-08","Saturday","daily",FALSE,0,0,NA
"2023-07-08","Saturday","mini",FALSE,0,0,NA
"2023-07-08","Saturday","wordle",FALSE,NA,NA,"COWER"
"2023-07-09","Sunday","daily",FALSE,0,0,NA
"2023-07-09","Sunday","mini",FALSE,0,0,NA
"2023-07-09","Sunday","wordle",FALSE,NA,NA,"ENTER"
"2023-07-10","Monday","daily",FALSE,0,0,NA
"2023-07-10","Monday","mini",FALSE,0,0,NA
"2023-07-10","Monday","wordle",FALSE,NA,NA,"FOLLY"
"2023-07-11","Tuesday","daily",FALSE,0,0,NA
"2023-07-11","Tuesday","mini",FALSE,0,0,NA
"2023-07-11","Tuesday","wordle",FALSE,NA,NA,"EARTH"
"2023-07-12","Wednesday","daily",FALSE,0,0,NA
"2023-07-12","Wednesday","mini",FALSE,0,0,NA
"2023-07-12","Wednesday","wordle",FALSE,NA,NA,"WHIRL"
"2023-07-13","Thursday","daily",TRUE,8,0,NA
"2023-07-13","Thursday","mini",FALSE,0,0,NA
"2023-07-13","Thursday","wordle",FALSE,NA,NA,"BARGE"
"2023-07-14","Friday","daily",FALSE,0,0,NA
"2023-07-14","Friday","mini",FALSE,0,0,NA
"2023-07-14","Friday","wordle",FALSE,NA,NA,"FIEND"
"2023-07-15","Saturday","daily",FALSE,0,0,NA
"2023-07-15","Saturday","mini",FALSE,0,0,NA
"2023-07-15","Saturday","wordle",FALSE,NA,NA,"CRONE"
"2023-07-16","Sunday","daily",FALSE,0,0,NA
"2023-07-16","Sunday","mini",FALSE,0,0,NA
"2023-07-16","Sunday","wordle",FALSE,NA,NA,"TOPAZ"
"2023-07-17","Monday","daily",FALSE,0,0,NA
"2023-07-17","Monday","mini",FALSE,0,0,NA
"2023-07-17","Monday","wordle",FALSE,NA,NA,"DROOP"
"2023-07-18","Tuesday","daily",FALSE,0,0,NA
"2023-07-18","Tuesday","mini",FALSE,0,0,NA
"2023-07-18","Tuesday","wordle",FALSE,NA,NA,"FLYER"
"2023-07-19","Wednesday","daily",FALSE,0,0,NA
"2023-07-19","Wednesday","mini",FALSE,0,0,NA
"2023-07-19","Wednesday","wordle",FALSE,NA,NA,"TONIC"
"2023-07-20","Thursday","daily",FALSE,0,0,NA
"2023-07-20","Thursday","mini",FALSE,0,0,NA
"2023-07-20","Thursday","wordle",FALSE,NA,NA,"FLANK"
"2023-07-21","Friday","daily",FALSE,0,0,NA
"2023-07-21","Friday","mini",FALSE,0,0,NA
"2023-07-21","Friday","wordle",FALSE,NA,NA,"BURLY"
"2023-07-22","Saturday","daily",FALSE,0,0,NA
"2023-07-22","Saturday","mini",FALSE,0,0,NA
"2023-07-22","Saturday","wordle",FALSE,NA,NA,"FROZE"
"2023-07-23","Sunday","daily",FALSE,0,0,NA
"2023-07-23","Sunday","mini",FALSE,0,0,NA
"2023-07-23","Sunday","wordle",TRUE,NA,NA,"WHALE"
"2023-07-24","Monday","daily",FALSE,0,0,NA
"2023-07-24","Monday","mini",FALSE,0,0,NA
"2023-07-24","Monday","wordle",FALSE,NA,NA,"HOBBY"
"2023-07-25","Tuesday","daily",FALSE,0,0,NA
"2023-07-25","Tuesday","mini",FALSE,0,0,NA
"2023-07-25","Tuesday","wordle",FALSE,NA,NA,"WHEEL"
"2023-07-26","Wednesday","daily",FALSE,0,0,NA
"2023-07-26","Wednesday","mini",FALSE,0,0,NA
"2023-07-26","Wednesday","wordle",FALSE,NA,NA,"HEART"
"2023-07-27","Thursday","daily",FALSE,0,0,NA
"2023-07-27","Thursday","mini",FALSE,0,0,NA
"2023-07-27","Thursday","wordle",FALSE,NA,NA,"DISCO"
"2023-07-28","Friday","daily",FALSE,0,0,NA
"2023-07-28","Friday","mini",FALSE,0,0,NA
"2023-07-28","Friday","wordle",FALSE,NA,NA,"ETHOS"
"2023-07-29","Saturday","daily",FALSE,0,0,NA
"2023-07-29","Saturday","mini",FALSE,0,0,NA
"2023-07-29","Saturday","wordle",FALSE,NA,NA,"CURLY"
"2023-07-30","Sunday","daily",FALSE,0,0,NA
"2023-07-30","Sunday","mini",FALSE,0,0,NA
"2023-07-30","Sunday","wordle",FALSE,NA,NA,"BATHE"
"2023-07-31","Monday","daily",FALSE,0,0,NA
"2023-07-31","Monday","mini",FALSE,0,0,NA
"2023-07-31","Monday","wordle",FALSE,NA,NA,"STYLE"
"2023-08-01","Tuesday","daily",FALSE,0,0,NA
"2023-08-01","Tuesday","mini",FALSE,0,0,NA
"2023-08-01","Tuesday","wordle",FALSE,NA,NA,"TENTH"
"2023-08-02","Wednesday","daily",FALSE,0,0,NA
"2023-08-02","Wednesday","mini",FALSE,0,0,NA
"2023-08-02","Wednesday","wordle",FALSE,NA,NA,"BEGET"
"2023-08-03","Thursday","daily",FALSE,0,0,NA
"2023-08-03","Thursday","mini",FALSE,0,0,NA
"2023-08-03","Thursday","wordle",FALSE,NA,NA,"PARTY"
"2023-08-04","Friday","daily",FALSE,0,0,NA
"2023-08-04","Friday","mini",FALSE,0,0,NA
"2023-08-04","Friday","wordle",FALSE,NA,NA,"CHART"
"2023-08-05","Saturday","daily",FALSE,0,0,NA
"2023-08-05","Saturday","mini",FALSE,0,0,NA
"2023-08-05","Saturday","wordle",FALSE,NA,NA,"ANODE"
"2023-08-06","Sunday","daily",FALSE,0,0,NA
"2023-08-06","Sunday","mini",FALSE,0,0,NA
"2023-08-06","Sunday","wordle",FALSE,NA,NA,"POLYP"
"2023-08-07","Monday","daily",FALSE,0,0,NA
"2023-08-07","Monday","mini",FALSE,0,0,NA
"2023-08-07","Monday","wordle",FALSE,NA,NA,"BROOK"
"2023-08-08","Tuesday","daily",FALSE,0,0,NA
"2023-08-08","Tuesday","mini",FALSE,0,0,NA
"2023-08-08","Tuesday","wordle",FALSE,NA,NA,"BULLY"
"2023-08-09","Wednesday","daily",FALSE,0,0,NA
"2023-08-09","Wednesday","mini",FALSE,0,0,NA
"2023-08-09","Wednesday","wordle",FALSE,NA,NA,"LOVER"
"2023-08-10","Thursday","daily",TRUE,4,0,NA
"2023-08-10","Thursday","mini",FALSE,0,0,NA
"2023-08-10","Thursday","wordle",FALSE,NA,NA,"EMPTY"
"2023-08-11","Friday","daily",FALSE,0,0,NA
"2023-08-11","Friday","mini",FALSE,0,0,NA
"2023-08-11","Friday","wordle",FALSE,NA,NA,"HELLO"
"2023-08-12","Saturday","daily",FALSE,0,0,NA
"2023-08-12","Saturday","mini",FALSE,0,0,NA
"2023-08-12","Saturday","wordle",FALSE,NA,NA,"QUICK"
"2023-08-13","Sunday","daily",FALSE,0,0,NA
"2023-08-13","Sunday","mini",FALSE,0,0,NA
"2023-08-13","Sunday","wordle",FALSE,NA,NA,"WRATH"
"2023-08-14","Monday","daily",FALSE,0,0,NA
"2023-08-14","Monday","mini",FALSE,0,0,NA
"2023-08-14","Monday","wordle",FALSE,NA,NA,"SNAKY"
"2023-08-15","Tuesday","daily",FALSE,0,0,NA
"2023-08-15","Tuesday","mini",FALSE,0,0,NA
"2023-08-15","Tuesday","wordle",FALSE,NA,NA,"INDEX"
"2023-08-16","Wednesday","daily",FALSE,0,0,NA
"2023-08-16","Wednesday","mini",FALSE,0,0,NA
"2023-08-16","Wednesday","wordle",FALSE,NA,NA,"SCRUB"
"2023-08-17","Thursday","daily",FALSE,0,0,NA
"2023-08-17","Thursday","mini",FALSE,0,0,NA
"2023-08-17","Thursday","wordle",FALSE,NA,NA,"AMISS"
"2023-08-18","Friday","daily",FALSE,0,0,NA
"2023-08-18","Friday","mini",FALSE,0,0,NA
"2023-08-18","Friday","wordle",FALSE,NA,NA,"EXACT"
"2023-08-19","Saturday","daily",FALSE,0,0,NA
"2023-08-19","Saturday","mini",FALSE,0,0,NA
"2023-08-19","Saturday","wordle",FALSE,NA,NA,"MAGMA"
"2023-08-20","Sunday","daily",FALSE,0,0,NA
"2023-08-20","Sunday","mini",FALSE,0,0,NA
"2023-08-20","Sunday","wordle",FALSE,NA,NA,"QUEST"
"2023-08-21","Monday","daily",FALSE,0,0,NA
"2023-08-21","Monday","mini",FALSE,0,0,NA
"2023-08-21","Monday","wordle",FALSE,NA,NA,"BEACH"
"2023-08-22","Tuesday","daily",FALSE,0,0,NA
"2023-08-22","Tuesday","mini",FALSE,0,0,NA
"2023-08-22","Tuesday","wordle",FALSE,NA,NA,"SPICE"
"2023-08-23","Wednesday","daily",FALSE,0,0,NA
"2023-08-23","Wednesday","mini",FALSE,0,0,NA
"2023-08-23","Wednesday","wordle",FALSE,NA,NA,"VERVE"
"2023-08-24","Thursday","daily",FALSE,0,0,NA
"2023-08-24","Thursday","mini",FALSE,0,0,NA
"2023-08-24","Thursday","wordle",FALSE,NA,NA,"WORDY"
"2023-08-25","Friday","daily",FALSE,0,0,NA
"2023-08-25","Friday","mini",FALSE,0,0,NA
"2023-08-25","Friday","wordle",FALSE,NA,NA,"OCEAN"
"2023-08-26","Saturday","daily",FALSE,0,0,NA
"2023-08-26","Saturday","mini",FALSE,0,0,NA
"2023-08-26","Saturday","wordle",FALSE,NA,NA,"CHOIR"
"2023-08-27","Sunday","daily",FALSE,0,0,NA
"2023-08-27","Sunday","mini",FALSE,0,0,NA
"2023-08-27","Sunday","wordle",TRUE,NA,NA,"PEACE"
"2023-08-28","Monday","daily",FALSE,0,0,NA
"2023-08-28","Monday","mini",FALSE,0,0,NA
"2023-08-28","Monday","wordle",FALSE,NA,NA,"WRITE"
"2023-08-29","Tuesday","daily",FALSE,0,0,NA
"2023-08-29","Tuesday","mini",FALSE,0,0,NA
"2023-08-29","Tuesday","wordle",TRUE,NA,NA,"CAPER"
"2023-08-30","Wednesday","daily",FALSE,0,0,NA
"2023-08-30","Wednesday","mini",FALSE,0,0,NA
"2023-08-30","Wednesday","wordle",FALSE,NA,NA,"AUDIO"
"2023-08-31","Thursday","daily",FALSE,0,0,NA
"2023-08-31","Thursday","mini",FALSE,0,0,NA
"2023-08-31","Thursday","wordle",FALSE,NA,NA,"BRIDE"
"2023-09-01","Friday","daily",FALSE,0,0,NA
"2023-09-01","Friday","mini",FALSE,0,0,NA
"2023-09-01","Friday","wordle",TRUE,NA,NA,"SPACE"
"2023-09-02","Saturday","daily",FALSE,0,0,NA
"2023-09-02","Saturday","mini",FALSE,0,0,NA
"2023-09-02","Saturday","wordle",FALSE,NA,NA,"ONION"
"2023-09-03","Sunday","daily",FALSE,0,0,NA
"2023-09-03","Sunday","mini",FALSE,0,0,NA
"2023-09-03","Sunday","wordle",FALSE,NA,NA,"AWAIT"
"2023-09-04","Monday","daily",FALSE,0,0,NA
"2023-09-04","Monday","mini",FALSE,0,0,NA
"2023-09-04","Monday","wordle",FALSE,NA,NA,"GIDDY"
"2023-09-05","Tuesday","daily",FALSE,0,0,NA
"2023-09-05","Tuesday","mini",FALSE,0,0,NA
"2023-09-05","Tuesday","wordle",FALSE,NA,NA,"BIRCH"
"2023-09-06","Wednesday","daily",FALSE,0,0,NA
"2023-09-06","Wednesday","mini",FALSE,0,0,NA
"2023-09-06","Wednesday","wordle",FALSE,NA,NA,"GNASH"
"2023-09-07","Thursday","daily",FALSE,0,0,NA
"2023-09-07","Thursday","mini",FALSE,0,0,NA
"2023-09-07","Thursday","wordle",FALSE,NA,NA,"DWELL"
"2023-09-08","Friday","daily",FALSE,0,0,NA
"2023-09-08","Friday","mini",FALSE,0,0,NA
"2023-09-08","Friday","wordle",FALSE,NA,NA,"ROUSE"
"2023-09-09","Saturday","daily",FALSE,0,0,NA
"2023-09-09","Saturday","mini",FALSE,0,0,NA
"2023-09-09","Saturday","wordle",FALSE,NA,NA,"LUCKY"
"2023-09-10","Sunday","daily",FALSE,0,0,NA
"2023-09-10","Sunday","mini",FALSE,0,0,NA
"2023-09-10","Sunday","wordle",FALSE,NA,NA,"QUOTE"
"2023-09-11","Monday","daily",FALSE,0,0,NA
"2023-09-11","Monday","mini",FALSE,0,0,NA
"2023-09-11","Monday","wordle",FALSE,NA,NA,"OLDER"
"2023-09-12","Tuesday","daily",FALSE,0,0,NA
"2023-09-12","Tuesday","mini",FALSE,0,0,NA
"2023-09-12","Tuesday","wordle",FALSE,NA,NA,"WHISK"
"2023-09-13","Wednesday","daily",FALSE,0,0,NA
"2023-09-13","Wednesday","mini",FALSE,0,0,NA
"2023-09-13","Wednesday","wordle",FALSE,NA,NA,"CLEAR"
"2023-09-14","Thursday","daily",FALSE,0,0,NA
"2023-09-14","Thursday","mini",FALSE,0,0,NA
"2023-09-14","Thursday","wordle",FALSE,NA,NA,"RAYON"
"2023-09-15","Friday","daily",FALSE,0,0,NA
"2023-09-15","Friday","mini",FALSE,0,0,NA
"2023-09-15","Friday","wordle",FALSE,NA,NA,"EXERT"
"2023-09-16","Saturday","daily",FALSE,0,0,NA
"2023-09-16","Saturday","mini",FALSE,0,0,NA
"2023-09-16","Saturday","wordle",FALSE,NA,NA,"ANGEL"
"2023-09-17","Sunday","daily",FALSE,0,0,NA
"2023-09-17","Sunday","mini",FALSE,0,0,NA
"2023-09-17","Sunday","wordle",FALSE,NA,NA,"MUSIC"
"2023-09-18","Monday","daily",FALSE,0,0,NA
"2023-09-18","Monday","mini",FALSE,0,0,NA
"2023-09-18","Monday","wordle",FALSE,NA,NA,"FRANK"
"2023-09-19","Tuesday","daily",FALSE,0,0,NA
"2023-09-19","Tuesday","mini",FALSE,0,0,NA
"2023-09-19","Tuesday","wordle",FALSE,NA,NA,"CLOSE"
"2023-09-20","Wednesday","daily",FALSE,0,0,NA
"2023-09-20","Wednesday","mini",FALSE,0,0,NA
"2023-09-20","Wednesday","wordle",TRUE,NA,NA,"SNARE"
"2023-09-21","Thursday","daily",FALSE,0,0,NA
"2023-09-21","Thursday","mini",FALSE,0,0,NA
"2023-09-21","Thursday","wordle",FALSE,NA,NA,"STONE"
"2023-09-22","Friday","daily",FALSE,0,0,NA
"2023-09-22","Friday","mini",FALSE,0,0,NA
"2023-09-22","Friday","wordle",FALSE,NA,NA,"BRUSH"
"2023-09-23","Saturday","daily",FALSE,0,0,NA
"2023-09-23","Saturday","mini",FALSE,0,0,NA
"2023-09-23","Saturday","wordle",FALSE,NA,NA,"CAROL"
"2023-09-24","Sunday","daily",FALSE,0,0,NA
"2023-09-24","Sunday","mini",FALSE,0,0,NA
"2023-09-24","Sunday","wordle",FALSE,NA,NA,"RIGHT"
"2023-09-25","Monday","daily",FALSE,0,0,NA
"2023-09-25","Monday","mini",FALSE,0,0,NA
"2023-09-25","Monday","wordle",FALSE,NA,NA,"ROCKY"
"2023-09-26","Tuesday","daily",FALSE,0,0,NA
"2023-09-26","Tuesday","mini",FALSE,0,0,NA
"2023-09-26","Tuesday","wordle",FALSE,NA,NA,"LOYAL"
"2023-09-27","Wednesday","daily",FALSE,0,0,NA
"2023-09-27","Wednesday","mini",FALSE,0,0,NA
"2023-09-27","Wednesday","wordle",FALSE,NA,NA,"SMILE"
"2023-09-28","Thursday","daily",FALSE,0,0,NA
"2023-09-28","Thursday","mini",FALSE,0,0,NA
"2023-09-28","Thursday","wordle",FALSE,NA,NA,"COACH"
"2023-09-29","Friday","daily",FALSE,0,0,NA
"2023-09-29","Friday","mini",FALSE,0,0,NA
"2023-09-29","Friday","wordle",FALSE,NA,NA,"AZURE"
"2023-09-30","Saturday","daily",FALSE,0,0,NA
"2023-09-30","Saturday","mini",FALSE,0,0,NA
"2023-09-30","Saturday","wordle",FALSE,NA,NA,"DADDY"
"2023-10-01","Sunday","daily",TRUE,1,0,NA
"2023-10-01","Sunday","mini",FALSE,0,0,NA
"2023-10-01","Sunday","wordle",FALSE,NA,NA,"BERET"
"2023-10-02","Monday","daily",FALSE,0,0,NA
"2023-10-02","Monday","mini",FALSE,0,0,NA
"2023-10-02","Monday","wordle",FALSE,NA,NA,"MERRY"
"2023-10-03","Tuesday","daily",FALSE,0,0,NA
"2023-10-03","Tuesday","mini",FALSE,0,0,NA
"2023-10-03","Tuesday","wordle",FALSE,NA,NA,"WHILE"
"2023-10-04","Wednesday","daily",TRUE,8,0,NA
"2023-10-04","Wednesday","mini",FALSE,0,0,NA
"2023-10-04","Wednesday","wordle",FALSE,NA,NA,"SPURT"
"2023-10-05","Thursday","daily",FALSE,0,0,NA
"2023-10-05","Thursday","mini",FALSE,0,0,NA
"2023-10-05","Thursday","wordle",FALSE,NA,NA,"BUNCH"
"2023-10-06","Friday","daily",FALSE,0,0,NA
"2023-10-06","Friday","mini",FALSE,0,0,NA
"2023-10-06","Friday","wordle",FALSE,NA,NA,"CHIME"
"2023-10-07","Saturday","daily",FALSE,0,0,NA
"2023-10-07","Saturday","mini",FALSE,0,0,NA
"2023-10-07","Saturday","wordle",FALSE,NA,NA,"VIOLA"
"2023-10-08","Sunday","daily",FALSE,0,0,NA
"2023-10-08","Sunday","mini",FALSE,0,0,NA
"2023-10-08","Sunday","wordle",FALSE,NA,NA,"BINGE"
"2023-10-09","Monday","daily",FALSE,0,0,NA
"2023-10-09","Monday","mini",FALSE,0,0,NA
"2023-10-09","Monday","wordle",FALSE,NA,NA,"TRUTH"
"2023-10-10","Tuesday","daily",FALSE,0,0,NA
"2023-10-10","Tuesday","mini",FALSE,0,0,NA
"2023-10-10","Tuesday","wordle",FALSE,NA,NA,"SNAIL"
"2023-10-11","Wednesday","daily",FALSE,0,0,NA
"2023-10-11","Wednesday","mini",FALSE,0,0,NA
"2023-10-11","Wednesday","wordle",FALSE,NA,NA,"SKUNK"
"2023-10-12","Thursday","daily",FALSE,0,0,NA
"2023-10-12","Thursday","mini",FALSE,0,0,NA
"2023-10-12","Thursday","wordle",FALSE,NA,NA,"KNELT"
"2023-10-13","Friday","daily",FALSE,0,0,NA
"2023-10-13","Friday","mini",FALSE,0,0,NA
"2023-10-13","Friday","wordle",FALSE,NA,NA,"UNCLE"
"2023-10-14","Saturday","daily",FALSE,0,0,NA
"2023-10-14","Saturday","mini",FALSE,0,0,NA
"2023-10-14","Saturday","wordle",FALSE,NA,NA,"AGENT"
"2023-10-15","Sunday","daily",FALSE,0,0,NA
"2023-10-15","Sunday","mini",FALSE,0,0,NA
"2023-10-15","Sunday","wordle",FALSE,NA,NA,"LEAKY"
"2023-10-16","Monday","daily",FALSE,0,0,NA
"2023-10-16","Monday","mini",FALSE,0,0,NA
"2023-10-16","Monday","wordle",FALSE,NA,NA,"GRAPH"
"2023-10-17","Tuesday","daily",FALSE,0,0,NA
"2023-10-17","Tuesday","mini",FALSE,0,0,NA
"2023-10-17","Tuesday","wordle",FALSE,NA,NA,"ADULT"
"2023-10-18","Wednesday","daily",FALSE,0,0,NA
"2023-10-18","Wednesday","mini",FALSE,0,0,NA
"2023-10-18","Wednesday","wordle",FALSE,NA,NA,"MERCY"
"2023-10-19","Thursday","daily",TRUE,27,0,NA
"2023-10-19","Thursday","mini",FALSE,0,0,NA
"2023-10-19","Thursday","wordle",FALSE,NA,NA,"SPLAT"
"2023-10-20","Friday","daily",FALSE,0,0,NA
"2023-10-20","Friday","mini",FALSE,0,0,NA
"2023-10-20","Friday","wordle",FALSE,NA,NA,"OCCUR"
"2023-10-21","Saturday","daily",FALSE,0,0,NA
"2023-10-21","Saturday","mini",FALSE,0,0,NA
"2023-10-21","Saturday","wordle",FALSE,NA,NA,"SMIRK"
"2023-10-22","Sunday","daily",FALSE,0,0,NA
"2023-10-22","Sunday","mini",FALSE,0,0,NA
"2023-10-22","Sunday","wordle",FALSE,NA,NA,"GIVEN"
"2023-10-23","Monday","daily",FALSE,0,0,NA
"2023-10-23","Monday","mini",FALSE,0,0,NA
"2023-10-23","Monday","wordle",FALSE,NA,NA,"TEMPO"
"2023-10-24","Tuesday","daily",FALSE,0,0,NA
"2023-10-24","Tuesday","mini",FALSE,0,0,NA
"2023-10-24","Tuesday","wordle",FALSE,NA,NA,"CAUSE"
"2023-10-25","Wednesday","daily",FALSE,0,0,NA
"2023-10-25","Wednesday","mini",FALSE,0,0,NA
"2023-10-25","Wednesday","wordle",FALSE,NA,NA,"RETRY"
"2023-10-26","Thursday","daily",FALSE,0,0,NA
"2023-10-26","Thursday","mini",FALSE,0,0,NA
"2023-10-26","Thursday","wordle",FALSE,NA,NA,"PIQUE"
"2023-10-27","Friday","daily",FALSE,0,0,NA
"2023-10-27","Friday","mini",FALSE,0,0,NA
"2023-10-27","Friday","wordle",FALSE,NA,NA,"NOBLE"
"2023-10-28","Saturday","daily",FALSE,0,0,NA
"2023-10-28","Saturday","mini",FALSE,0,0,NA
"2023-10-28","Saturday","wordle",FALSE,NA,NA,"MASON"
"2023-10-29","Sunday","daily",FALSE,0,0,NA
"2023-10-29","Sunday","mini",FALSE,0,0,NA
"2023-10-29","Sunday","wordle",FALSE,NA,NA,"PHONY"
"2023-10-30","Monday","daily",FALSE,0,0,NA
"2023-10-30","Monday","mini",FALSE,0,0,NA
"2023-10-30","Monday","wordle",FALSE,NA,NA,"GRAIL"
"2023-10-31","Tuesday","daily",FALSE,0,0,NA
"2023-10-31","Tuesday","mini",FALSE,0,0,NA
"2023-10-31","Tuesday","wordle",FALSE,NA,NA,"BLEAK"
"2023-11-01","Wednesday","daily",FALSE,0,0,NA
"2023-11-01","Wednesday","mini",FALSE,0,0,NA
"2023-11-01","Wednesday","wordle",FALSE,NA,NA,"NOISE"
"2023-11-02","Thursday","daily",FALSE,0,0,NA
"2023-11-02","Thursday","mini",FALSE,0,0,NA
"2023-11-02","Thursday","wordle",FALSE,NA,NA,"UNTIL"
"2023-11-03","Friday","daily",FALSE,0,0,NA
"2023-11-03","Friday","mini",FALSE,0,0,NA
"2023-11-03","Friday","wordle",FALSE,NA,NA,"ARDOR"
"2023-11-04","Saturday","daily",FALSE,0,0,NA
"2023-11-04","Saturday","mini",FALSE,0,0,NA
"2023-11-04","Saturday","wordle",FALSE,NA,NA,"MANIA"
"2023-11-05","Sunday","daily",FALSE,0,0,NA
"2023-11-05","Sunday","mini",FALSE,0,0,NA
"2023-11-05","Sunday","wordle",TRUE,NA,NA,"FLARE"
"2023-11-06","Monday","daily",FALSE,0,0,NA
"2023-11-06","Monday","mini",FALSE,0,0,NA
"2023-11-06","Monday","wordle",TRUE,NA,NA,"TRADE"
"2023-11-07","Tuesday","daily",FALSE,0,0,NA
"2023-11-07","Tuesday","mini",FALSE,0,0,NA
"2023-11-07","Tuesday","wordle",FALSE,NA,NA,"LIMIT"
"2023-11-08","Wednesday","daily",FALSE,0,0,NA
"2023-11-08","Wednesday","mini",FALSE,0,0,NA
"2023-11-08","Wednesday","wordle",FALSE,NA,NA,"NINJA"
"2023-11-09","Thursday","daily",FALSE,0,0,NA
"2023-11-09","Thursday","mini",FALSE,0,0,NA
"2023-11-09","Thursday","wordle",TRUE,NA,NA,"GLAZE"
"2023-11-10","Friday","daily",FALSE,0,0,NA
"2023-11-10","Friday","mini",FALSE,0,0,NA
"2023-11-10","Friday","wordle",FALSE,NA,NA,"LEASH"
"2023-11-11","Saturday","daily",FALSE,0,0,NA
"2023-11-11","Saturday","mini",FALSE,0,0,NA
"2023-11-11","Saturday","wordle",FALSE,NA,NA,"ACTOR"
"2023-11-12","Sunday","daily",FALSE,0,0,NA
"2023-11-12","Sunday","mini",FALSE,0,0,NA
"2023-11-12","Sunday","wordle",FALSE,NA,NA,"MEANT"
"2023-11-13","Monday","daily",FALSE,0,0,NA
"2023-11-13","Monday","mini",FALSE,0,0,NA
"2023-11-13","Monday","wordle",FALSE,NA,NA,"GREEN"
"2023-11-14","Tuesday","daily",FALSE,0,0,NA
"2023-11-14","Tuesday","mini",FALSE,0,0,NA
"2023-11-14","Tuesday","wordle",FALSE,NA,NA,"SASSY"
"2023-11-15","Wednesday","daily",FALSE,0,0,NA
"2023-11-15","Wednesday","mini",FALSE,0,0,NA
"2023-11-15","Wednesday","wordle",FALSE,NA,NA,"SIGHT"
"2023-11-16","Thursday","daily",TRUE,3,0,NA
"2023-11-16","Thursday","mini",FALSE,0,0,NA
"2023-11-16","Thursday","wordle",FALSE,NA,NA,"TRUST"
"2023-11-17","Friday","daily",FALSE,0,0,NA
"2023-11-17","Friday","mini",FALSE,0,0,NA
"2023-11-17","Friday","wordle",FALSE,NA,NA,"TARDY"
"2023-11-18","Saturday","daily",FALSE,0,0,NA
"2023-11-18","Saturday","mini",FALSE,0,0,NA
"2023-11-18","Saturday","wordle",FALSE,NA,NA,"THINK"
"2023-11-19","Sunday","daily",FALSE,0,0,NA
"2023-11-19","Sunday","mini",FALSE,0,0,NA
"2023-11-19","Sunday","wordle",FALSE,NA,NA,"QUEUE"
"2023-11-20","Monday","daily",FALSE,0,0,NA
"2023-11-20","Monday","mini",FALSE,0,0,NA
"2023-11-20","Monday","wordle",FALSE,NA,NA,"CANDY"
"2023-11-21","Tuesday","daily",FALSE,0,0,NA
"2023-11-21","Tuesday","mini",FALSE,0,0,NA
"2023-11-21","Tuesday","wordle",FALSE,NA,NA,"PIANO"
"2023-11-22","Wednesday","daily",FALSE,0,0,NA
"2023-11-22","Wednesday","mini",FALSE,0,0,NA
"2023-11-22","Wednesday","wordle",FALSE,NA,NA,"PIXEL"
"2023-11-23","Thursday","daily",FALSE,0,0,NA
"2023-11-23","Thursday","mini",FALSE,0,0,NA
"2023-11-23","Thursday","wordle",FALSE,NA,NA,"QUEEN"
"2023-11-24","Friday","daily",FALSE,0,0,NA
"2023-11-24","Friday","mini",FALSE,0,0,NA
"2023-11-24","Friday","wordle",FALSE,NA,NA,"THROW"
"2023-11-25","Saturday","daily",FALSE,0,0,NA
"2023-11-25","Saturday","mini",FALSE,0,0,NA
"2023-11-25","Saturday","wordle",FALSE,NA,NA,"GUIDE"
"2023-11-26","Sunday","daily",FALSE,0,0,NA
"2023-11-26","Sunday","mini",FALSE,0,0,NA
"2023-11-26","Sunday","wordle",FALSE,NA,NA,"SOLID"
"2023-11-27","Monday","daily",FALSE,0,0,NA
"2023-11-27","Monday","mini",FALSE,0,0,NA
"2023-11-27","Monday","wordle",FALSE,NA,NA,"TAWNY"
"2023-11-28","Tuesday","daily",FALSE,0,0,NA
"2023-11-28","Tuesday","mini",FALSE,0,0,NA
"2023-11-28","Tuesday","wordle",FALSE,NA,NA,"SCOPE"
"2023-11-29","Wednesday","daily",FALSE,0,0,NA
"2023-11-29","Wednesday","mini",FALSE,0,0,NA
"2023-11-29","Wednesday","wordle",FALSE,NA,NA,"SUSHI"
"2023-11-30","Thursday","daily",FALSE,0,0,NA
"2023-11-30","Thursday","mini",FALSE,0,0,NA
"2023-11-30","Thursday","wordle",FALSE,NA,NA,"RESIN"
"2023-12-01","Friday","daily",FALSE,0,0,NA
"2023-12-01","Friday","mini",FALSE,0,0,NA
"2023-12-01","Friday","wordle",TRUE,NA,NA,"TAKEN"
"2023-12-02","Saturday","daily",FALSE,0,0,NA
"2023-12-02","Saturday","mini",FALSE,0,0,NA
"2023-12-02","Saturday","wordle",FALSE,NA,NA,"GENRE"
"2023-12-03","Sunday","daily",FALSE,0,0,NA
"2023-12-03","Sunday","mini",FALSE,0,0,NA
"2023-12-03","Sunday","wordle",FALSE,NA,NA,"ADAPT"
"2023-12-04","Monday","daily",FALSE,0,0,NA
"2023-12-04","Monday","mini",FALSE,0,0,NA
"2023-12-04","Monday","wordle",FALSE,NA,NA,"WORST"
"2023-12-05","Tuesday","daily",FALSE,0,0,NA
"2023-12-05","Tuesday","mini",FALSE,0,0,NA
"2023-12-05","Tuesday","wordle",FALSE,NA,NA,"YOUNG"
"2023-12-06","Wednesday","daily",FALSE,0,0,NA
"2023-12-06","Wednesday","mini",FALSE,0,0,NA
"2023-12-06","Wednesday","wordle",FALSE,NA,NA,"WOMAN"
"2023-12-07","Thursday","daily",TRUE,4,0,NA
"2023-12-07","Thursday","mini",FALSE,0,0,NA
"2023-12-07","Thursday","wordle",FALSE,NA,NA,"SLEEP"
"2023-12-08","Friday","daily",FALSE,0,0,NA
"2023-12-08","Friday","mini",FALSE,0,0,NA
"2023-12-08","Friday","wordle",FALSE,NA,NA,"SHARP"
"2023-12-09","Saturday","daily",FALSE,0,0,NA
"2023-12-09","Saturday","mini",FALSE,0,0,NA
"2023-12-09","Saturday","wordle",FALSE,NA,NA,"SHIFT"
"2023-12-10","Sunday","daily",FALSE,0,0,NA
"2023-12-10","Sunday","mini",FALSE,0,0,NA
"2023-12-10","Sunday","wordle",FALSE,NA,NA,"CHAIN"
"2023-12-11","Monday","daily",FALSE,0,0,NA
"2023-12-11","Monday","mini",FALSE,0,0,NA
"2023-12-11","Monday","wordle",FALSE,NA,NA,"HOUSE"
"2023-12-12","Tuesday","daily",FALSE,0,0,NA
"2023-12-12","Tuesday","mini",FALSE,0,0,NA
"2023-12-12","Tuesday","wordle",FALSE,NA,NA,"THESE"
"2023-12-13","Wednesday","daily",FALSE,0,0,NA
"2023-12-13","Wednesday","mini",FALSE,0,0,NA
"2023-12-13","Wednesday","wordle",FALSE,NA,NA,"SPENT"
"2023-12-14","Thursday","daily",FALSE,0,0,NA
"2023-12-14","Thursday","mini",FALSE,0,0,NA
"2023-12-14","Thursday","wordle",FALSE,NA,NA,"WOULD"
"2023-12-15","Friday","daily",FALSE,0,0,NA
"2023-12-15","Friday","mini",FALSE,0,0,NA
"2023-12-15","Friday","wordle",FALSE,NA,NA,"TOPIC"
"2023-12-16","Saturday","daily",FALSE,0,0,NA
"2023-12-16","Saturday","mini",FALSE,0,0,NA
"2023-12-16","Saturday","wordle",FALSE,NA,NA,"GLOBE"
"2023-12-17","Sunday","daily",FALSE,0,7,NA
"2023-12-17","Sunday","mini",FALSE,0,0,NA
"2023-12-17","Sunday","wordle",FALSE,NA,NA,"BACON"
"2023-12-18","Monday","daily",FALSE,0,0,NA
"2023-12-18","Monday","mini",FALSE,0,0,NA
"2023-12-18","Monday","wordle",FALSE,NA,NA,"FUNNY"
"2023-12-19","Tuesday","daily",FALSE,0,0,NA
"2023-12-19","Tuesday","mini",FALSE,0,0,NA
"2023-12-19","Tuesday","wordle",FALSE,NA,NA,"TABLE"
"2023-12-20","Wednesday","daily",FALSE,0,0,NA
"2023-12-20","Wednesday","mini",FALSE,0,0,NA
"2023-12-20","Wednesday","wordle",FALSE,NA,NA,"SMALL"
"2023-12-21","Thursday","daily",FALSE,0,0,NA
"2023-12-21","Thursday","mini",FALSE,0,0,NA
"2023-12-21","Thursday","wordle",FALSE,NA,NA,"BUILT"
"2023-12-22","Friday","daily",FALSE,0,0,NA
"2023-12-22","Friday","mini",FALSE,0,0,NA
"2023-12-22","Friday","wordle",FALSE,NA,NA,"TOUCH"
"2023-12-23","Saturday","daily",FALSE,0,0,NA
"2023-12-23","Saturday","mini",FALSE,0,0,NA
"2023-12-23","Saturday","wordle",FALSE,NA,NA,"SLOPE"
"2023-12-24","Sunday","daily",TRUE,5,0,NA
"2023-12-24","Sunday","mini",FALSE,0,0,NA
"2023-12-24","Sunday","wordle",TRUE,NA,NA,"GRACE"
"2023-12-25","Monday","daily",FALSE,0,0,NA
"2023-12-25","Monday","mini",FALSE,0,0,NA
"2023-12-25","Monday","wordle",FALSE,NA,NA,"EVOKE"
"2023-12-26","Tuesday","daily",FALSE,0,0,NA
"2023-12-26","Tuesday","mini",FALSE,0,0,NA
"2023-12-26","Tuesday","wordle",FALSE,NA,NA,"PHONE"
"2023-12-27","Wednesday","daily",FALSE,0,0,NA
"2023-12-27","Wednesday","mini",FALSE,0,0,NA
"2023-12-27","Wednesday","wordle",FALSE,NA,NA,"DAISY"
"2023-12-28","Thursday","daily",FALSE,0,0,NA
"2023-12-28","Thursday","mini",FALSE,0,0,NA
"2023-12-28","Thursday","wordle",FALSE,NA,NA,"LEARN"
"2023-12-29","Friday","daily",FALSE,0,0,NA
"2023-12-29","Friday","mini",FALSE,0,0,NA
"2023-12-29","Friday","wordle",FALSE,NA,NA,"CHILD"
"2023-12-30","Saturday","daily",FALSE,0,0,NA
"2023-12-30","Saturday","mini",FALSE,0,0,NA
"2023-12-30","Saturday","wordle",FALSE,NA,NA,"THREE"
"2023-12-31","Sunday","daily",FALSE,0,0,NA
"2023-12-31","Sunday","mini",FALSE,0,0,NA
"2023-12-31","Sunday","wordle",FALSE,NA,NA,"SALTY"
"2024-01-01","Monday","daily",FALSE,0,0,NA
"2024-01-01","Monday","mini",FALSE,0,0,NA
"2024-01-01","Monday","wordle",FALSE,NA,NA,"MURAL"
"2024-01-02","Tuesday","daily",FALSE,0,0,NA
"2024-01-02","Tuesday","mini",FALSE,0,0,NA
"2024-01-02","Tuesday","wordle",FALSE,NA,NA,"AGING"
"2024-01-03","Wednesday","daily",FALSE,0,0,NA
"2024-01-03","Wednesday","mini",FALSE,0,0,NA
"2024-01-03","Wednesday","wordle",FALSE,NA,NA,"TWIRL"
"2024-01-04","Thursday","daily",FALSE,0,0,NA
"2024-01-04","Thursday","mini",FALSE,0,0,NA
"2024-01-04","Thursday","wordle",FALSE,NA,NA,"SCANT"
"2024-01-05","Friday","daily",FALSE,0,0,NA
"2024-01-05","Friday","mini",FALSE,0,0,NA
"2024-01-05","Friday","wordle",FALSE,NA,NA,"LUNGE"
"2024-01-06","Saturday","daily",FALSE,0,0,NA
"2024-01-06","Saturday","mini",FALSE,0,0,NA
"2024-01-06","Saturday","wordle",FALSE,NA,NA,"CABLE"
"2024-01-07","Sunday","daily",FALSE,0,0,NA
"2024-01-07","Sunday","mini",FALSE,0,0,NA
"2024-01-07","Sunday","wordle",FALSE,NA,NA,"STONY"
"2024-01-08","Monday","daily",FALSE,0,0,NA
"2024-01-08","Monday","mini",FALSE,0,0,NA
"2024-01-08","Monday","wordle",FALSE,NA,NA,"FINAL"
"2024-01-09","Tuesday","daily",FALSE,0,0,NA
"2024-01-09","Tuesday","mini",FALSE,0,0,NA
"2024-01-09","Tuesday","wordle",FALSE,NA,NA,"LINER"
"2024-01-10","Wednesday","daily",FALSE,0,0,NA
"2024-01-10","Wednesday","mini",FALSE,0,0,NA
"2024-01-10","Wednesday","wordle",FALSE,NA,NA,"THREW"
"2024-01-11","Thursday","daily",FALSE,0,1,NA
"2024-01-11","Thursday","mini",FALSE,0,0,NA
"2024-01-11","Thursday","wordle",FALSE,NA,NA,"BRIEF"
"2024-01-12","Friday","daily",FALSE,0,0,NA
"2024-01-12","Friday","mini",FALSE,0,0,NA
"2024-01-12","Friday","wordle",FALSE,NA,NA,"ROUTE"
"2024-01-13","Saturday","daily",FALSE,0,0,NA
"2024-01-13","Saturday","mini",FALSE,0,0,NA
"2024-01-13","Saturday","wordle",FALSE,NA,NA,"HEARD"
"2024-01-14","Sunday","daily",FALSE,0,0,NA
"2024-01-14","Sunday","mini",FALSE,0,0,NA
"2024-01-14","Sunday","wordle",FALSE,NA,NA,"DOING"
"2024-01-15","Monday","daily",FALSE,0,0,NA
"2024-01-15","Monday","mini",FALSE,0,0,NA
"2024-01-15","Monday","wordle",FALSE,NA,NA,"LUNCH"
"2024-01-16","Tuesday","daily",FALSE,0,0,NA
"2024-01-16","Tuesday","mini",FALSE,0,0,NA
"2024-01-16","Tuesday","wordle",FALSE,NA,NA,"BLOND"
"2024-01-17","Wednesday","daily",FALSE,0,0,NA
"2024-01-17","Wednesday","mini",FALSE,0,0,NA
"2024-01-17","Wednesday","wordle",FALSE,NA,NA,"COURT"
"2024-01-18","Thursday","daily",TRUE,8,0,NA
"2024-01-18","Thursday","mini",FALSE,0,0,NA
"2024-01-18","Thursday","wordle",FALSE,NA,NA,"STOLE"
"2024-01-19","Friday","daily",FALSE,0,0,NA
"2024-01-19","Friday","mini",FALSE,0,0,NA
"2024-01-19","Friday","wordle",FALSE,NA,NA,"THING"
"2024-01-20","Saturday","daily",FALSE,0,0,NA
"2024-01-20","Saturday","mini",FALSE,0,0,NA
"2024-01-20","Saturday","wordle",FALSE,NA,NA,"LARGE"
"2024-01-21","Sunday","daily",FALSE,0,0,NA
"2024-01-21","Sunday","mini",FALSE,0,0,NA
"2024-01-21","Sunday","wordle",FALSE,NA,NA,"NORTH"
"2024-01-22","Monday","daily",FALSE,0,0,NA
"2024-01-22","Monday","mini",FALSE,0,0,NA
"2024-01-22","Monday","wordle",FALSE,NA,NA,"TWEAK"
"2024-01-23","Tuesday","daily",FALSE,0,0,NA
"2024-01-23","Tuesday","mini",FALSE,0,0,NA
"2024-01-23","Tuesday","wordle",FALSE,NA,NA,"STILL"
"2024-01-24","Wednesday","daily",FALSE,0,0,NA
"2024-01-24","Wednesday","mini",FALSE,0,0,NA
"2024-01-24","Wednesday","wordle",FALSE,NA,NA,"RELIC"
"2024-01-25","Thursday","daily",FALSE,0,0,NA
"2024-01-25","Thursday","mini",FALSE,0,0,NA
"2024-01-25","Thursday","wordle",FALSE,NA,NA,"BLOCK"
"2024-01-26","Friday","daily",FALSE,0,0,NA
"2024-01-26","Friday","mini",FALSE,0,0,NA
"2024-01-26","Friday","wordle",FALSE,NA,NA,"ALOOF"
"2024-01-27","Saturday","daily",FALSE,0,0,NA
"2024-01-27","Saturday","mini",FALSE,0,0,NA
"2024-01-27","Saturday","wordle",TRUE,NA,NA,"SNAKE"
"2024-01-28","Sunday","daily",TRUE,5,0,NA
"2024-01-28","Sunday","mini",FALSE,0,0,NA
"2024-01-28","Sunday","wordle",FALSE,NA,NA,"EMBER"
"2024-01-29","Monday","daily",FALSE,0,0,NA
"2024-01-29","Monday","mini",FALSE,0,0,NA
"2024-01-29","Monday","wordle",FALSE,NA,NA,"LEGGY"
"2024-01-30","Tuesday","daily",FALSE,0,0,NA
"2024-01-30","Tuesday","mini",FALSE,0,0,NA
"2024-01-30","Tuesday","wordle",FALSE,NA,NA,"EXPEL"
"2024-01-31","Wednesday","daily",FALSE,0,0,NA
"2024-01-31","Wednesday","mini",FALSE,0,0,NA
"2024-01-31","Wednesday","wordle",FALSE,NA,NA,"BULKY"
"2024-02-01","Thursday","daily",FALSE,0,0,NA
"2024-02-01","Thursday","mini",FALSE,0,0,NA
"2024-02-01","Thursday","wordle",FALSE,NA,NA,"ALIVE"
"2024-02-02","Friday","daily",FALSE,0,0,NA
"2024-02-02","Friday","mini",FALSE,0,0,NA
"2024-02-02","Friday","wordle",FALSE,NA,NA,"CLEFT"
"2024-02-03","Saturday","daily",FALSE,0,0,NA
"2024-02-03","Saturday","mini",FALSE,0,0,NA
"2024-02-03","Saturday","wordle",FALSE,NA,NA,"MICRO"
"2024-02-04","Sunday","daily",FALSE,0,0,NA
"2024-02-04","Sunday","mini",FALSE,0,0,NA
"2024-02-04","Sunday","wordle",FALSE,NA,NA,"VERGE"
"2024-02-05","Monday","daily",FALSE,0,0,NA
"2024-02-05","Monday","mini",FALSE,0,0,NA
"2024-02-05","Monday","wordle",FALSE,NA,NA,"REPEL"
"2024-02-06","Tuesday","daily",FALSE,0,0,NA
"2024-02-06","Tuesday","mini",FALSE,0,0,NA
"2024-02-06","Tuesday","wordle",FALSE,NA,NA,"WHICH"
"2024-02-07","Wednesday","daily",FALSE,0,0,NA
"2024-02-07","Wednesday","mini",FALSE,0,0,NA
"2024-02-07","Wednesday","wordle",FALSE,NA,NA,"AFTER"
"2024-02-08","Thursday","daily",FALSE,0,0,NA
"2024-02-08","Thursday","mini",FALSE,0,0,NA
"2024-02-08","Thursday","wordle",TRUE,NA,NA,"PLACE"
"2024-02-09","Friday","daily",FALSE,0,0,NA
"2024-02-09","Friday","mini",FALSE,0,0,NA
"2024-02-09","Friday","wordle",FALSE,NA,NA,"STIFF"
"2024-02-10","Saturday","daily",FALSE,0,0,NA
"2024-02-10","Saturday","mini",FALSE,0,0,NA
"2024-02-10","Saturday","wordle",FALSE,NA,NA,"FRIED"
"2024-02-11","Sunday","daily",FALSE,0,0,NA
"2024-02-11","Sunday","mini",FALSE,0,0,NA
"2024-02-11","Sunday","wordle",FALSE,NA,NA,"NEVER"
"2024-02-12","Monday","daily",FALSE,0,0,NA
"2024-02-12","Monday","mini",FALSE,0,0,NA
"2024-02-12","Monday","wordle",FALSE,NA,NA,"PASTA"
"2024-02-13","Tuesday","daily",FALSE,0,0,NA
"2024-02-13","Tuesday","mini",FALSE,0,0,NA
"2024-02-13","Tuesday","wordle",FALSE,NA,NA,"SCRAM"
"2024-02-14","Wednesday","daily",FALSE,0,0,NA
"2024-02-14","Wednesday","mini",FALSE,0,0,NA
"2024-02-14","Wednesday","wordle",FALSE,NA,NA,"TALON"
"2024-02-15","Thursday","daily",FALSE,0,5,NA
"2024-02-15","Thursday","mini",FALSE,0,0,NA
"2024-02-15","Thursday","wordle",FALSE,NA,NA,"ASCOT"
"2024-02-16","Friday","daily",FALSE,0,0,NA
"2024-02-16","Friday","mini",FALSE,0,0,NA
"2024-02-16","Friday","wordle",FALSE,NA,NA,"STASH"
"2024-02-17","Saturday","daily",FALSE,0,0,NA
"2024-02-17","Saturday","mini",FALSE,0,0,NA
"2024-02-17","Saturday","wordle",FALSE,NA,NA,"PSALM"
"2024-02-18","Sunday","daily",FALSE,0,0,NA
"2024-02-18","Sunday","mini",FALSE,0,0,NA
"2024-02-18","Sunday","wordle",FALSE,NA,NA,"RIDGE"
"2024-02-19","Monday","daily",FALSE,0,0,NA
"2024-02-19","Monday","mini",FALSE,0,0,NA
"2024-02-19","Monday","wordle",FALSE,NA,NA,"PRICE"
"2024-02-20","Tuesday","daily",FALSE,0,0,NA
"2024-02-20","Tuesday","mini",FALSE,0,0,NA
"2024-02-20","Tuesday","wordle",FALSE,NA,NA,"MATCH"
"2024-02-21","Wednesday","daily",FALSE,0,0,NA
"2024-02-21","Wednesday","mini",FALSE,0,0,NA
"2024-02-21","Wednesday","wordle",FALSE,NA,NA,"BUILD"
"2024-02-22","Thursday","daily",FALSE,0,0,NA
"2024-02-22","Thursday","mini",FALSE,0,0,NA
"2024-02-22","Thursday","wordle",FALSE,NA,NA,"HEAVY"
"2024-02-23","Friday","daily",FALSE,0,0,NA
"2024-02-23","Friday","mini",FALSE,0,0,NA
"2024-02-23","Friday","wordle",FALSE,NA,NA,"APART"
"2024-02-24","Saturday","daily",FALSE,0,0,NA
"2024-02-24","Saturday","mini",FALSE,0,0,NA
"2024-02-24","Saturday","wordle",FALSE,NA,NA,"PIPER"
"2024-02-25","Sunday","daily",FALSE,0,0,NA
"2024-02-25","Sunday","mini",FALSE,0,0,NA
"2024-02-25","Sunday","wordle",FALSE,NA,NA,"SMITH"
"2024-02-26","Monday","daily",FALSE,0,0,NA
"2024-02-26","Monday","mini",FALSE,0,0,NA
"2024-02-26","Monday","wordle",FALSE,NA,NA,"OFTEN"
"2024-02-27","Tuesday","daily",FALSE,0,0,NA
"2024-02-27","Tuesday","mini",FALSE,0,0,NA
"2024-02-27","Tuesday","wordle",FALSE,NA,NA,"SENSE"
"2024-02-28","Wednesday","daily",FALSE,0,0,NA
"2024-02-28","Wednesday","mini",FALSE,0,0,NA
"2024-02-28","Wednesday","wordle",FALSE,NA,NA,"DEVIL"
"2024-02-29","Thursday","daily",FALSE,0,0,NA
"2024-02-29","Thursday","mini",FALSE,0,0,NA
"2024-02-29","Thursday","wordle",TRUE,NA,NA,"IMAGE"
"2024-03-01","Friday","daily",FALSE,0,0,NA
"2024-03-01","Friday","mini",FALSE,0,0,NA
"2024-03-01","Friday","wordle",FALSE,NA,NA,"FORTY"
"2024-03-02","Saturday","daily",FALSE,0,0,NA
"2024-03-02","Saturday","mini",FALSE,0,0,NA
"2024-03-02","Saturday","wordle",FALSE,NA,NA,"URBAN"
"2024-03-03","Sunday","daily",FALSE,0,0,NA
"2024-03-03","Sunday","mini",FALSE,0,0,NA
"2024-03-03","Sunday","wordle",TRUE,NA,NA,"STATE"
"2024-03-04","Monday","daily",FALSE,0,0,NA
"2024-03-04","Monday","mini",FALSE,0,0,NA
"2024-03-04","Monday","wordle",TRUE,NA,NA,"FLAME"
"2024-03-05","Tuesday","daily",FALSE,0,0,NA
"2024-03-05","Tuesday","mini",FALSE,0,0,NA
"2024-03-05","Tuesday","wordle",FALSE,NA,NA,"HUNCH"
"2024-03-06","Wednesday","daily",FALSE,0,0,NA
"2024-03-06","Wednesday","mini",FALSE,0,0,NA
"2024-03-06","Wednesday","wordle",FALSE,NA,NA,"TEARY"
"2024-03-07","Thursday","daily",FALSE,0,0,NA
"2024-03-07","Thursday","mini",FALSE,0,0,NA
"2024-03-07","Thursday","wordle",FALSE,NA,NA,"CLONE"
"2024-03-08","Friday","daily",FALSE,0,0,NA
"2024-03-08","Friday","mini",FALSE,0,0,NA
"2024-03-08","Friday","wordle",FALSE,NA,NA,"EARLY"
"2024-03-09","Saturday","daily",FALSE,0,0,NA
"2024-03-09","Saturday","mini",FALSE,0,0,NA
"2024-03-09","Saturday","wordle",FALSE,NA,NA,"CHEER"
"2024-03-10","Sunday","daily",FALSE,0,6,NA
"2024-03-10","Sunday","mini",FALSE,0,0,NA
"2024-03-10","Sunday","wordle",FALSE,NA,NA,"GRASP"
"2024-03-11","Monday","daily",FALSE,0,0,NA
"2024-03-11","Monday","mini",FALSE,0,0,NA
"2024-03-11","Monday","wordle",FALSE,NA,NA,"PESKY"
"2024-03-12","Tuesday","daily",FALSE,0,0,NA
"2024-03-12","Tuesday","mini",FALSE,0,0,NA
"2024-03-12","Tuesday","wordle",TRUE,NA,NA,"HEAVE"
"2024-03-13","Wednesday","daily",FALSE,0,0,NA
"2024-03-13","Wednesday","mini",FALSE,0,0,NA
"2024-03-13","Wednesday","wordle",FALSE,NA,NA,"LOCAL"
"2024-03-14","Thursday","daily",FALSE,0,0,NA
"2024-03-14","Thursday","mini",FALSE,0,0,NA
"2024-03-14","Thursday","wordle",FALSE,NA,NA,"SINCE"
"2024-03-15","Friday","daily",FALSE,0,0,NA
"2024-03-15","Friday","mini",FALSE,0,0,NA
"2024-03-15","Friday","wordle",FALSE,NA,NA,"ERUPT"
"2024-03-16","Saturday","daily",FALSE,0,0,NA
"2024-03-16","Saturday","mini",FALSE,0,0,NA
"2024-03-16","Saturday","wordle",FALSE,NA,NA,"TOXIN"
"2024-03-17","Sunday","daily",TRUE,4,0,NA
"2024-03-17","Sunday","mini",FALSE,0,0,NA
"2024-03-17","Sunday","wordle",FALSE,NA,NA,"SNORT"
"2024-03-18","Monday","daily",FALSE,0,0,NA
"2024-03-18","Monday","mini",FALSE,0,0,NA
"2024-03-18","Monday","wordle",FALSE,NA,NA,"SPELT"
"2024-03-19","Tuesday","daily",FALSE,0,0,NA
"2024-03-19","Tuesday","mini",FALSE,0,0,NA
"2024-03-19","Tuesday","wordle",FALSE,NA,NA,"ABIDE"
"2024-03-20","Wednesday","daily",FALSE,0,0,NA
"2024-03-20","Wednesday","mini",FALSE,0,0,NA
"2024-03-20","Wednesday","wordle",FALSE,NA,NA,"LINGO"
"2024-03-21","Thursday","daily",TRUE,4,0,NA
"2024-03-21","Thursday","mini",FALSE,0,0,NA
"2024-03-21","Thursday","wordle",TRUE,NA,NA,"SHADE"
"2024-03-22","Friday","daily",FALSE,0,0,NA
"2024-03-22","Friday","mini",FALSE,0,0,NA
"2024-03-22","Friday","wordle",FALSE,NA,NA,"DECAY"
"2024-03-23","Saturday","daily",FALSE,0,0,NA
"2024-03-23","Saturday","mini",FALSE,0,0,NA
"2024-03-23","Saturday","wordle",FALSE,NA,NA,"RISEN"
"2024-03-24","Sunday","daily",FALSE,0,0,NA
"2024-03-24","Sunday","mini",FALSE,0,0,NA
"2024-03-24","Sunday","wordle",FALSE,NA,NA,"TOWEL"
"2024-03-25","Monday","daily",FALSE,0,0,NA
"2024-03-25","Monday","mini",FALSE,0,0,NA
"2024-03-25","Monday","wordle",FALSE,NA,NA,"SALLY"
"2024-03-26","Tuesday","daily",FALSE,0,0,NA
"2024-03-26","Tuesday","mini",FALSE,0,0,NA
"2024-03-26","Tuesday","wordle",FALSE,NA,NA,"MAYOR"
"2024-03-27","Wednesday","daily",FALSE,0,0,NA
"2024-03-27","Wednesday","mini",FALSE,0,0,NA
"2024-03-27","Wednesday","wordle",FALSE,NA,NA,"STUNG"
"2024-03-28","Thursday","daily",FALSE,0,0,NA
"2024-03-28","Thursday","mini",FALSE,0,0,NA
"2024-03-28","Thursday","wordle",FALSE,NA,NA,"SPEAK"
"2024-03-29","Friday","daily",FALSE,0,0,NA
"2024-03-29","Friday","mini",FALSE,0,0,NA
"2024-03-29","Friday","wordle",FALSE,NA,NA,"REALM"
"2024-03-30","Saturday","daily",FALSE,0,0,NA
"2024-03-30","Saturday","mini",FALSE,0,0,NA
"2024-03-30","Saturday","wordle",FALSE,NA,NA,"FORCE"
"2024-03-31","Sunday","daily",FALSE,0,0,NA
"2024-03-31","Sunday","mini",FALSE,0,0,NA
"2024-03-31","Sunday","wordle",FALSE,NA,NA,"TABOO"
"2024-04-01","Monday","daily",FALSE,0,0,NA
"2024-04-01","Monday","mini",FALSE,0,0,NA
"2024-04-01","Monday","wordle",FALSE,NA,NA,"FROND"
"2024-04-02","Tuesday","daily",FALSE,0,0,NA
"2024-04-02","Tuesday","mini",FALSE,0,0,NA
"2024-04-02","Tuesday","wordle",FALSE,NA,NA,"SERUM"
"2024-04-03","Wednesday","daily",FALSE,0,0,NA
"2024-04-03","Wednesday","mini",FALSE,0,0,NA
"2024-04-03","Wednesday","wordle",FALSE,NA,NA,"PLAIT"
"2024-04-04","Thursday","daily",FALSE,0,0,NA
"2024-04-04","Thursday","mini",FALSE,0,0,NA
"2024-04-04","Thursday","wordle",FALSE,NA,NA,"CLIMB"
"2024-04-05","Friday","daily",FALSE,0,0,NA
"2024-04-05","Friday","mini",FALSE,0,0,NA
"2024-04-05","Friday","wordle",FALSE,NA,NA,"WRIST"
"2024-04-06","Saturday","daily",FALSE,0,0,NA
"2024-04-06","Saturday","mini",FALSE,0,0,NA
"2024-04-06","Saturday","wordle",FALSE,NA,NA,"FINCH"
"2024-04-07","Sunday","daily",TRUE,6,0,NA
"2024-04-07","Sunday","mini",FALSE,0,0,NA
"2024-04-07","Sunday","wordle",FALSE,NA,NA,"VOILA"
"2024-04-08","Monday","daily",FALSE,0,0,NA
"2024-04-08","Monday","mini",FALSE,0,0,NA
"2024-04-08","Monday","wordle",FALSE,NA,NA,"BREED"
"2024-04-09","Tuesday","daily",FALSE,0,0,NA
"2024-04-09","Tuesday","mini",FALSE,0,0,NA
"2024-04-09","Tuesday","wordle",FALSE,NA,NA,"MERGE"
"2024-04-10","Wednesday","daily",FALSE,0,0,NA
"2024-04-10","Wednesday","mini",FALSE,0,0,NA
"2024-04-10","Wednesday","wordle",FALSE,NA,NA,"BROTH"
"2024-04-11","Thursday","daily",FALSE,0,0,NA
"2024-04-11","Thursday","mini",FALSE,0,0,NA
"2024-04-11","Thursday","wordle",FALSE,NA,NA,"LOUSE"
"2024-04-12","Friday","daily",FALSE,0,0,NA
"2024-04-12","Friday","mini",FALSE,0,0,NA
"2024-04-12","Friday","wordle",FALSE,NA,NA,"WHINY"
"2024-04-13","Saturday","daily",FALSE,0,0,NA
"2024-04-13","Saturday","mini",FALSE,0,0,NA
"2024-04-13","Saturday","wordle",FALSE,NA,NA,"STEEL"
"2024-04-14","Sunday","daily",FALSE,0,0,NA
"2024-04-14","Sunday","mini",FALSE,0,0,NA
"2024-04-14","Sunday","wordle",FALSE,NA,NA,"BLIMP"
"2024-04-15","Monday","daily",FALSE,0,0,NA
"2024-04-15","Monday","mini",FALSE,0,0,NA
"2024-04-15","Monday","wordle",FALSE,NA,NA,"EQUIP"
"2024-04-16","Tuesday","daily",FALSE,0,0,NA
"2024-04-16","Tuesday","mini",FALSE,0,0,NA
"2024-04-16","Tuesday","wordle",FALSE,NA,NA,"SHANK"
"2024-04-17","Wednesday","daily",FALSE,0,0,NA
"2024-04-17","Wednesday","mini",FALSE,0,0,NA
"2024-04-17","Wednesday","wordle",FALSE,NA,NA,"TITHE"
"2024-04-18","Thursday","daily",FALSE,0,0,NA
"2024-04-18","Thursday","mini",FALSE,0,0,NA
"2024-04-18","Thursday","wordle",TRUE,NA,NA,"FACET"
"2024-04-19","Friday","daily",FALSE,0,0,NA
"2024-04-19","Friday","mini",FALSE,0,0,NA
"2024-04-19","Friday","wordle",FALSE,NA,NA,"RAISE"
"2024-04-20","Saturday","daily",FALSE,0,0,NA
"2024-04-20","Saturday","mini",FALSE,0,0,NA
"2024-04-20","Saturday","wordle",FALSE,NA,NA,"LUCID"
"2024-04-21","Sunday","daily",FALSE,0,0,NA
"2024-04-21","Sunday","mini",FALSE,0,0,NA
"2024-04-21","Sunday","wordle",FALSE,NA,NA,"JOLLY"
"2024-04-22","Monday","daily",FALSE,0,0,NA
"2024-04-22","Monday","mini",FALSE,0,0,NA
"2024-04-22","Monday","wordle",TRUE,NA,NA,"LASER"
"2024-04-23","Tuesday","daily",FALSE,0,0,NA
"2024-04-23","Tuesday","mini",FALSE,0,0,NA
"2024-04-23","Tuesday","wordle",FALSE,NA,NA,"ROVER"
"2024-04-24","Wednesday","daily",FALSE,0,0,NA
"2024-04-24","Wednesday","mini",FALSE,0,0,NA
"2024-04-24","Wednesday","wordle",FALSE,NA,NA,"OVERT"
"2024-04-25","Thursday","daily",FALSE,0,6,NA
"2024-04-25","Thursday","mini",FALSE,0,0,NA
"2024-04-25","Thursday","wordle",FALSE,NA,NA,"INTRO"
"2024-04-26","Friday","daily",FALSE,0,0,NA
"2024-04-26","Friday","mini",FALSE,0,0,NA
"2024-04-26","Friday","wordle",FALSE,NA,NA,"VAPID"
"2024-04-27","Saturday","daily",FALSE,0,0,NA
"2024-04-27","Saturday","mini",FALSE,0,0,NA
"2024-04-27","Saturday","wordle",FALSE,NA,NA,"GLEAM"
"2024-04-28","Sunday","daily",FALSE,0,0,NA
"2024-04-28","Sunday","mini",FALSE,0,0,NA
"2024-04-28","Sunday","wordle",FALSE,NA,NA,"PRUNE"
"2024-04-29","Monday","daily",FALSE,0,0,NA
"2024-04-29","Monday","mini",FALSE,0,0,NA
"2024-04-29","Monday","wordle",FALSE,NA,NA,"CRAFT"
"2024-04-30","Tuesday","daily",FALSE,0,0,NA
"2024-04-30","Tuesday","mini",FALSE,0,0,NA
"2024-04-30","Tuesday","wordle",FALSE,NA,NA,"PROWL"
"2024-05-01","Wednesday","daily",FALSE,0,0,NA
"2024-05-01","Wednesday","mini",FALSE,0,0,NA
"2024-05-01","Wednesday","wordle",FALSE,NA,NA,"DIARY"
"2024-05-02","Thursday","daily",FALSE,0,9,NA
"2024-05-02","Thursday","mini",FALSE,0,0,NA
"2024-05-02","Thursday","wordle",FALSE,NA,NA,"SLICE"
"2024-05-03","Friday","daily",FALSE,0,0,NA
"2024-05-03","Friday","mini",FALSE,0,0,NA
"2024-05-03","Friday","wordle",FALSE,NA,NA,"EBONY"
"2024-05-04","Saturday","daily",FALSE,0,0,NA
"2024-05-04","Saturday","mini",FALSE,0,0,NA
"2024-05-04","Saturday","wordle",FALSE,NA,NA,"VALUE"
"2024-05-05","Sunday","daily",FALSE,0,0,NA
"2024-05-05","Sunday","mini",FALSE,0,0,NA
"2024-05-05","Sunday","wordle",FALSE,NA,NA,"DECAL"
"2024-05-06","Monday","daily",FALSE,0,0,NA
"2024-05-06","Monday","mini",FALSE,0,0,NA
"2024-05-06","Monday","wordle",TRUE,NA,NA,"SHAVE"
"2024-05-07","Tuesday","daily",FALSE,0,0,NA
"2024-05-07","Tuesday","mini",FALSE,0,0,NA
"2024-05-07","Tuesday","wordle",FALSE,NA,NA,"MUSTY"
"2024-05-08","Wednesday","daily",FALSE,0,0,NA
"2024-05-08","Wednesday","mini",FALSE,0,0,NA
"2024-05-08","Wednesday","wordle",FALSE,NA,NA,"PIOUS"
"2024-05-09","Thursday","daily",FALSE,0,0,NA
"2024-05-09","Thursday","mini",FALSE,0,0,NA
"2024-05-09","Thursday","wordle",FALSE,NA,NA,"JERKY"
"2024-05-10","Friday","daily",FALSE,0,0,NA
"2024-05-10","Friday","mini",FALSE,0,0,NA
"2024-05-10","Friday","wordle",FALSE,NA,NA,"MEDIA"
"2024-05-11","Saturday","daily",FALSE,0,0,NA
"2024-05-11","Saturday","mini",FALSE,0,0,NA
"2024-05-11","Saturday","wordle",FALSE,NA,NA,"TIDAL"
"2024-05-12","Sunday","daily",TRUE,7,0,NA
"2024-05-12","Sunday","mini",FALSE,0,0,NA
"2024-05-12","Sunday","wordle",FALSE,NA,NA,"OUTER"
"2024-05-13","Monday","daily",FALSE,0,0,NA
"2024-05-13","Monday","mini",FALSE,0,0,NA
"2024-05-13","Monday","wordle",FALSE,NA,NA,"CUMIN"
"2024-05-14","Tuesday","daily",FALSE,0,0,NA
"2024-05-14","Tuesday","mini",FALSE,0,0,NA
"2024-05-14","Tuesday","wordle",FALSE,NA,NA,"AMASS"
"2024-05-15","Wednesday","daily",FALSE,0,0,NA
"2024-05-15","Wednesday","mini",FALSE,0,0,NA
"2024-05-15","Wednesday","wordle",FALSE,NA,NA,"PINCH"
"2024-05-16","Thursday","daily",FALSE,0,0,NA
"2024-05-16","Thursday","mini",FALSE,0,0,NA
"2024-05-16","Thursday","wordle",FALSE,NA,NA,"STALL"
"2024-05-17","Friday","daily",FALSE,0,0,NA
"2024-05-17","Friday","mini",FALSE,0,0,NA
"2024-05-17","Friday","wordle",FALSE,NA,NA,"TUTOR"
"2024-05-18","Saturday","daily",FALSE,0,0,NA
"2024-05-18","Saturday","mini",FALSE,0,0,NA
"2024-05-18","Saturday","wordle",FALSE,NA,NA,"BRINY"
"2024-05-19","Sunday","daily",FALSE,0,0,NA
"2024-05-19","Sunday","mini",FALSE,0,0,NA
"2024-05-19","Sunday","wordle",FALSE,NA,NA,"HITCH"
"2024-05-20","Monday","daily",FALSE,0,0,NA
"2024-05-20","Monday","mini",FALSE,0,0,NA
"2024-05-20","Monday","wordle",FALSE,NA,NA,"NICER"
"2024-05-21","Tuesday","daily",FALSE,0,0,NA
"2024-05-21","Tuesday","mini",FALSE,0,0,NA
"2024-05-21","Tuesday","wordle",FALSE,NA,NA,"DINGO"
"2024-05-22","Wednesday","daily",FALSE,0,0,NA
"2024-05-22","Wednesday","mini",FALSE,0,0,NA
"2024-05-22","Wednesday","wordle",FALSE,NA,NA,"EXALT"
"2024-05-23","Thursday","daily",FALSE,0,0,NA
"2024-05-23","Thursday","mini",FALSE,0,0,NA
"2024-05-23","Thursday","wordle",FALSE,NA,NA,"SWISH"
"2024-05-24","Friday","daily",FALSE,0,0,NA
"2024-05-24","Friday","mini",FALSE,0,0,NA
"2024-05-24","Friday","wordle",FALSE,NA,NA,"GLIDE"
"2024-05-25","Saturday","daily",FALSE,0,0,NA
"2024-05-25","Saturday","mini",FALSE,0,0,NA
"2024-05-25","Saturday","wordle",FALSE,NA,NA,"TITAN"
"2024-05-26","Sunday","daily",FALSE,0,0,NA
"2024-05-26","Sunday","mini",FALSE,0,0,NA
"2024-05-26","Sunday","wordle",FALSE,NA,NA,"BEVEL"
"2024-05-27","Monday","daily",FALSE,0,0,NA
"2024-05-27","Monday","mini",FALSE,0,0,NA
"2024-05-27","Monday","wordle",FALSE,NA,NA,"SKIER"
"2024-05-28","Tuesday","daily",FALSE,0,0,NA
"2024-05-28","Tuesday","mini",FALSE,0,0,NA
"2024-05-28","Tuesday","wordle",FALSE,NA,NA,"MINUS"
"2024-05-29","Wednesday","daily",FALSE,0,0,NA
"2024-05-29","Wednesday","mini",FALSE,0,0,NA
"2024-05-29","Wednesday","wordle",FALSE,NA,NA,"PAPAL"
"2024-05-30","Thursday","daily",TRUE,8,0,NA
"2024-05-30","Thursday","mini",FALSE,0,0,NA
"2024-05-30","Thursday","wordle",FALSE,NA,NA,"GUMMY"
"2024-05-31","Friday","daily",FALSE,0,0,NA
"2024-05-31","Friday","mini",FALSE,0,0,NA
"2024-05-31","Friday","wordle",FALSE,NA,NA,"CHAOS"
"2024-06-01","Saturday","daily",FALSE,0,0,NA
"2024-06-01","Saturday","mini",FALSE,0,0,NA
"2024-06-01","Saturday","wordle",FALSE,NA,NA,"BASIN"
"2024-06-02","Sunday","daily",FALSE,0,0,NA
"2024-06-02","Sunday","mini",FALSE,0,0,NA
"2024-06-02","Sunday","wordle",FALSE,NA,NA,"BRAVO"
"2024-06-03","Monday","daily",FALSE,0,0,NA
"2024-06-03","Monday","mini",FALSE,0,0,NA
"2024-06-03","Monday","wordle",FALSE,NA,NA,"STARK"
"2024-06-04","Tuesday","daily",FALSE,0,0,NA
"2024-06-04","Tuesday","mini",FALSE,0,0,NA
"2024-06-04","Tuesday","wordle",FALSE,NA,NA,"GROOM"
"2024-06-05","Wednesday","daily",FALSE,0,0,NA
"2024-06-05","Wednesday","mini",FALSE,0,0,NA
"2024-06-05","Wednesday","wordle",FALSE,NA,NA,"ORGAN"
"2024-06-06","Thursday","daily",FALSE,0,0,NA
"2024-06-06","Thursday","mini",FALSE,0,0,NA
"2024-06-06","Thursday","wordle",FALSE,NA,NA,"ETHER"
"2024-06-07","Friday","daily",FALSE,0,0,NA
"2024-06-07","Friday","mini",FALSE,0,0,NA
"2024-06-07","Friday","wordle",FALSE,NA,NA,"MELON"
"2024-06-08","Saturday","daily",FALSE,0,0,NA
"2024-06-08","Saturday","mini",FALSE,0,0,NA
"2024-06-08","Saturday","wordle",FALSE,NA,NA,"HENCE"
"2024-06-09","Sunday","daily",FALSE,0,0,NA
"2024-06-09","Sunday","mini",FALSE,0,0,NA
"2024-06-09","Sunday","wordle",FALSE,NA,NA,"CROWD"
"2024-06-10","Monday","daily",FALSE,0,0,NA
"2024-06-10","Monday","mini",FALSE,0,0,NA
"2024-06-10","Monday","wordle",FALSE,NA,NA,"MANGA"
"2024-06-11","Tuesday","daily",FALSE,0,0,NA
"2024-06-11","Tuesday","mini",FALSE,0,0,NA
"2024-06-11","Tuesday","wordle",FALSE,NA,NA,"SWUNG"
"2024-06-12","Wednesday","daily",FALSE,0,0,NA
"2024-06-12","Wednesday","mini",FALSE,0,0,NA
"2024-06-12","Wednesday","wordle",FALSE,NA,NA,"DETER"
"2024-06-13","Thursday","daily",FALSE,0,0,NA
"2024-06-13","Thursday","mini",FALSE,0,0,NA
"2024-06-13","Thursday","wordle",FALSE,NA,NA,"ANGST"
"2024-06-14","Friday","daily",FALSE,0,0,NA
"2024-06-14","Friday","mini",FALSE,0,0,NA
"2024-06-14","Friday","wordle",FALSE,NA,NA,"VAULT"
"2024-06-15","Saturday","daily",FALSE,0,0,NA
"2024-06-15","Saturday","mini",FALSE,0,0,NA
"2024-06-15","Saturday","wordle",FALSE,NA,NA,"PROUD"
"2024-06-16","Sunday","daily",FALSE,0,0,NA
"2024-06-16","Sunday","mini",FALSE,0,0,NA
"2024-06-16","Sunday","wordle",FALSE,NA,NA,"GRIND"
"2024-06-17","Monday","daily",FALSE,0,0,NA
"2024-06-17","Monday","mini",FALSE,0,0,NA
"2024-06-17","Monday","wordle",FALSE,NA,NA,"PRIOR"
"2024-06-18","Tuesday","daily",FALSE,0,0,NA
"2024-06-18","Tuesday","mini",FALSE,0,0,NA
"2024-06-18","Tuesday","wordle",FALSE,NA,NA,"COVER"
"2024-06-19","Wednesday","daily",FALSE,0,0,NA
"2024-06-19","Wednesday","mini",FALSE,0,0,NA
"2024-06-19","Wednesday","wordle",FALSE,NA,NA,"TERSE"
"2024-06-20","Thursday","daily",FALSE,0,0,NA
"2024-06-20","Thursday","mini",FALSE,0,0,NA
"2024-06-20","Thursday","wordle",FALSE,NA,NA,"SCENT"
"2024-06-21","Friday","daily",FALSE,0,0,NA
"2024-06-21","Friday","mini",FALSE,0,0,NA
"2024-06-21","Friday","wordle",FALSE,NA,NA,"PAINT"
"2024-06-22","Saturday","daily",FALSE,0,0,NA
"2024-06-22","Saturday","mini",FALSE,0,0,NA
"2024-06-22","Saturday","wordle",FALSE,NA,NA,"EDICT"
"2024-06-23","Sunday","daily",FALSE,0,0,NA
"2024-06-23","Sunday","mini",FALSE,0,0,NA
"2024-06-23","Sunday","wordle",FALSE,NA,NA,"BUGLE"
"2024-06-24","Monday","daily",FALSE,0,0,NA
"2024-06-24","Monday","mini",FALSE,0,0,NA
"2024-06-24","Monday","wordle",FALSE,NA,NA,"DOLLY"
"2024-06-25","Tuesday","daily",FALSE,0,0,NA
"2024-06-25","Tuesday","mini",FALSE,0,0,NA
"2024-06-25","Tuesday","wordle",FALSE,NA,NA,"SAVOR"
"2024-06-26","Wednesday","daily",FALSE,0,0,NA
"2024-06-26","Wednesday","mini",FALSE,0,0,NA
"2024-06-26","Wednesday","wordle",FALSE,NA,NA,"KNEAD"
"2024-06-27","Thursday","daily",TRUE,40,0,NA
"2024-06-27","Thursday","mini",FALSE,0,0,NA
"2024-06-27","Thursday","wordle",FALSE,NA,NA,"ORDER"
"2024-06-28","Friday","daily",FALSE,0,0,NA
"2024-06-28","Friday","mini",FALSE,0,0,NA
"2024-06-28","Friday","wordle",FALSE,NA,NA,"DROVE"
"2024-06-29","Saturday","daily",FALSE,0,0,NA
"2024-06-29","Saturday","mini",FALSE,0,0,NA
"2024-06-29","Saturday","wordle",FALSE,NA,NA,"ZEBRA"
"2024-06-30","Sunday","daily",FALSE,0,0,NA
"2024-06-30","Sunday","mini",FALSE,0,0,NA
"2024-06-30","Sunday","wordle",FALSE,NA,NA,"BUDDY"
"2024-07-01","Monday","daily",FALSE,0,0,NA
"2024-07-01","Monday","mini",FALSE,0,0,NA
"2024-07-01","Monday","wordle",TRUE,NA,NA,"ADAGE"
"2024-07-02","Tuesday","daily",FALSE,0,0,NA
"2024-07-02","Tuesday","mini",FALSE,0,0,NA
"2024-07-02","Tuesday","wordle",FALSE,NA,NA,"INLAY"
"2024-07-03","Wednesday","daily",FALSE,0,0,NA
"2024-07-03","Wednesday","mini",FALSE,0,0,NA
"2024-07-03","Wednesday","wordle",FALSE,NA,NA,"THIGH"
"2024-07-04","Thursday","daily",FALSE,0,0,NA
"2024-07-04","Thursday","mini",FALSE,0,0,NA
"2024-07-04","Thursday","wordle",FALSE,NA,NA,"DEBUT"
"2024-07-05","Friday","daily",FALSE,0,0,NA
"2024-07-05","Friday","mini",FALSE,0,0,NA
"2024-07-05","Friday","wordle",FALSE,NA,NA,"CRUSH"
"2024-07-06","Saturday","daily",FALSE,0,0,NA
"2024-07-06","Saturday","mini",FALSE,0,0,NA
"2024-07-06","Saturday","wordle",FALSE,NA,NA,"SCOFF"
"2024-07-07","Sunday","daily",FALSE,0,0,NA
"2024-07-07","Sunday","mini",FALSE,0,0,NA
"2024-07-07","Sunday","wordle",FALSE,NA,NA,"CANON"
"2024-07-08","Monday","daily",FALSE,0,0,NA
"2024-07-08","Monday","mini",FALSE,0,0,NA
"2024-07-08","Monday","wordle",TRUE,NA,NA,"SHAPE"
"2024-07-09","Tuesday","daily",FALSE,0,0,NA
"2024-07-09","Tuesday","mini",FALSE,0,0,NA
"2024-07-09","Tuesday","wordle",TRUE,NA,NA,"BLARE"
"2024-07-10","Wednesday","daily",FALSE,0,0,NA
"2024-07-10","Wednesday","mini",FALSE,0,0,NA
"2024-07-10","Wednesday","wordle",FALSE,NA,NA,"GAUNT"
"2024-07-11","Thursday","daily",FALSE,0,0,NA
"2024-07-11","Thursday","mini",FALSE,0,0,NA
"2024-07-11","Thursday","wordle",TRUE,NA,NA,"CAMEO"
"2024-07-12","Friday","daily",FALSE,0,0,NA
"2024-07-12","Friday","mini",FALSE,0,0,NA
"2024-07-12","Friday","wordle",FALSE,NA,NA,"JIFFY"
"2024-07-13","Saturday","daily",FALSE,0,0,NA
"2024-07-13","Saturday","mini",FALSE,0,0,NA
"2024-07-13","Saturday","wordle",FALSE,NA,NA,"ENACT"
"2024-07-14","Sunday","daily",FALSE,0,0,NA
"2024-07-14","Sunday","mini",FALSE,0,0,NA
"2024-07-14","Sunday","wordle",FALSE,NA,NA,"VIDEO"
"2024-07-15","Monday","daily",FALSE,0,0,NA
"2024-07-15","Monday","mini",FALSE,0,0,NA
"2024-07-15","Monday","wordle",FALSE,NA,NA,"SWOON"
"2024-07-16","Tuesday","daily",FALSE,0,0,NA
"2024-07-16","Tuesday","mini",FALSE,0,0,NA
"2024-07-16","Tuesday","wordle",FALSE,NA,NA,"DECOY"
"2024-07-17","Wednesday","daily",FALSE,0,0,NA
"2024-07-17","Wednesday","mini",FALSE,0,0,NA
"2024-07-17","Wednesday","wordle",FALSE,NA,NA,"QUITE"
"2024-07-18","Thursday","daily",FALSE,0,0,NA
"2024-07-18","Thursday","mini",FALSE,0,0,NA
"2024-07-18","Thursday","wordle",FALSE,NA,NA,"NERDY"
"2024-07-19","Friday","daily",FALSE,0,0,NA
"2024-07-19","Friday","mini",FALSE,0,0,NA
"2024-07-19","Friday","wordle",FALSE,NA,NA,"REFER"
"2024-07-20","Saturday","daily",FALSE,0,0,NA
"2024-07-20","Saturday","mini",FALSE,0,0,NA
"2024-07-20","Saturday","wordle",FALSE,NA,NA,"SHAFT"
"2024-07-21","Sunday","daily",FALSE,0,0,NA
"2024-07-21","Sunday","mini",FALSE,0,0,NA
"2024-07-21","Sunday","wordle",FALSE,NA,NA,"SPECK"
"2024-07-22","Monday","daily",FALSE,0,0,NA
"2024-07-22","Monday","mini",FALSE,0,0,NA
"2024-07-22","Monday","wordle",TRUE,NA,NA,"CADET"
"2024-07-23","Tuesday","daily",FALSE,0,0,NA
"2024-07-23","Tuesday","mini",FALSE,0,0,NA
"2024-07-23","Tuesday","wordle",FALSE,NA,NA,"PRONG"
"2024-07-24","Wednesday","daily",FALSE,0,0,NA
"2024-07-24","Wednesday","mini",FALSE,0,0,NA
"2024-07-24","Wednesday","wordle",FALSE,NA,NA,"FORTE"
"2024-07-25","Thursday","daily",FALSE,0,4,NA
"2024-07-25","Thursday","mini",FALSE,0,0,NA
"2024-07-25","Thursday","wordle",FALSE,NA,NA,"PORCH"
"2024-07-26","Friday","daily",FALSE,0,0,NA
"2024-07-26","Friday","mini",FALSE,0,0,NA
"2024-07-26","Friday","wordle",FALSE,NA,NA,"AWASH"
"2024-07-27","Saturday","daily",FALSE,0,0,NA
"2024-07-27","Saturday","mini",FALSE,0,0,NA
"2024-07-27","Saturday","wordle",FALSE,NA,NA,"JUICE"
"2024-07-28","Sunday","daily",FALSE,0,0,NA
"2024-07-28","Sunday","mini",FALSE,0,0,NA
"2024-07-28","Sunday","wordle",FALSE,NA,NA,"SMOCK"
"2024-07-29","Monday","daily",FALSE,0,0,NA
"2024-07-29","Monday","mini",FALSE,0,0,NA
"2024-07-29","Monday","wordle",FALSE,NA,NA,"SUPER"
"2024-07-30","Tuesday","daily",FALSE,0,0,NA
"2024-07-30","Tuesday","mini",FALSE,0,0,NA
"2024-07-30","Tuesday","wordle",FALSE,NA,NA,"FERAL"
"2024-07-31","Wednesday","daily",FALSE,0,0,NA
"2024-07-31","Wednesday","mini",FALSE,0,0,NA
"2024-07-31","Wednesday","wordle",FALSE,NA,NA,"PENNE"
"2024-08-01","Thursday","daily",FALSE,0,0,NA
"2024-08-01","Thursday","mini",FALSE,0,0,NA
"2024-08-01","Thursday","wordle",FALSE,NA,NA,"CHALK"
"2024-08-02","Friday","daily",FALSE,0,0,NA
"2024-08-02","Friday","mini",FALSE,0,0,NA
"2024-08-02","Friday","wordle",TRUE,NA,NA,"FLAKE"
"2024-08-03","Saturday","daily",FALSE,0,0,NA
"2024-08-03","Saturday","mini",FALSE,0,0,NA
"2024-08-03","Saturday","wordle",TRUE,NA,NA,"SCALE"
"2024-08-04","Sunday","daily",FALSE,0,0,NA
"2024-08-04","Sunday","mini",FALSE,0,0,NA
"2024-08-04","Sunday","wordle",FALSE,NA,NA,"LOWER"
"2024-08-05","Monday","daily",FALSE,0,0,NA
"2024-08-05","Monday","mini",FALSE,0,0,NA
"2024-08-05","Monday","wordle",FALSE,NA,NA,"ENSUE"
"2024-08-06","Tuesday","daily",FALSE,0,0,NA
"2024-08-06","Tuesday","mini",FALSE,0,0,NA
"2024-08-06","Tuesday","wordle",FALSE,NA,NA,"ANVIL"
"2024-08-07","Wednesday","daily",FALSE,0,0,NA
"2024-08-07","Wednesday","mini",FALSE,0,0,NA
"2024-08-07","Wednesday","wordle",FALSE,NA,NA,"MACAW"
"2024-08-08","Thursday","daily",TRUE,4,0,NA
"2024-08-08","Thursday","mini",FALSE,0,0,NA
"2024-08-08","Thursday","wordle",FALSE,NA,NA,"SAUCY"
"2024-08-09","Friday","daily",FALSE,0,0,NA
"2024-08-09","Friday","mini",FALSE,0,0,NA
"2024-08-09","Friday","wordle",FALSE,NA,NA,"OUNCE"
"2024-08-10","Saturday","daily",FALSE,0,0,NA
"2024-08-10","Saturday","mini",FALSE,0,0,NA
"2024-08-10","Saturday","wordle",FALSE,NA,NA,"MEDIC"
"2024-08-11","Sunday","daily",FALSE,0,0,NA
"2024-08-11","Sunday","mini",FALSE,0,0,NA
"2024-08-11","Sunday","wordle",FALSE,NA,NA,"SCONE"
"2024-08-12","Monday","daily",FALSE,0,0,NA
"2024-08-12","Monday","mini",FALSE,0,0,NA
"2024-08-12","Monday","wordle",FALSE,NA,NA,"SKIFF"
"2024-08-13","Tuesday","daily",FALSE,0,0,NA
"2024-08-13","Tuesday","mini",FALSE,0,0,NA
"2024-08-13","Tuesday","wordle",FALSE,NA,NA,"NEIGH"
"2024-08-14","Wednesday","daily",FALSE,0,0,NA
"2024-08-14","Wednesday","mini",FALSE,0,0,NA
"2024-08-14","Wednesday","wordle",FALSE,NA,NA,"SHORE"
"2024-08-15","Thursday","daily",FALSE,0,0,NA
"2024-08-15","Thursday","mini",FALSE,0,0,NA
"2024-08-15","Thursday","wordle",FALSE,NA,NA,"ACORN"
"2024-08-16","Friday","daily",FALSE,0,0,NA
"2024-08-16","Friday","mini",FALSE,0,0,NA
"2024-08-16","Friday","wordle",TRUE,NA,NA,"BRACE"
"2024-08-17","Saturday","daily",FALSE,0,0,NA
"2024-08-17","Saturday","mini",FALSE,0,0,NA
"2024-08-17","Saturday","wordle",FALSE,NA,NA,"STORM"
"2024-08-18","Sunday","daily",FALSE,0,0,NA
"2024-08-18","Sunday","mini",FALSE,0,0,NA
"2024-08-18","Sunday","wordle",FALSE,NA,NA,"LANKY"
"2024-08-19","Monday","daily",FALSE,0,0,NA
"2024-08-19","Monday","mini",FALSE,0,0,NA
"2024-08-19","Monday","wordle",FALSE,NA,NA,"METER"
"2024-08-20","Tuesday","daily",FALSE,0,0,NA
"2024-08-20","Tuesday","mini",FALSE,0,0,NA
"2024-08-20","Tuesday","wordle",FALSE,NA,NA,"DELAY"
"2024-08-21","Wednesday","daily",FALSE,0,0,NA
"2024-08-21","Wednesday","mini",FALSE,0,0,NA
"2024-08-21","Wednesday","wordle",FALSE,NA,NA,"MULCH"
"2024-08-22","Thursday","daily",FALSE,0,0,NA
"2024-08-22","Thursday","mini",FALSE,0,0,NA
"2024-08-22","Thursday","wordle",FALSE,NA,NA,"BRUTE"
"2024-08-23","Friday","daily",FALSE,0,0,NA
"2024-08-23","Friday","mini",FALSE,0,0,NA
"2024-08-23","Friday","wordle",FALSE,NA,NA,"LEECH"
"2024-08-24","Saturday","daily",FALSE,0,0,NA
"2024-08-24","Saturday","mini",FALSE,0,0,NA
"2024-08-24","Saturday","wordle",FALSE,NA,NA,"FILET"
"2024-08-25","Sunday","daily",FALSE,0,0,NA
"2024-08-25","Sunday","mini",FALSE,0,0,NA
"2024-08-25","Sunday","wordle",TRUE,NA,NA,"SKATE"
"2024-08-26","Monday","daily",FALSE,0,0,NA
"2024-08-26","Monday","mini",FALSE,0,0,NA
"2024-08-26","Monday","wordle",TRUE,NA,NA,"STAKE"
"2024-08-27","Tuesday","daily",FALSE,0,0,NA
"2024-08-27","Tuesday","mini",FALSE,0,0,NA
"2024-08-27","Tuesday","wordle",FALSE,NA,NA,"CROWN"
"2024-08-28","Wednesday","daily",FALSE,0,0,NA
"2024-08-28","Wednesday","mini",FALSE,0,0,NA
"2024-08-28","Wednesday","wordle",FALSE,NA,NA,"LITHE"
"2024-08-29","Thursday","daily",TRUE,4,0,NA
"2024-08-29","Thursday","mini",FALSE,0,0,NA
"2024-08-29","Thursday","wordle",FALSE,NA,NA,"FLUNK"
"2024-08-30","Friday","daily",FALSE,0,0,NA
"2024-08-30","Friday","mini",FALSE,0,0,NA
"2024-08-30","Friday","wordle",TRUE,NA,NA,"KNAVE"
"2024-08-31","Saturday","daily",FALSE,0,0,NA
"2024-08-31","Saturday","mini",FALSE,0,0,NA
"2024-08-31","Saturday","wordle",FALSE,NA,NA,"SPOUT"
"2024-09-01","Sunday","daily",FALSE,0,0,NA
"2024-09-01","Sunday","mini",FALSE,0,0,NA
"2024-09-01","Sunday","wordle",FALSE,NA,NA,"MUSHY"
"2024-09-02","Monday","daily",FALSE,0,0,NA
"2024-09-02","Monday","mini",FALSE,0,0,NA
"2024-09-02","Monday","wordle",TRUE,NA,NA,"CAMEL"
"2024-09-03","Tuesday","daily",FALSE,0,0,NA
"2024-09-03","Tuesday","mini",FALSE,0,0,NA
"2024-09-03","Tuesday","wordle",FALSE,NA,NA,"FAINT"
"2024-09-04","Wednesday","daily",TRUE,3,0,NA
"2024-09-04","Wednesday","mini",FALSE,0,0,NA
"2024-09-04","Wednesday","wordle",FALSE,NA,NA,"STERN"
"2024-09-05","Thursday","daily",FALSE,0,0,NA
"2024-09-05","Thursday","mini",FALSE,0,0,NA
"2024-09-05","Thursday","wordle",FALSE,NA,NA,"WIDEN"
"2024-09-06","Friday","daily",FALSE,0,0,NA
"2024-09-06","Friday","mini",FALSE,0,0,NA
"2024-09-06","Friday","wordle",FALSE,NA,NA,"RERUN"
"2024-09-07","Saturday","daily",FALSE,0,0,NA
"2024-09-07","Saturday","mini",FALSE,0,0,NA
"2024-09-07","Saturday","wordle",FALSE,NA,NA,"OWNER"
"2024-09-08","Sunday","daily",FALSE,0,0,NA
"2024-09-08","Sunday","mini",FALSE,0,0,NA
"2024-09-08","Sunday","wordle",FALSE,NA,NA,"DRAWN"
"2024-09-09","Monday","daily",FALSE,0,0,NA
"2024-09-09","Monday","mini",FALSE,0,0,NA
"2024-09-09","Monday","wordle",FALSE,NA,NA,"DEBIT"
"2024-09-10","Tuesday","daily",FALSE,0,0,NA
"2024-09-10","Tuesday","mini",FALSE,0,0,NA
"2024-09-10","Tuesday","wordle",FALSE,NA,NA,"REBEL"
"2024-09-11","Wednesday","daily",FALSE,0,0,NA
"2024-09-11","Wednesday","mini",FALSE,0,0,NA
"2024-09-11","Wednesday","wordle",FALSE,NA,NA,"AISLE"
"2024-09-12","Thursday","daily",FALSE,0,0,NA
"2024-09-12","Thursday","mini",FALSE,0,0,NA
"2024-09-12","Thursday","wordle",FALSE,NA,NA,"BRASS"
"2024-09-13","Friday","daily",FALSE,0,0,NA
"2024-09-13","Friday","mini",FALSE,0,0,NA
"2024-09-13","Friday","wordle",FALSE,NA,NA,"HARSH"
"2024-09-14","Saturday","daily",FALSE,0,0,NA
"2024-09-14","Saturday","mini",FALSE,0,0,NA
"2024-09-14","Saturday","wordle",FALSE,NA,NA,"BROAD"
"2024-09-15","Sunday","daily",FALSE,0,0,NA
"2024-09-15","Sunday","mini",FALSE,0,0,NA
"2024-09-15","Sunday","wordle",FALSE,NA,NA,"RECUR"
"2024-09-16","Monday","daily",FALSE,0,0,NA
"2024-09-16","Monday","mini",FALSE,0,0,NA
"2024-09-16","Monday","wordle",FALSE,NA,NA,"HONEY"
"2024-09-17","Tuesday","daily",FALSE,0,0,NA
"2024-09-17","Tuesday","mini",FALSE,0,0,NA
"2024-09-17","Tuesday","wordle",FALSE,NA,NA,"BEAUT"
"2024-09-18","Wednesday","daily",FALSE,0,0,NA
"2024-09-18","Wednesday","mini",FALSE,0,0,NA
"2024-09-18","Wednesday","wordle",FALSE,NA,NA,"FULLY"
"2024-09-19","Thursday","daily",TRUE,3,0,NA
"2024-09-19","Thursday","mini",FALSE,0,0,NA
"2024-09-19","Thursday","wordle",FALSE,NA,NA,"PRESS"
"2024-09-20","Friday","daily",FALSE,0,0,NA
"2024-09-20","Friday","mini",FALSE,0,0,NA
"2024-09-20","Friday","wordle",FALSE,NA,NA,"SMOKE"
"2024-09-21","Saturday","daily",FALSE,0,0,NA
"2024-09-21","Saturday","mini",FALSE,0,0,NA
"2024-09-21","Saturday","wordle",FALSE,NA,NA,"SEVEN"
"2024-09-22","Sunday","daily",FALSE,0,0,NA
"2024-09-22","Sunday","mini",FALSE,0,0,NA
"2024-09-22","Sunday","wordle",FALSE,NA,NA,"TEACH"
"2024-09-23","Monday","daily",FALSE,0,0,NA
"2024-09-23","Monday","mini",FALSE,0,0,NA
"2024-09-23","Monday","wordle",FALSE,NA,NA,"STEAM"
"2024-09-24","Tuesday","daily",FALSE,0,0,NA
"2024-09-24","Tuesday","mini",FALSE,0,0,NA
"2024-09-24","Tuesday","wordle",FALSE,NA,NA,"HANDY"
"2024-09-25","Wednesday","daily",FALSE,0,0,NA
"2024-09-25","Wednesday","mini",FALSE,0,0,NA
"2024-09-25","Wednesday","wordle",FALSE,NA,NA,"TORCH"
"2024-09-26","Thursday","daily",FALSE,0,0,NA
"2024-09-26","Thursday","mini",FALSE,0,0,NA
"2024-09-26","Thursday","wordle",FALSE,NA,NA,"THANK"
"2024-09-27","Friday","daily",FALSE,0,0,NA
"2024-09-27","Friday","mini",FALSE,0,0,NA
"2024-09-27","Friday","wordle",FALSE,NA,NA,"FAITH"
"2024-09-28","Saturday","daily",FALSE,0,0,NA
"2024-09-28","Saturday","mini",FALSE,0,0,NA
"2024-09-28","Saturday","wordle",FALSE,NA,NA,"BRAIN"
"2024-09-29","Sunday","daily",FALSE,0,0,NA
"2024-09-29","Sunday","mini",FALSE,0,0,NA
"2024-09-29","Sunday","wordle",FALSE,NA,NA,"RIDER"
"2024-09-30","Monday","daily",FALSE,0,0,NA
"2024-09-30","Monday","mini",FALSE,0,0,NA
"2024-09-30","Monday","wordle",FALSE,NA,NA,"CLOUD"
"2024-10-01","Tuesday","daily",FALSE,0,0,NA
"2024-10-01","Tuesday","mini",FALSE,0,0,NA
"2024-10-01","Tuesday","wordle",FALSE,NA,NA,"MODEM"
"2024-10-02","Wednesday","daily",FALSE,0,0,NA
"2024-10-02","Wednesday","mini",FALSE,0,0,NA
"2024-10-02","Wednesday","wordle",FALSE,NA,NA,"SHELL"
"2024-10-03","Thursday","daily",TRUE,3,0,NA
"2024-10-03","Thursday","mini",FALSE,0,0,NA
"2024-10-03","Thursday","wordle",FALSE,NA,NA,"WAGON"
"2024-10-04","Friday","daily",FALSE,0,0,NA
"2024-10-04","Friday","mini",FALSE,0,0,NA
"2024-10-04","Friday","wordle",FALSE,NA,NA,"TITLE"
"2024-10-05","Saturday","daily",FALSE,0,0,NA
"2024-10-05","Saturday","mini",FALSE,0,0,NA
"2024-10-05","Saturday","wordle",FALSE,NA,NA,"MINER"
"2024-10-06","Sunday","daily",FALSE,0,0,NA
"2024-10-06","Sunday","mini",FALSE,0,0,NA
"2024-10-06","Sunday","wordle",TRUE,NA,NA,"LAGER"
"2024-10-07","Monday","daily",FALSE,0,0,NA
"2024-10-07","Monday","mini",FALSE,0,0,NA
"2024-10-07","Monday","wordle",FALSE,NA,NA,"FLOUR"
"2024-10-08","Tuesday","daily",FALSE,0,0,NA
"2024-10-08","Tuesday","mini",FALSE,0,0,NA
"2024-10-08","Tuesday","wordle",FALSE,NA,NA,"JOINT"
"2024-10-09","Wednesday","daily",FALSE,0,0,NA
"2024-10-09","Wednesday","mini",FALSE,0,0,NA
"2024-10-09","Wednesday","wordle",FALSE,NA,NA,"MOMMY"
"2024-10-10","Thursday","daily",TRUE,6,0,NA
"2024-10-10","Thursday","mini",FALSE,0,0,NA
"2024-10-10","Thursday","wordle",FALSE,NA,NA,"CARVE"
"2024-10-11","Friday","daily",FALSE,0,0,NA
"2024-10-11","Friday","mini",FALSE,0,0,NA
"2024-10-11","Friday","wordle",FALSE,NA,NA,"GUSTY"
"2024-10-12","Saturday","daily",FALSE,0,0,NA
"2024-10-12","Saturday","mini",FALSE,0,0,NA
"2024-10-12","Saturday","wordle",FALSE,NA,NA,"STAIN"
"2024-10-13","Sunday","daily",FALSE,0,0,NA
"2024-10-13","Sunday","mini",FALSE,0,0,NA
"2024-10-13","Sunday","wordle",FALSE,NA,NA,"PRONE"
"2024-10-14","Monday","daily",FALSE,0,0,NA
"2024-10-14","Monday","mini",FALSE,0,0,NA
"2024-10-14","Monday","wordle",FALSE,NA,NA,"GAMUT"
"2024-10-15","Tuesday","daily",FALSE,0,0,NA
"2024-10-15","Tuesday","mini",FALSE,0,0,NA
"2024-10-15","Tuesday","wordle",FALSE,NA,NA,"CORER"
"2024-10-16","Wednesday","daily",FALSE,0,0,NA
"2024-10-16","Wednesday","mini",FALSE,0,0,NA
"2024-10-16","Wednesday","wordle",FALSE,NA,NA,"GRANT"
"2024-10-17","Thursday","daily",FALSE,0,0,NA
"2024-10-17","Thursday","mini",FALSE,0,0,NA
"2024-10-17","Thursday","wordle",FALSE,NA,NA,"HALVE"
"2024-10-18","Friday","daily",FALSE,0,0,NA
"2024-10-18","Friday","mini",FALSE,0,0,NA
"2024-10-18","Friday","wordle",FALSE,NA,NA,"STINT"
"2024-10-19","Saturday","daily",FALSE,0,0,NA
"2024-10-19","Saturday","mini",FALSE,0,0,NA
"2024-10-19","Saturday","wordle",FALSE,NA,NA,"FIBER"
"2024-10-20","Sunday","daily",FALSE,0,0,NA
"2024-10-20","Sunday","mini",FALSE,0,0,NA
"2024-10-20","Sunday","wordle",FALSE,NA,NA,"DICEY"
"2024-10-21","Monday","daily",FALSE,0,0,NA
"2024-10-21","Monday","mini",FALSE,0,0,NA
"2024-10-21","Monday","wordle",FALSE,NA,NA,"SPOON"
"2024-10-22","Tuesday","daily",FALSE,0,0,NA
"2024-10-22","Tuesday","mini",FALSE,0,0,NA
"2024-10-22","Tuesday","wordle",FALSE,NA,NA,"SHOUT"
"2024-10-23","Wednesday","daily",FALSE,0,0,NA
"2024-10-23","Wednesday","mini",FALSE,0,0,NA
"2024-10-23","Wednesday","wordle",FALSE,NA,NA,"GOOFY"
"2024-10-24","Thursday","daily",FALSE,0,0,NA
"2024-10-24","Thursday","mini",FALSE,0,0,NA
"2024-10-24","Thursday","wordle",FALSE,NA,NA,"BOSSY"
"2024-10-25","Friday","daily",FALSE,0,0,NA
"2024-10-25","Friday","mini",FALSE,0,0,NA
"2024-10-25","Friday","wordle",FALSE,NA,NA,"FROWN"
"2024-10-26","Saturday","daily",FALSE,0,0,NA
"2024-10-26","Saturday","mini",FALSE,0,0,NA
"2024-10-26","Saturday","wordle",FALSE,NA,NA,"WREAK"
"2024-10-27","Sunday","daily",TRUE,5,0,NA
"2024-10-27","Sunday","mini",FALSE,0,0,NA
"2024-10-27","Sunday","wordle",FALSE,NA,NA,"SANDY"
"2024-10-28","Monday","daily",FALSE,0,0,NA
"2024-10-28","Monday","mini",FALSE,0,0,NA
"2024-10-28","Monday","wordle",FALSE,NA,NA,"BAWDY"
"2024-10-29","Tuesday","daily",FALSE,0,0,NA
"2024-10-29","Tuesday","mini",FALSE,0,0,NA
"2024-10-29","Tuesday","wordle",FALSE,NA,NA,"TUNIC"
"2024-10-30","Wednesday","daily",FALSE,0,0,NA
"2024-10-30","Wednesday","mini",FALSE,0,0,NA
"2024-10-30","Wednesday","wordle",TRUE,NA,NA,"EASEL"
"2024-10-31","Thursday","daily",TRUE,4,0,NA
"2024-10-31","Thursday","mini",FALSE,0,0,NA
"2024-10-31","Thursday","wordle",FALSE,NA,NA,"WEIRD"
"2024-11-01","Friday","daily",FALSE,0,0,NA
"2024-11-01","Friday","mini",FALSE,0,0,NA
"2024-11-01","Friday","wordle",FALSE,NA,NA,"SIXTH"
"2024-11-02","Saturday","daily",FALSE,0,0,NA
"2024-11-02","Saturday","mini",FALSE,0,0,NA
"2024-11-02","Saturday","wordle",FALSE,NA,NA,"SNOOP"
"2024-11-03","Sunday","daily",FALSE,0,0,NA
"2024-11-03","Sunday","mini",FALSE,0,0,NA
"2024-11-03","Sunday","wordle",TRUE,NA,NA,"BLAZE"
"2024-11-04","Monday","daily",FALSE,0,0,NA
"2024-11-04","Monday","mini",FALSE,0,0,NA
"2024-11-04","Monday","wordle",FALSE,NA,NA,"VINYL"
"2024-11-05","Tuesday","daily",FALSE,0,0,NA
"2024-11-05","Tuesday","mini",FALSE,0,0,NA
"2024-11-05","Tuesday","wordle",FALSE,NA,NA,"OCTET"
"2024-11-06","Wednesday","daily",FALSE,0,0,NA
"2024-11-06","Wednesday","mini",FALSE,0,0,NA
"2024-11-06","Wednesday","wordle",FALSE,NA,NA,"TRULY"
"2024-11-07","Thursday","daily",FALSE,0,0,NA
"2024-11-07","Thursday","mini",FALSE,0,0,NA
"2024-11-07","Thursday","wordle",FALSE,NA,NA,"EVENT"
"2024-11-08","Friday","daily",FALSE,0,0,NA
"2024-11-08","Friday","mini",FALSE,0,0,NA
"2024-11-08","Friday","wordle",FALSE,NA,NA,"READY"
"2024-11-09","Saturday","daily",FALSE,0,0,NA
"2024-11-09","Saturday","mini",FALSE,0,0,NA
"2024-11-09","Saturday","wordle",FALSE,NA,NA,"SWELL"
"2024-11-10","Sunday","daily",FALSE,0,0,NA
"2024-11-10","Sunday","mini",FALSE,0,0,NA
"2024-11-10","Sunday","wordle",FALSE,NA,NA,"INNER"
"2024-11-11","Monday","daily",FALSE,0,0,NA
"2024-11-11","Monday","mini",FALSE,0,0,NA
"2024-11-11","Monday","wordle",FALSE,NA,NA,"STOIC"
"2024-11-12","Tuesday","daily",FALSE,0,0,NA
"2024-11-12","Tuesday","mini",FALSE,0,0,NA
"2024-11-12","Tuesday","wordle",FALSE,NA,NA,"FLOWN"
"2024-11-13","Wednesday","daily",FALSE,0,0,NA
"2024-11-13","Wednesday","mini",FALSE,0,0,NA
"2024-11-13","Wednesday","wordle",FALSE,NA,NA,"PRIMP"
"2024-11-14","Thursday","daily",FALSE,0,0,NA
"2024-11-14","Thursday","mini",FALSE,0,0,NA
"2024-11-14","Thursday","wordle",FALSE,NA,NA,"UVULA"
"2024-11-15","Friday","daily",FALSE,0,0,NA
"2024-11-15","Friday","mini",FALSE,0,0,NA
"2024-11-15","Friday","wordle",FALSE,NA,NA,"TACKY"
"2024-11-16","Saturday","daily",FALSE,0,0,NA
"2024-11-16","Saturday","mini",FALSE,0,0,NA
"2024-11-16","Saturday","wordle",FALSE,NA,NA,"VISOR"
"2024-11-17","Sunday","daily",FALSE,0,0,NA
"2024-11-17","Sunday","mini",FALSE,0,0,NA
"2024-11-17","Sunday","wordle",FALSE,NA,NA,"TALLY"
"2024-11-18","Monday","daily",FALSE,0,0,NA
"2024-11-18","Monday","mini",FALSE,0,0,NA
"2024-11-18","Monday","wordle",FALSE,NA,NA,"FRAIL"
"2024-11-19","Tuesday","daily",FALSE,0,0,NA
"2024-11-19","Tuesday","mini",FALSE,0,0,NA
"2024-11-19","Tuesday","wordle",FALSE,NA,NA,"GOING"
"2024-11-20","Wednesday","daily",TRUE,6,0,NA
"2024-11-20","Wednesday","mini",FALSE,0,0,NA
"2024-11-20","Wednesday","wordle",FALSE,NA,NA,"NICHE"
"2024-11-21","Thursday","daily",FALSE,0,0,NA
"2024-11-21","Thursday","mini",FALSE,0,0,NA
"2024-11-21","Thursday","wordle",FALSE,NA,NA,"SPINE"
"2024-11-22","Friday","daily",FALSE,0,0,NA
"2024-11-22","Friday","mini",FALSE,0,0,NA
"2024-11-22","Friday","wordle",FALSE,NA,NA,"PEARL"
"2024-11-23","Saturday","daily",FALSE,0,0,NA
"2024-11-23","Saturday","mini",FALSE,0,0,NA
"2024-11-23","Saturday","wordle",FALSE,NA,NA,"JELLY"
"2024-11-24","Sunday","daily",FALSE,0,0,NA
"2024-11-24","Sunday","mini",FALSE,0,0,NA
"2024-11-24","Sunday","wordle",FALSE,NA,NA,"TWIST"
"2024-11-25","Monday","daily",FALSE,0,0,NA
"2024-11-25","Monday","mini",FALSE,0,0,NA
"2024-11-25","Monday","wordle",FALSE,NA,NA,"BROWN"
"2024-11-26","Tuesday","daily",FALSE,0,0,NA
"2024-11-26","Tuesday","mini",FALSE,0,0,NA
"2024-11-26","Tuesday","wordle",FALSE,NA,NA,"WITCH"
"2024-11-27","Wednesday","daily",FALSE,0,0,NA
"2024-11-27","Wednesday","mini",FALSE,0,0,NA
"2024-11-27","Wednesday","wordle",FALSE,NA,NA,"SLANG"
"2024-11-28","Thursday","daily",TRUE,12,0,NA
"2024-11-28","Thursday","mini",FALSE,0,0,NA
"2024-11-28","Thursday","wordle",FALSE,NA,NA,"CHOCK"
"2024-11-29","Friday","daily",FALSE,0,0,NA
"2024-11-29","Friday","mini",FALSE,0,0,NA
"2024-11-29","Friday","wordle",FALSE,NA,NA,"HIPPO"
"2024-11-30","Saturday","daily",FALSE,0,0,NA
"2024-11-30","Saturday","mini",FALSE,0,0,NA
"2024-11-30","Saturday","wordle",FALSE,NA,NA,"DOGMA"
"2024-12-01","Sunday","daily",FALSE,0,0,NA
"2024-12-01","Sunday","mini",FALSE,0,0,NA
"2024-12-01","Sunday","wordle",FALSE,NA,NA,"MAUVE"
"2024-12-02","Monday","daily",FALSE,0,0,NA
"2024-12-02","Monday","mini",FALSE,0,0,NA
"2024-12-02","Monday","wordle",FALSE,NA,NA,"GUILE"
"2024-12-03","Tuesday","daily",FALSE,0,0,NA
"2024-12-03","Tuesday","mini",FALSE,0,0,NA
"2024-12-03","Tuesday","wordle",FALSE,NA,NA,"SHAKY"
"2024-12-04","Wednesday","daily",FALSE,0,0,NA
"2024-12-04","Wednesday","mini",FALSE,0,0,NA
"2024-12-04","Wednesday","wordle",FALSE,NA,NA,"CRYPT"
"2024-12-05","Thursday","daily",FALSE,0,0,NA
"2024-12-05","Thursday","mini",FALSE,0,0,NA
"2024-12-05","Thursday","wordle",FALSE,NA,NA,"ENDOW"
"2024-12-06","Friday","daily",FALSE,0,0,NA
"2024-12-06","Friday","mini",FALSE,0,0,NA
"2024-12-06","Friday","wordle",FALSE,NA,NA,"SHOVE"
"2024-12-07","Saturday","daily",FALSE,0,0,NA
"2024-12-07","Saturday","mini",FALSE,0,0,NA
"2024-12-07","Saturday","wordle",FALSE,NA,NA,"HILLY"
"2024-12-08","Sunday","daily",FALSE,0,0,NA
"2024-12-08","Sunday","mini",FALSE,0,0,NA
"2024-12-08","Sunday","wordle",FALSE,NA,NA,"HYENA"
"2024-12-09","Monday","daily",FALSE,0,0,NA
"2024-12-09","Monday","mini",FALSE,0,0,NA
"2024-12-09","Monday","wordle",FALSE,NA,NA,"FLUNG"
"2024-12-10","Tuesday","daily",FALSE,0,0,NA
"2024-12-10","Tuesday","mini",FALSE,0,0,NA
"2024-12-10","Tuesday","wordle",FALSE,NA,NA,"PATIO"
"2024-12-11","Wednesday","daily",FALSE,0,0,NA
"2024-12-11","Wednesday","mini",FALSE,0,0,NA
"2024-12-11","Wednesday","wordle",FALSE,NA,NA,"PLUMB"
"2024-12-12","Thursday","daily",FALSE,0,0,NA
"2024-12-12","Thursday","mini",FALSE,0,0,NA
"2024-12-12","Thursday","wordle",FALSE,NA,NA,"VYING"
"2024-12-13","Friday","daily",FALSE,0,0,NA
"2024-12-13","Friday","mini",FALSE,0,0,NA
"2024-12-13","Friday","wordle",FALSE,NA,NA,"BOXER"
"2024-12-14","Saturday","daily",FALSE,0,0,NA
"2024-12-14","Saturday","mini",FALSE,0,0,NA
"2024-12-14","Saturday","wordle",FALSE,NA,NA,"DROOL"
"2024-12-15","Sunday","daily",TRUE,10,0,NA
"2024-12-15","Sunday","mini",FALSE,0,0,NA
"2024-12-15","Sunday","wordle",FALSE,NA,NA,"FUNKY"
"2024-12-16","Monday","daily",FALSE,0,0,NA
"2024-12-16","Monday","mini",FALSE,0,0,NA
"2024-12-16","Monday","wordle",FALSE,NA,NA,"BOAST"
"2024-12-17","Tuesday","daily",FALSE,0,0,NA
"2024-12-17","Tuesday","mini",FALSE,0,0,NA
"2024-12-17","Tuesday","wordle",FALSE,NA,NA,"SCOWL"
"2024-12-18","Wednesday","daily",FALSE,0,0,NA
"2024-12-18","Wednesday","mini",FALSE,0,0,NA
"2024-12-18","Wednesday","wordle",FALSE,NA,NA,"HEFTY"
"2024-12-19","Thursday","daily",TRUE,3,0,NA
"2024-12-19","Thursday","mini",FALSE,0,0,NA
"2024-12-19","Thursday","wordle",FALSE,NA,NA,"STRAY"
"2024-12-20","Friday","daily",FALSE,0,0,NA
"2024-12-20","Friday","mini",FALSE,0,0,NA
"2024-12-20","Friday","wordle",FALSE,NA,NA,"FLASH"
"2024-12-21","Saturday","daily",FALSE,0,0,NA
"2024-12-21","Saturday","mini",FALSE,0,0,NA
"2024-12-21","Saturday","wordle",TRUE,NA,NA,"BLADE"
"2024-12-22","Sunday","daily",FALSE,0,0,NA
"2024-12-22","Sunday","mini",FALSE,0,0,NA
"2024-12-22","Sunday","wordle",FALSE,NA,NA,"BRAWN"
"2024-12-23","Monday","daily",FALSE,0,0,NA
"2024-12-23","Monday","mini",FALSE,0,0,NA
"2024-12-23","Monday","wordle",FALSE,NA,NA,"SAUNA"
"2024-12-24","Tuesday","daily",FALSE,0,0,NA
"2024-12-24","Tuesday","mini",FALSE,0,0,NA
"2024-12-24","Tuesday","wordle",FALSE,NA,NA,"EAGLE"
"2024-12-25","Wednesday","daily",FALSE,0,0,NA
"2024-12-25","Wednesday","mini",FALSE,0,0,NA
"2024-12-25","Wednesday","wordle",TRUE,NA,NA,"SHARE"
"2024-12-26","Thursday","daily",FALSE,0,0,NA
"2024-12-26","Thursday","mini",FALSE,0,0,NA
"2024-12-26","Thursday","wordle",FALSE,NA,NA,"AFFIX"
"2024-12-27","Friday","daily",FALSE,0,0,NA
"2024-12-27","Friday","mini",FALSE,0,0,NA
"2024-12-27","Friday","wordle",FALSE,NA,NA,"GRAIN"
"2024-12-28","Saturday","daily",FALSE,0,0,NA
"2024-12-28","Saturday","mini",FALSE,0,0,NA
"2024-12-28","Saturday","wordle",FALSE,NA,NA,"DECRY"
"2024-12-29","Sunday","daily",FALSE,0,20,NA
"2024-12-29","Sunday","mini",FALSE,0,0,NA
"2024-12-29","Sunday","wordle",FALSE,NA,NA,"MAMBO"
"2024-12-30","Monday","daily",FALSE,0,0,NA
"2024-12-30","Monday","mini",FALSE,0,0,NA
"2024-12-30","Monday","wordle",TRUE,NA,NA,"STARE"
"2024-12-31","Tuesday","daily",FALSE,0,0,NA
"2024-12-31","Tuesday","mini",FALSE,0,0,NA
"2024-12-31","Tuesday","wordle",FALSE,NA,NA,"LEMUR"
"2025-01-01","Wednesday","daily",FALSE,0,0,NA
"2025-01-01","Wednesday","mini",FALSE,0,0,NA
"2025-01-01","Wednesday","wordle",FALSE,NA,NA,"NERVE"
"2025-01-02","Thursday","daily",TRUE,8,0,NA
"2025-01-02","Thursday","mini",FALSE,0,0,NA
"2025-01-02","Thursday","wordle",FALSE,NA,NA,"CHOSE"
"2025-01-03","Friday","daily",FALSE,0,0,NA
"2025-01-03","Friday","mini",FALSE,0,0,NA
"2025-01-03","Friday","wordle",FALSE,NA,NA,"CHEAP"
"2025-01-04","Saturday","daily",FALSE,0,0,NA
"2025-01-04","Saturday","mini",FALSE,0,0,NA
"2025-01-04","Saturday","wordle",FALSE,NA,NA,"RELAX"
"2025-01-05","Sunday","daily",TRUE,3,0,NA
"2025-01-05","Sunday","mini",FALSE,0,0,NA
"2025-01-05","Sunday","wordle",FALSE,NA,NA,"CYBER"
"2025-01-06","Monday","daily",FALSE,0,0,NA
"2025-01-06","Monday","mini",FALSE,0,0,NA
"2025-01-06","Monday","wordle",FALSE,NA,NA,"SPRIG"
"2025-01-07","Tuesday","daily",FALSE,0,0,NA
"2025-01-07","Tuesday","mini",FALSE,0,0,NA
"2025-01-07","Tuesday","wordle",FALSE,NA,NA,"ATLAS"
"2025-01-08","Wednesday","daily",FALSE,0,0,NA
"2025-01-08","Wednesday","mini",FALSE,0,0,NA
"2025-01-08","Wednesday","wordle",FALSE,NA,NA,"DRAFT"
"2025-01-09","Thursday","daily",FALSE,0,0,NA
"2025-01-09","Thursday","mini",FALSE,0,0,NA
"2025-01-09","Thursday","wordle",TRUE,NA,NA,"WAFER"
"2025-01-10","Friday","daily",FALSE,0,0,NA
"2025-01-10","Friday","mini",FALSE,0,0,NA
"2025-01-10","Friday","wordle",FALSE,NA,NA,"CRAWL"
"2025-01-11","Saturday","daily",FALSE,0,0,NA
"2025-01-11","Saturday","mini",FALSE,0,0,NA
"2025-01-11","Saturday","wordle",FALSE,NA,NA,"DINGY"
"2025-01-12","Sunday","daily",FALSE,0,0,NA
"2025-01-12","Sunday","mini",FALSE,0,0,NA
"2025-01-12","Sunday","wordle",FALSE,NA,NA,"TOTAL"
"2025-01-13","Monday","daily",FALSE,0,0,NA
"2025-01-13","Monday","mini",FALSE,0,0,NA
"2025-01-13","Monday","wordle",FALSE,NA,NA,"CLOAK"
"2025-01-14","Tuesday","daily",FALSE,0,0,NA
"2025-01-14","Tuesday","mini",FALSE,0,0,NA
"2025-01-14","Tuesday","wordle",FALSE,NA,NA,"FANCY"
"2025-01-15","Wednesday","daily",FALSE,0,0,NA
"2025-01-15","Wednesday","mini",FALSE,0,0,NA
"2025-01-15","Wednesday","wordle",FALSE,NA,NA,"KNACK"
"2025-01-16","Thursday","daily",FALSE,0,0,NA
"2025-01-16","Thursday","mini",FALSE,0,0,NA
"2025-01-16","Thursday","wordle",FALSE,NA,NA,"FLINT"
"2025-01-17","Friday","daily",FALSE,0,0,NA
"2025-01-17","Friday","mini",FALSE,0,0,NA
"2025-01-17","Friday","wordle",FALSE,NA,NA,"PROSE"
"2025-01-18","Saturday","daily",FALSE,0,0,NA
"2025-01-18","Saturday","mini",FALSE,0,0,NA
"2025-01-18","Saturday","wordle",FALSE,NA,NA,"SILLY"
"2025-01-19","Sunday","daily",FALSE,0,0,NA
"2025-01-19","Sunday","mini",FALSE,0,0,NA
"2025-01-19","Sunday","wordle",FALSE,NA,NA,"ROWER"
"2025-01-20","Monday","daily",FALSE,0,0,NA
"2025-01-20","Monday","mini",FALSE,0,0,NA
"2025-01-20","Monday","wordle",FALSE,NA,NA,"SQUID"
"2025-01-21","Tuesday","daily",FALSE,0,0,NA
"2025-01-21","Tuesday","mini",FALSE,0,0,NA
"2025-01-21","Tuesday","wordle",FALSE,NA,NA,"ICING"
"2025-01-22","Wednesday","daily",FALSE,0,0,NA
"2025-01-22","Wednesday","mini",FALSE,0,0,NA
"2025-01-22","Wednesday","wordle",FALSE,NA,NA,"REACH"
"2025-01-23","Thursday","daily",TRUE,4,0,NA
"2025-01-23","Thursday","mini",FALSE,0,0,NA
"2025-01-23","Thursday","wordle",FALSE,NA,NA,"UPPER"
"2025-01-24","Friday","daily",FALSE,0,0,NA
"2025-01-24","Friday","mini",FALSE,0,0,NA
"2025-01-24","Friday","wordle",FALSE,NA,NA,"CREPE"
"2025-01-25","Saturday","daily",FALSE,0,0,NA
"2025-01-25","Saturday","mini",FALSE,0,0,NA
"2025-01-25","Saturday","wordle",FALSE,NA,NA,"CRISP"
"2025-01-26","Sunday","daily",FALSE,0,0,NA
"2025-01-26","Sunday","mini",FALSE,0,0,NA
"2025-01-26","Sunday","wordle",FALSE,NA,NA,"SUNNY"
"2025-01-27","Monday","daily",FALSE,0,0,NA
"2025-01-27","Monday","mini",FALSE,0,0,NA
"2025-01-27","Monday","wordle",FALSE,NA,NA,"SHUNT"
"2025-01-28","Tuesday","daily",FALSE,0,0,NA
"2025-01-28","Tuesday","mini",FALSE,0,0,NA
"2025-01-28","Tuesday","wordle",FALSE,NA,NA,"FEVER"
"2025-01-29","Wednesday","daily",FALSE,0,0,NA
"2025-01-29","Wednesday","mini",FALSE,0,0,NA
"2025-01-29","Wednesday","wordle",FALSE,NA,NA,"UDDER"
"2025-01-30","Thursday","daily",FALSE,0,0,NA
"2025-01-30","Thursday","mini",FALSE,0,0,NA
"2025-01-30","Thursday","wordle",FALSE,NA,NA,"FALSE"
"2025-01-31","Friday","daily",FALSE,0,0,NA
"2025-01-31","Friday","mini",FALSE,0,0,NA
"2025-01-31","Friday","wordle",FALSE,NA,NA,"TOAST"
"2025-02-01","Saturday","daily",FALSE,0,0,NA
"2025-02-01","Saturday","mini",FALSE,0,0,NA
"2025-02-01","Saturday","wordle",FALSE,NA,NA,"RIVET"
"2025-02-02","Sunday","daily",TRUE,13,0,NA
"2025-02-02","Sunday","mini",FALSE,0,0,NA
"2025-02-02","Sunday","wordle",FALSE,NA,NA,"CHORE"
"2025-02-03","Monday","daily",FALSE,0,0,NA
"2025-02-03","Monday","mini",FALSE,0,0,NA
"2025-02-03","Monday","wordle",FALSE,NA,NA,"REVUE"
"2025-02-04","Tuesday","daily",FALSE,0,0,NA
"2025-02-04","Tuesday","mini",FALSE,0,0,NA
"2025-02-04","Tuesday","wordle",FALSE,NA,NA,"TOOTH"
"2025-02-05","Wednesday","daily",FALSE,0,0,NA
"2025-02-05","Wednesday","mini",FALSE,0,0,NA
"2025-02-05","Wednesday","wordle",FALSE,NA,NA,"PEDAL"
"2025-02-06","Thursday","daily",FALSE,0,0,NA
"2025-02-06","Thursday","mini",FALSE,0,0,NA
"2025-02-06","Thursday","wordle",FALSE,NA,NA,"PUPIL"
"2025-02-07","Friday","daily",FALSE,0,0,NA
"2025-02-07","Friday","mini",FALSE,0,0,NA
"2025-02-07","Friday","wordle",FALSE,NA,NA,"SWATH"
"2025-02-08","Saturday","daily",FALSE,0,0,NA
"2025-02-08","Saturday","mini",FALSE,0,0,NA
"2025-02-08","Saturday","wordle",FALSE,NA,NA,"STEEP"
"2025-02-09","Sunday","daily",FALSE,0,0,NA
"2025-02-09","Sunday","mini",FALSE,0,0,NA
"2025-02-09","Sunday","wordle",FALSE,NA,NA,"BONUS"
"2025-02-10","Monday","daily",FALSE,0,0,NA
"2025-02-10","Monday","mini",FALSE,0,0,NA
"2025-02-10","Monday","wordle",FALSE,NA,NA,"GOODY"
"2025-02-11","Tuesday","daily",FALSE,0,0,NA
"2025-02-11","Tuesday","mini",FALSE,0,0,NA
"2025-02-11","Tuesday","wordle",FALSE,NA,NA,"SCORE"
"2025-02-12","Wednesday","daily",FALSE,0,0,NA
"2025-02-12","Wednesday","mini",FALSE,0,0,NA
"2025-02-12","Wednesday","wordle",FALSE,NA,NA,"RAPID"
"2025-02-13","Thursday","daily",FALSE,0,0,NA
"2025-02-13","Thursday","mini",FALSE,0,0,NA
"2025-02-13","Thursday","wordle",FALSE,NA,NA,"RUMBA"
"2025-02-14","Friday","daily",FALSE,0,0,NA
"2025-02-14","Friday","mini",FALSE,0,0,NA
"2025-02-14","Friday","wordle",FALSE,NA,NA,"DITTY"
"2025-02-15","Saturday","daily",FALSE,0,0,NA
"2025-02-15","Saturday","mini",FALSE,0,0,NA
"2025-02-15","Saturday","wordle",FALSE,NA,NA,"CROOK"
"2025-02-16","Sunday","daily",FALSE,0,0,NA
"2025-02-16","Sunday","mini",FALSE,0,0,NA
"2025-02-16","Sunday","wordle",TRUE,NA,NA,"SUAVE"
"2025-02-17","Monday","daily",FALSE,0,0,NA
"2025-02-17","Monday","mini",FALSE,0,0,NA
"2025-02-17","Monday","wordle",FALSE,NA,NA,"TRAIL"
"2025-02-18","Tuesday","daily",FALSE,0,0,NA
"2025-02-18","Tuesday","mini",FALSE,0,0,NA
"2025-02-18","Tuesday","wordle",FALSE,NA,NA,"INDIE"
"2025-02-19","Wednesday","daily",FALSE,0,0,NA
"2025-02-19","Wednesday","mini",FALSE,0,0,NA
"2025-02-19","Wednesday","wordle",FALSE,NA,NA,"MADLY"
"2025-02-20","Thursday","daily",FALSE,0,0,NA
"2025-02-20","Thursday","mini",FALSE,0,0,NA
"2025-02-20","Thursday","wordle",FALSE,NA,NA,"ROACH"
"2025-02-21","Friday","daily",FALSE,0,0,NA
"2025-02-21","Friday","mini",FALSE,0,0,NA
"2025-02-21","Friday","wordle",FALSE,NA,NA,"CLOVE"
"2025-02-22","Saturday","daily",FALSE,0,0,NA
"2025-02-22","Saturday","mini",FALSE,0,0,NA
"2025-02-22","Saturday","wordle",FALSE,NA,NA,"CREAM"
"2025-02-23","Sunday","daily",FALSE,0,0,NA
"2025-02-23","Sunday","mini",FALSE,0,0,NA
"2025-02-23","Sunday","wordle",FALSE,NA,NA,"OTTER"
"2025-02-24","Monday","daily",FALSE,0,0,NA
"2025-02-24","Monday","mini",FALSE,0,0,NA
"2025-02-24","Monday","wordle",FALSE,NA,NA,"GLAND"
"2025-02-25","Tuesday","daily",FALSE,0,0,NA
"2025-02-25","Tuesday","mini",FALSE,0,0,NA
"2025-02-25","Tuesday","wordle",FALSE,NA,NA,"DRYER"
"2025-02-26","Wednesday","daily",FALSE,0,0,NA
"2025-02-26","Wednesday","mini",FALSE,0,0,NA
"2025-02-26","Wednesday","wordle",FALSE,NA,NA,"AWARD"
"2025-02-27","Thursday","daily",FALSE,0,4,NA
"2025-02-27","Thursday","mini",FALSE,0,0,NA
"2025-02-27","Thursday","wordle",FALSE,NA,NA,"LODGE"
"2025-02-28","Friday","daily",FALSE,0,0,NA
"2025-02-28","Friday","mini",FALSE,0,0,NA
"2025-02-28","Friday","wordle",FALSE,NA,NA,"FUZZY"
"2025-03-01","Saturday","daily",FALSE,0,0,NA
"2025-03-01","Saturday","mini",FALSE,0,0,NA
"2025-03-01","Saturday","wordle",FALSE,NA,NA,"HOVER"
"2025-03-02","Sunday","daily",FALSE,0,0,NA
"2025-03-02","Sunday","mini",FALSE,0,0,NA
"2025-03-02","Sunday","wordle",FALSE,NA,NA,"DEITY"
"2025-03-03","Monday","daily",FALSE,0,0,NA
"2025-03-03","Monday","mini",FALSE,0,0,NA
"2025-03-03","Monday","wordle",FALSE,NA,NA,"SPEAR"
"2025-03-04","Tuesday","daily",FALSE,0,0,NA
"2025-03-04","Tuesday","mini",FALSE,0,0,NA
"2025-03-04","Tuesday","wordle",FALSE,NA,NA,"CHECK"
"2025-03-05","Wednesday","daily",FALSE,0,0,NA
"2025-03-05","Wednesday","mini",FALSE,0,0,NA
"2025-03-05","Wednesday","wordle",FALSE,NA,NA,"SCRUM"
"2025-03-06","Thursday","daily",FALSE,0,0,NA
"2025-03-06","Thursday","mini",FALSE,0,0,NA
"2025-03-06","Thursday","wordle",FALSE,NA,NA,"ALERT"
"2025-03-07","Friday","daily",FALSE,0,0,NA
"2025-03-07","Friday","mini",FALSE,0,0,NA
"2025-03-07","Friday","wordle",FALSE,NA,NA,"TROOP"
"2025-03-08","Saturday","daily",FALSE,0,0,NA
"2025-03-08","Saturday","mini",FALSE,0,0,NA
"2025-03-08","Saturday","wordle",TRUE,NA,NA,"NAVEL"
"2025-03-09","Sunday","daily",FALSE,0,0,NA
"2025-03-09","Sunday","mini",FALSE,0,0,NA
"2025-03-09","Sunday","wordle",FALSE,NA,NA,"GREED"
"2025-03-10","Monday","daily",FALSE,0,0,NA
"2025-03-10","Monday","mini",FALSE,0,0,NA
"2025-03-10","Monday","wordle",FALSE,NA,NA,"SPITE"
"2025-03-11","Tuesday","daily",FALSE,0,0,NA
"2025-03-11","Tuesday","mini",FALSE,0,0,NA
"2025-03-11","Tuesday","wordle",FALSE,NA,NA,"TRACK"
"2025-03-12","Wednesday","daily",FALSE,0,0,NA
"2025-03-12","Wednesday","mini",FALSE,0,0,NA
"2025-03-12","Wednesday","wordle",FALSE,NA,NA,"MANGO"
"2025-03-13","Thursday","daily",FALSE,0,0,NA
"2025-03-13","Thursday","mini",FALSE,0,0,NA
"2025-03-13","Thursday","wordle",TRUE,NA,NA,"CHASE"
"2025-03-14","Friday","daily",FALSE,0,0,NA
"2025-03-14","Friday","mini",FALSE,0,0,NA
"2025-03-14","Friday","wordle",FALSE,NA,NA,"PIECE"
"2025-03-15","Saturday","daily",FALSE,0,0,NA
"2025-03-15","Saturday","mini",FALSE,0,0,NA
"2025-03-15","Saturday","wordle",FALSE,NA,NA,"LADLE"
"2025-03-16","Sunday","daily",FALSE,0,0,NA
"2025-03-16","Sunday","mini",FALSE,0,0,NA
"2025-03-16","Sunday","wordle",FALSE,NA,NA,"STAMP"
"2025-03-17","Monday","daily",FALSE,0,0,NA
"2025-03-17","Monday","mini",FALSE,0,0,NA
"2025-03-17","Monday","wordle",FALSE,NA,NA,"LASSO"
"2025-03-18","Tuesday","daily",FALSE,0,0,NA
"2025-03-18","Tuesday","mini",FALSE,0,0,NA
"2025-03-18","Tuesday","wordle",FALSE,NA,NA,"TIMER"
"2025-03-19","Wednesday","daily",TRUE,1,0,NA
"2025-03-19","Wednesday","mini",FALSE,0,0,NA
"2025-03-19","Wednesday","wordle",FALSE,NA,NA,"SPARK"
"2025-03-20","Thursday","daily",TRUE,4,0,NA
"2025-03-20","Thursday","mini",FALSE,0,0,NA
"2025-03-20","Thursday","wordle",FALSE,NA,NA,"BASTE"
"2025-03-21","Friday","daily",FALSE,0,0,NA
"2025-03-21","Friday","mini",FALSE,0,0,NA
"2025-03-21","Friday","wordle",FALSE,NA,NA,"NUDGE"
"2025-03-22","Saturday","daily",FALSE,0,0,NA
"2025-03-22","Saturday","mini",FALSE,0,0,NA
"2025-03-22","Saturday","wordle",FALSE,NA,NA,"AMBLE"
"2025-03-23","Sunday","daily",FALSE,0,0,NA
"2025-03-23","Sunday","mini",FALSE,0,0,NA
"2025-03-23","Sunday","wordle",FALSE,NA,NA,"DOPEY"
"2025-03-24","Monday","daily",FALSE,0,0,NA
"2025-03-24","Monday","mini",FALSE,0,0,NA
"2025-03-24","Monday","wordle",FALSE,NA,NA,"ANGLE"
"2025-03-25","Tuesday","daily",FALSE,0,0,NA
"2025-03-25","Tuesday","mini",FALSE,0,0,NA
"2025-03-25","Tuesday","wordle",FALSE,NA,NA,"SHELF"
"2025-03-26","Wednesday","daily",FALSE,0,0,NA
"2025-03-26","Wednesday","mini",FALSE,0,0,NA
"2025-03-26","Wednesday","wordle",FALSE,NA,NA,"ELBOW"
"2025-03-27","Thursday","daily",FALSE,0,0,NA
"2025-03-27","Thursday","mini",FALSE,0,0,NA
"2025-03-27","Thursday","wordle",FALSE,NA,NA,"SHEET"
"2025-03-28","Friday","daily",FALSE,0,0,NA
"2025-03-28","Friday","mini",FALSE,0,0,NA
"2025-03-28","Friday","wordle",FALSE,NA,NA,"VERSE"
"2025-03-29","Saturday","daily",FALSE,0,0,NA
"2025-03-29","Saturday","mini",FALSE,0,0,NA
"2025-03-29","Saturday","wordle",FALSE,NA,NA,"SORRY"
"2025-03-30","Sunday","daily",FALSE,0,0,NA
"2025-03-30","Sunday","mini",FALSE,0,0,NA
"2025-03-30","Sunday","wordle",FALSE,NA,NA,"QUOTA"
"2025-03-31","Monday","daily",FALSE,0,0,NA
"2025-03-31","Monday","mini",FALSE,0,0,NA
"2025-03-31","Monday","wordle",FALSE,NA,NA,"BOOTY"
"2025-04-01","Tuesday","daily",FALSE,0,17,NA
"2025-04-01","Tuesday","mini",FALSE,0,0,NA
"2025-04-01","Tuesday","wordle",FALSE,NA,NA,"JEWEL"
"2025-04-02","Wednesday","daily",FALSE,0,0,NA
"2025-04-02","Wednesday","mini",FALSE,0,0,NA
"2025-04-02","Wednesday","wordle",FALSE,NA,NA,"CURSE"
"2025-04-03","Thursday","daily",FALSE,0,6,NA
"2025-04-03","Thursday","mini",FALSE,0,0,NA
"2025-04-03","Thursday","wordle",FALSE,NA,NA,"SHEAR"
"2025-04-04","Friday","daily",FALSE,0,0,NA
"2025-04-04","Friday","mini",FALSE,0,0,NA
"2025-04-04","Friday","wordle",FALSE,NA,NA,"KRILL"
"2025-04-05","Saturday","daily",FALSE,0,0,NA
"2025-04-05","Saturday","mini",FALSE,0,0,NA
"2025-04-05","Saturday","wordle",FALSE,NA,NA,"FOAMY"
"2025-04-06","Sunday","daily",FALSE,0,0,NA
"2025-04-06","Sunday","mini",FALSE,0,0,NA
"2025-04-06","Sunday","wordle",FALSE,NA,NA,"VILLA"
"2025-04-07","Monday","daily",FALSE,0,0,NA
"2025-04-07","Monday","mini",FALSE,0,0,NA
"2025-04-07","Monday","wordle",TRUE,NA,NA,"HAZEL"
"2025-04-08","Tuesday","daily",FALSE,0,0,NA
"2025-04-08","Tuesday","mini",FALSE,0,0,NA
"2025-04-08","Tuesday","wordle",TRUE,NA,NA,"SPARE"
"2025-04-09","Wednesday","daily",FALSE,0,0,NA
"2025-04-09","Wednesday","mini",FALSE,0,0,NA
"2025-04-09","Wednesday","wordle",FALSE,NA,NA,"WHEAT"
"2025-04-10","Thursday","daily",FALSE,0,0,NA
"2025-04-10","Thursday","mini",FALSE,0,0,NA
"2025-04-10","Thursday","wordle",FALSE,NA,NA,"TURBO"
"2025-04-11","Friday","daily",FALSE,0,0,NA
"2025-04-11","Friday","mini",FALSE,0,0,NA
"2025-04-11","Friday","wordle",FALSE,NA,NA,"ARROW"
"2025-04-12","Saturday","daily",FALSE,0,0,NA
"2025-04-12","Saturday","mini",FALSE,0,0,NA
"2025-04-12","Saturday","wordle",FALSE,NA,NA,"NURSE"
"2025-04-13","Sunday","daily",FALSE,0,0,NA
"2025-04-13","Sunday","mini",FALSE,0,0,NA
"2025-04-13","Sunday","wordle",FALSE,NA,NA,"LAUGH"
"2025-04-14","Monday","daily",FALSE,0,0,NA
"2025-04-14","Monday","mini",FALSE,0,0,NA
"2025-04-14","Monday","wordle",FALSE,NA,NA,"CREST"
"2025-04-15","Tuesday","daily",FALSE,0,0,NA
"2025-04-15","Tuesday","mini",FALSE,0,0,NA
"2025-04-15","Tuesday","wordle",FALSE,NA,NA,"ASHEN"
"2025-04-16","Wednesday","daily",FALSE,0,0,NA
"2025-04-16","Wednesday","mini",FALSE,0,0,NA
"2025-04-16","Wednesday","wordle",FALSE,NA,NA,"MORAL"
"2025-04-17","Thursday","daily",FALSE,0,0,NA
"2025-04-17","Thursday","mini",FALSE,0,0,NA
"2025-04-17","Thursday","wordle",FALSE,NA,NA,"STOOD"
"2025-04-18","Friday","daily",FALSE,0,0,NA
"2025-04-18","Friday","mini",FALSE,0,0,NA
"2025-04-18","Friday","wordle",FALSE,NA,NA,"DIRGE"
"2025-04-19","Saturday","daily",FALSE,0,0,NA
"2025-04-19","Saturday","mini",FALSE,0,0,NA
"2025-04-19","Saturday","wordle",FALSE,NA,NA,"INBOX"
"2025-04-20","Sunday","daily",FALSE,0,0,NA
"2025-04-20","Sunday","mini",FALSE,0,0,NA
"2025-04-20","Sunday","wordle",FALSE,NA,NA,"PATCH"
"2025-04-21","Monday","daily",FALSE,0,0,NA
"2025-04-21","Monday","mini",FALSE,0,0,NA
"2025-04-21","Monday","wordle",TRUE,NA,NA,"SPATE"
"2025-04-22","Tuesday","daily",FALSE,0,0,NA
"2025-04-22","Tuesday","mini",FALSE,0,0,NA
"2025-04-22","Tuesday","wordle",FALSE,NA,NA,"ARTSY"
"2025-04-23","Wednesday","daily",FALSE,0,0,NA
"2025-04-23","Wednesday","mini",FALSE,0,0,NA
"2025-04-23","Wednesday","wordle",FALSE,NA,NA,"OZONE"
"2025-04-24","Thursday","daily",FALSE,0,0,NA
"2025-04-24","Thursday","mini",FALSE,0,0,NA
"2025-04-24","Thursday","wordle",FALSE,NA,NA,"GENIE"
"2025-04-25","Friday","daily",FALSE,0,0,NA
"2025-04-25","Friday","mini",FALSE,0,0,NA
"2025-04-25","Friday","wordle",FALSE,NA,NA,"KNOWN"
"2025-04-26","Saturday","daily",FALSE,0,0,NA
"2025-04-26","Saturday","mini",FALSE,0,0,NA
"2025-04-26","Saturday","wordle",FALSE,NA,NA,"CLASH"
"2025-04-27","Sunday","daily",FALSE,0,0,NA
"2025-04-27","Sunday","mini",FALSE,0,0,NA
"2025-04-27","Sunday","wordle",FALSE,NA,NA,"WEEDY"
"2025-04-28","Monday","daily",FALSE,0,0,NA
"2025-04-28","Monday","mini",FALSE,0,0,NA
"2025-04-28","Monday","wordle",FALSE,NA,NA,"DUMMY"
"2025-04-29","Tuesday","daily",FALSE,0,0,NA
"2025-04-29","Tuesday","mini",FALSE,0,0,NA
"2025-04-29","Tuesday","wordle",FALSE,NA,NA,"BLISS"
"2025-04-30","Wednesday","daily",FALSE,0,0,NA
"2025-04-30","Wednesday","mini",FALSE,0,0,NA
"2025-04-30","Wednesday","wordle",FALSE,NA,NA,"IDLER"
"2025-05-01","Thursday","daily",FALSE,0,0,NA
"2025-05-01","Thursday","mini",FALSE,0,0,NA
"2025-05-01","Thursday","wordle",FALSE,NA,NA,"ADEPT"
"2025-05-02","Friday","daily",FALSE,0,0,NA
"2025-05-02","Friday","mini",FALSE,0,0,NA
"2025-05-02","Friday","wordle",FALSE,NA,NA,"WHOSE"
"2025-05-03","Saturday","daily",FALSE,0,0,NA
"2025-05-03","Saturday","mini",FALSE,0,0,NA
"2025-05-03","Saturday","wordle",FALSE,NA,NA,"PATSY"
"2025-05-04","Sunday","daily",TRUE,8,0,NA
"2025-05-04","Sunday","mini",FALSE,0,0,NA
"2025-05-04","Sunday","wordle",FALSE,NA,NA,"TROUT"
"2025-05-05","Monday","daily",FALSE,0,0,NA
"2025-05-05","Monday","mini",FALSE,0,0,NA
"2025-05-05","Monday","wordle",FALSE,NA,NA,"SHUSH"
"2025-05-06","Tuesday","daily",FALSE,0,0,NA
"2025-05-06","Tuesday","mini",FALSE,0,0,NA
"2025-05-06","Tuesday","wordle",FALSE,NA,NA,"SUITE"
"2025-05-07","Wednesday","daily",FALSE,0,0,NA
"2025-05-07","Wednesday","mini",FALSE,0,0,NA
"2025-05-07","Wednesday","wordle",FALSE,NA,NA,"MACHO"
"2025-05-08","Thursday","daily",FALSE,0,0,NA
"2025-05-08","Thursday","mini",FALSE,0,0,NA
"2025-05-08","Thursday","wordle",FALSE,NA,NA,"BALMY"
"2025-05-09","Friday","daily",FALSE,0,0,NA
"2025-05-09","Friday","mini",FALSE,0,0,NA
"2025-05-09","Friday","wordle",FALSE,NA,NA,"TRIPE"
"2025-05-10","Saturday","daily",FALSE,0,0,NA
"2025-05-10","Saturday","mini",FALSE,0,0,NA
"2025-05-10","Saturday","wordle",FALSE,NA,NA,"YEAST"
"2025-05-11","Sunday","daily",FALSE,0,0,NA
"2025-05-11","Sunday","mini",FALSE,0,0,NA
"2025-05-11","Sunday","wordle",FALSE,NA,NA,"DOWEL"
"2025-05-12","Monday","daily",FALSE,0,0,NA
"2025-05-12","Monday","mini",FALSE,0,0,NA
"2025-05-12","Monday","wordle",FALSE,NA,NA,"BICEP"
"2025-05-13","Tuesday","daily",FALSE,0,0,NA
"2025-05-13","Tuesday","mini",FALSE,0,0,NA
"2025-05-13","Tuesday","wordle",TRUE,NA,NA,"AWARE"
"2025-05-14","Wednesday","daily",FALSE,0,0,NA
"2025-05-14","Wednesday","mini",FALSE,0,0,NA
"2025-05-14","Wednesday","wordle",FALSE,NA,NA,"BONGO"
"2025-05-15","Thursday","daily",TRUE,8,0,NA
"2025-05-15","Thursday","mini",FALSE,0,0,NA
"2025-05-15","Thursday","wordle",TRUE,NA,NA,"EAGER"
"2025-05-16","Friday","daily",FALSE,0,0,NA
"2025-05-16","Friday","mini",FALSE,0,0,NA
"2025-05-16","Friday","wordle",FALSE,NA,NA,"FIFTH"
"2025-05-17","Saturday","daily",FALSE,0,0,NA
"2025-05-17","Saturday","mini",FALSE,0,0,NA
"2025-05-17","Saturday","wordle",FALSE,NA,NA,"GROWN"
"2025-05-18","Sunday","daily",FALSE,0,0,NA
"2025-05-18","Sunday","mini",FALSE,0,0,NA
"2025-05-18","Sunday","wordle",FALSE,NA,NA,"LIVID"
"2025-05-19","Monday","daily",FALSE,0,0,NA
"2025-05-19","Monday","mini",FALSE,0,0,NA
"2025-05-19","Monday","wordle",FALSE,NA,NA,"PITCH"
"2025-05-20","Tuesday","daily",FALSE,0,0,NA
"2025-05-20","Tuesday","mini",FALSE,0,0,NA
"2025-05-20","Tuesday","wordle",FALSE,NA,NA,"BORNE"
"2025-05-21","Wednesday","daily",FALSE,0,0,NA
"2025-05-21","Wednesday","mini",FALSE,0,0,NA
"2025-05-21","Wednesday","wordle",FALSE,NA,NA,"ALARM"
"2025-05-22","Thursday","daily",FALSE,0,0,NA
"2025-05-22","Thursday","mini",FALSE,0,0,NA
"2025-05-22","Thursday","wordle",FALSE,NA,NA,"FOLIO"
"2025-05-23","Friday","daily",FALSE,0,0,NA
"2025-05-23","Friday","mini",FALSE,0,0,NA
"2025-05-23","Friday","wordle",FALSE,NA,NA,"SHUCK"
"2025-05-24","Saturday","daily",FALSE,0,0,NA
"2025-05-24","Saturday","mini",FALSE,0,0,NA
"2025-05-24","Saturday","wordle",FALSE,NA,NA,"SUEDE"
"2025-05-25","Sunday","daily",TRUE,6,0,NA
"2025-05-25","Sunday","mini",FALSE,0,0,NA
"2025-05-25","Sunday","wordle",FALSE,NA,NA,"GRIFT"
"2025-05-26","Monday","daily",FALSE,0,0,NA
"2025-05-26","Monday","mini",FALSE,0,0,NA
"2025-05-26","Monday","wordle",FALSE,NA,NA,"DRONE"
"2025-05-27","Tuesday","daily",FALSE,0,0,NA
"2025-05-27","Tuesday","mini",FALSE,0,0,NA
"2025-05-27","Tuesday","wordle",FALSE,NA,NA,"SPORT"
"2025-05-28","Wednesday","daily",FALSE,0,0,NA
"2025-05-28","Wednesday","mini",FALSE,0,0,NA
"2025-05-28","Wednesday","wordle",FALSE,NA,NA,"POLAR"
"2025-05-29","Thursday","daily",FALSE,0,0,NA
"2025-05-29","Thursday","mini",FALSE,0,0,NA
"2025-05-29","Thursday","wordle",FALSE,NA,NA,"QUASH"
"2025-05-30","Friday","daily",FALSE,0,0,NA
"2025-05-30","Friday","mini",FALSE,0,0,NA
"2025-05-30","Friday","wordle",FALSE,NA,NA,"IDIOM"
"2025-05-31","Saturday","daily",FALSE,0,0,NA
"2025-05-31","Saturday","mini",FALSE,0,0,NA
"2025-05-31","Saturday","wordle",FALSE,NA,NA,"HABIT"
"2025-06-01","Sunday","daily",FALSE,0,0,NA
"2025-06-01","Sunday","mini",FALSE,0,0,NA
"2025-06-01","Sunday","wordle",FALSE,NA,NA,"ROUGH"
"2025-06-02","Monday","daily",FALSE,0,0,NA
"2025-06-02","Monday","mini",FALSE,0,0,NA
"2025-06-02","Monday","wordle",FALSE,NA,NA,"PREEN"
"2025-06-03","Tuesday","daily",FALSE,0,0,NA
"2025-06-03","Tuesday","mini",FALSE,0,0,NA
"2025-06-03","Tuesday","wordle",FALSE,NA,NA,"ADMIN"
"2025-06-04","Wednesday","daily",FALSE,0,0,NA
"2025-06-04","Wednesday","mini",FALSE,0,0,NA
"2025-06-04","Wednesday","wordle",TRUE,NA,NA,"CEASE"
"2025-06-05","Thursday","daily",FALSE,0,0,NA
"2025-06-05","Thursday","mini",FALSE,0,0,NA
"2025-06-05","Thursday","wordle",FALSE,NA,NA,"DATUM"
"2025-06-06","Friday","daily",FALSE,0,0,NA
"2025-06-06","Friday","mini",FALSE,0,0,NA
"2025-06-06","Friday","wordle",FALSE,NA,NA,"EDIFY"
"2025-06-07","Saturday","daily",FALSE,0,0,NA
"2025-06-07","Saturday","mini",FALSE,0,0,NA
"2025-06-07","Saturday","wordle",FALSE,NA,NA,"REUSE"
"2025-06-08","Sunday","daily",FALSE,0,0,NA
"2025-06-08","Sunday","mini",FALSE,0,0,NA
"2025-06-08","Sunday","wordle",TRUE,NA,NA,"LEASE"
"2025-06-09","Monday","daily",FALSE,0,0,NA
"2025-06-09","Monday","mini",FALSE,0,0,NA
"2025-06-09","Monday","wordle",FALSE,NA,NA,"BOARD"
"2025-06-10","Tuesday","daily",FALSE,0,0,NA
"2025-06-10","Tuesday","mini",FALSE,0,0,NA
"2025-06-10","Tuesday","wordle",FALSE,NA,NA,"TAFFY"
"2025-06-11","Wednesday","daily",FALSE,0,0,NA
"2025-06-11","Wednesday","mini",FALSE,0,0,NA
"2025-06-11","Wednesday","wordle",FALSE,NA,NA,"PLAID"
"2025-06-12","Thursday","daily",TRUE,12,0,NA
"2025-06-12","Thursday","mini",FALSE,0,0,NA
"2025-06-12","Thursday","wordle",FALSE,NA,NA,"VIXEN"
"2025-06-13","Friday","daily",FALSE,0,0,NA
"2025-06-13","Friday","mini",FALSE,0,0,NA
"2025-06-13","Friday","wordle",FALSE,NA,NA,"BILGE"
"2025-06-14","Saturday","daily",FALSE,0,0,NA
"2025-06-14","Saturday","mini",FALSE,0,0,NA
"2025-06-14","Saturday","wordle",FALSE,NA,NA,"GHOST"
"2025-06-15","Sunday","daily",FALSE,0,0,NA
"2025-06-15","Sunday","mini",FALSE,0,0,NA
"2025-06-15","Sunday","wordle",FALSE,NA,NA,"QUAIL"
"2025-06-16","Monday","daily",FALSE,0,0,NA
"2025-06-16","Monday","mini",FALSE,0,0,NA
"2025-06-16","Monday","wordle",FALSE,NA,NA,"PETTY"
"2025-06-17","Tuesday","daily",FALSE,0,0,NA
"2025-06-17","Tuesday","mini",FALSE,0,0,NA
"2025-06-17","Tuesday","wordle",FALSE,NA,NA,"PRANK"
"2025-06-18","Wednesday","daily",FALSE,0,0,NA
"2025-06-18","Wednesday","mini",FALSE,0,0,NA
"2025-06-18","Wednesday","wordle",FALSE,NA,NA,"MUNCH"
"2025-06-19","Thursday","daily",FALSE,0,0,NA
"2025-06-19","Thursday","mini",FALSE,0,0,NA
"2025-06-19","Thursday","wordle",FALSE,NA,NA,"CURIO"
"2025-06-20","Friday","daily",FALSE,0,0,NA
"2025-06-20","Friday","mini",FALSE,0,0,NA
"2025-06-20","Friday","wordle",FALSE,NA,NA,"TAUPE"
"2025-06-21","Saturday","daily",FALSE,0,0,NA
"2025-06-21","Saturday","mini",FALSE,0,0,NA
"2025-06-21","Saturday","wordle",TRUE,NA,NA,"GLADE"
"2025-06-22","Sunday","daily",FALSE,0,0,NA
"2025-06-22","Sunday","mini",FALSE,0,0,NA
"2025-06-22","Sunday","wordle",FALSE,NA,NA,"THRUM"
"2025-06-23","Monday","daily",FALSE,0,0,NA
"2025-06-23","Monday","mini",FALSE,0,0,NA
"2025-06-23","Monday","wordle",FALSE,NA,NA,"ODDLY"
"2025-06-24","Tuesday","daily",FALSE,0,0,NA
"2025-06-24","Tuesday","mini",FALSE,0,0,NA
"2025-06-24","Tuesday","wordle",FALSE,NA,NA,"ELITE"
"2025-06-25","Wednesday","daily",TRUE,4,0,NA
"2025-06-25","Wednesday","mini",FALSE,0,0,NA
"2025-06-25","Wednesday","wordle",FALSE,NA,NA,"COMFY"
"2025-06-26","Thursday","daily",FALSE,0,0,NA
"2025-06-26","Thursday","mini",FALSE,0,0,NA
"2025-06-26","Thursday","wordle",FALSE,NA,NA,"OFFER"
"2025-06-27","Friday","daily",FALSE,0,0,NA
"2025-06-27","Friday","mini",FALSE,0,0,NA
"2025-06-27","Friday","wordle",FALSE,NA,NA,"PLAIN"
"2025-06-28","Saturday","daily",FALSE,0,0,NA
"2025-06-28","Saturday","mini",FALSE,0,0,NA
"2025-06-28","Saturday","wordle",FALSE,NA,NA,"STUMP"
"2025-06-29","Sunday","daily",FALSE,0,0,NA
"2025-06-29","Sunday","mini",FALSE,0,0,NA
"2025-06-29","Sunday","wordle",FALSE,NA,NA,"WITTY"
"2025-06-30","Monday","daily",FALSE,0,0,NA
"2025-06-30","Monday","mini",FALSE,0,0,NA
"2025-06-30","Monday","wordle",FALSE,NA,NA,"BLINK"
"2025-07-01","Tuesday","daily",FALSE,0,0,NA
"2025-07-01","Tuesday","mini",FALSE,0,0,NA
"2025-07-01","Tuesday","wordle",FALSE,NA,NA,"MOLDY"
"2025-07-02","Wednesday","daily",FALSE,0,0,NA
"2025-07-02","Wednesday","mini",FALSE,0,0,NA
"2025-07-02","Wednesday","wordle",FALSE,NA,NA,"INCUR"
"2025-07-03","Thursday","daily",FALSE,0,0,NA
"2025-07-03","Thursday","mini",FALSE,0,0,NA
"2025-07-03","Thursday","wordle",FALSE,NA,NA,"POPPY"
"2025-07-04","Friday","daily",FALSE,0,0,NA
"2025-07-04","Friday","mini",FALSE,0,0,NA
"2025-07-04","Friday","wordle",FALSE,NA,NA,"CURVE"
"2025-07-05","Saturday","daily",FALSE,0,0,NA
"2025-07-05","Saturday","mini",FALSE,0,0,NA
"2025-07-05","Saturday","wordle",TRUE,NA,NA,"BALER"
"2025-07-06","Sunday","daily",FALSE,0,0,NA
"2025-07-06","Sunday","mini",FALSE,0,0,NA
"2025-07-06","Sunday","wordle",FALSE,NA,NA,"ATRIA"
"2025-07-07","Monday","daily",FALSE,0,0,NA
"2025-07-07","Monday","mini",FALSE,0,0,NA
"2025-07-07","Monday","wordle",FALSE,NA,NA,"STILT"
"2025-07-08","Tuesday","daily",FALSE,0,0,NA
"2025-07-08","Tuesday","mini",FALSE,0,0,NA
"2025-07-08","Tuesday","wordle",FALSE,NA,NA,"DREAD"
"2025-07-09","Wednesday","daily",FALSE,0,0,NA
"2025-07-09","Wednesday","mini",FALSE,0,0,NA
"2025-07-09","Wednesday","wordle",FALSE,NA,NA,"NOVEL"
"2025-07-10","Thursday","daily",FALSE,0,0,NA
"2025-07-10","Thursday","mini",FALSE,0,0,NA
"2025-07-10","Thursday","wordle",FALSE,NA,NA,"JUMPY"
"2025-07-11","Friday","daily",FALSE,0,0,NA
"2025-07-11","Friday","mini",FALSE,0,0,NA
"2025-07-11","Friday","wordle",FALSE,NA,NA,"BRAND"
"2025-07-12","Saturday","daily",FALSE,0,0,NA
"2025-07-12","Saturday","mini",FALSE,0,0,NA
"2025-07-12","Saturday","wordle",FALSE,NA,NA,"EXILE"
"2025-07-13","Sunday","daily",FALSE,0,0,NA
"2025-07-13","Sunday","mini",FALSE,0,0,NA
"2025-07-13","Sunday","wordle",FALSE,NA,NA,"GNOME"
"2025-07-14","Monday","daily",FALSE,0,0,NA
"2025-07-14","Monday","mini",FALSE,0,0,NA
"2025-07-14","Monday","wordle",FALSE,NA,NA,"UNDID"
"2025-07-15","Tuesday","daily",FALSE,0,0,NA
"2025-07-15","Tuesday","mini",FALSE,0,0,NA
"2025-07-15","Tuesday","wordle",FALSE,NA,NA,"FOIST"
"2025-07-16","Wednesday","daily",FALSE,0,0,NA
"2025-07-16","Wednesday","mini",FALSE,0,0,NA
"2025-07-16","Wednesday","wordle",FALSE,NA,NA,"NERVY"
"2025-07-17","Thursday","daily",FALSE,0,0,NA
"2025-07-17","Thursday","mini",FALSE,0,0,NA
"2025-07-17","Thursday","wordle",FALSE,NA,NA,"MODAL"
"2025-07-18","Friday","daily",FALSE,0,0,NA
"2025-07-18","Friday","mini",FALSE,0,0,NA
"2025-07-18","Friday","wordle",FALSE,NA,NA,"LORIS"
"2025-07-19","Saturday","daily",FALSE,0,0,NA
"2025-07-19","Saturday","mini",FALSE,0,0,NA
"2025-07-19","Saturday","wordle",FALSE,NA,NA,"SWORD"
"2025-07-20","Sunday","daily",FALSE,0,0,NA
"2025-07-20","Sunday","mini",FALSE,0,0,NA
"2025-07-20","Sunday","wordle",FALSE,NA,NA,"BLANK"
"2025-07-21","Monday","daily",FALSE,0,0,NA
"2025-07-21","Monday","mini",FALSE,0,0,NA
"2025-07-21","Monday","wordle",FALSE,NA,NA,"TIZZY"
"2025-07-22","Tuesday","daily",FALSE,0,0,NA
"2025-07-22","Tuesday","mini",FALSE,0,0,NA
"2025-07-22","Tuesday","wordle",FALSE,NA,NA,"BURNT"
"2025-07-23","Wednesday","daily",FALSE,0,0,NA
"2025-07-23","Wednesday","mini",FALSE,0,0,NA
"2025-07-23","Wednesday","wordle",TRUE,NA,NA,"WATER"
"2025-07-24","Thursday","daily",FALSE,0,0,NA
"2025-07-24","Thursday","mini",FALSE,0,0,NA
"2025-07-24","Thursday","wordle",TRUE,NA,NA,"QUAKE"
"2025-07-25","Friday","daily",FALSE,0,0,NA
"2025-07-25","Friday","mini",FALSE,0,0,NA
"2025-07-25","Friday","wordle",FALSE,NA,NA,"GOFER"
"2025-07-26","Saturday","daily",FALSE,0,0,NA
"2025-07-26","Saturday","mini",FALSE,0,0,NA
"2025-07-26","Saturday","wordle",FALSE,NA,NA,"HAUNT"
"2025-07-27","Sunday","daily",FALSE,0,0,NA
"2025-07-27","Sunday","mini",FALSE,0,0,NA
"2025-07-27","Sunday","wordle",FALSE,NA,NA,"WHOLE"
"2025-07-28","Monday","daily",FALSE,0,0,NA
"2025-07-28","Monday","mini",FALSE,0,0,NA
"2025-07-28","Monday","wordle",FALSE,NA,NA,"SAVVY"
"2025-07-29","Tuesday","daily",FALSE,0,0,NA
"2025-07-29","Tuesday","mini",FALSE,0,0,NA
"2025-07-29","Tuesday","wordle",FALSE,NA,NA,"OMEGA"
"2025-07-30","Wednesday","daily",FALSE,0,0,NA
"2025-07-30","Wednesday","mini",FALSE,0,0,NA
"2025-07-30","Wednesday","wordle",FALSE,NA,NA,"ASSAY"
"2025-07-31","Thursday","daily",TRUE,10,0,NA
"2025-07-31","Thursday","mini",FALSE,0,0,NA
"2025-07-31","Thursday","wordle",FALSE,NA,NA,"FRILL"
"2025-08-01","Friday","daily",FALSE,0,0,NA
"2025-08-01","Friday","mini",FALSE,0,0,NA
"2025-08-01","Friday","wordle",FALSE,NA,NA,"BANJO"
"2025-08-02","Saturday","daily",FALSE,0,0,NA
"2025-08-02","Saturday","mini",FALSE,0,0,NA
"2025-08-02","Saturday","wordle",FALSE,NA,NA,"DAUNT"
"2025-08-03","Sunday","daily",FALSE,0,0,NA
"2025-08-03","Sunday","mini",FALSE,0,0,NA
"2025-08-03","Sunday","wordle",FALSE,NA,NA,"LUMPY"
"2025-08-04","Monday","daily",FALSE,0,0,NA
"2025-08-04","Monday","mini",FALSE,0,0,NA
"2025-08-04","Monday","wordle",FALSE,NA,NA,"RIGID"
"2025-08-05","Tuesday","daily",FALSE,0,0,NA
"2025-08-05","Tuesday","mini",FALSE,0,0,NA
"2025-08-05","Tuesday","wordle",FALSE,NA,NA,"STORK"
"2025-08-06","Wednesday","daily",FALSE,0,0,NA
"2025-08-06","Wednesday","mini",FALSE,0,0,NA
"2025-08-06","Wednesday","wordle",FALSE,NA,NA,"GROAN"
"2025-08-07","Thursday","daily",FALSE,0,0,NA
"2025-08-07","Thursday","mini",FALSE,0,0,NA
"2025-08-07","Thursday","wordle",FALSE,NA,NA,"CORAL"
"2025-08-08","Friday","daily",FALSE,0,0,NA
"2025-08-08","Friday","mini",FALSE,0,0,NA
"2025-08-08","Friday","wordle",FALSE,NA,NA,"IMBUE"
"2025-08-09","Saturday","daily",FALSE,0,0,NA
"2025-08-09","Saturday","mini",FALSE,0,0,NA
"2025-08-09","Saturday","wordle",FALSE,NA,NA,"NASAL"
"2025-08-10","Sunday","daily",TRUE,8,0,NA
"2025-08-10","Sunday","mini",FALSE,0,0,NA
"2025-08-10","Sunday","wordle",FALSE,NA,NA,"MINTY"
"2025-08-11","Monday","daily",FALSE,0,0,NA
"2025-08-11","Monday","mini",FALSE,0,0,NA
"2025-08-11","Monday","wordle",FALSE,NA,NA,"SOUTH"
"2025-08-12","Tuesday","daily",FALSE,0,0,NA
"2025-08-12","Tuesday","mini",FALSE,0,0,NA
"2025-08-12","Tuesday","wordle",FALSE,NA,NA,"NOMAD"
"2025-08-13","Wednesday","daily",FALSE,0,0,NA
"2025-08-13","Wednesday","mini",FALSE,0,0,NA
"2025-08-13","Wednesday","wordle",FALSE,NA,NA,"KEFIR"
"2025-08-14","Thursday","daily",FALSE,0,0,NA
"2025-08-14","Thursday","mini",FALSE,0,0,NA
"2025-08-14","Thursday","wordle",FALSE,NA,NA,"KNELL"
"2025-08-15","Friday","daily",FALSE,0,0,NA
"2025-08-15","Friday","mini",FALSE,0,0,NA
"2025-08-15","Friday","wordle",FALSE,NA,NA,"LEVEL"
"2025-08-16","Saturday","daily",FALSE,0,0,NA
"2025-08-16","Saturday","mini",FALSE,0,0,NA
"2025-08-16","Saturday","wordle",FALSE,NA,NA,"MATTE"
"2025-08-17","Sunday","daily",FALSE,0,0,NA
"2025-08-17","Sunday","mini",FALSE,0,0,NA
"2025-08-17","Sunday","wordle",FALSE,NA,NA,"LOUSY"
"2025-08-18","Monday","daily",FALSE,0,0,NA
"2025-08-18","Monday","mini",FALSE,0,0,NA
"2025-08-18","Monday","wordle",FALSE,NA,NA,"ISSUE"
"2025-08-19","Tuesday","daily",FALSE,0,0,NA
"2025-08-19","Tuesday","mini",FALSE,0,0,NA
"2025-08-19","Tuesday","wordle",FALSE,NA,NA,"ROWDY"
"2025-08-20","Wednesday","daily",FALSE,0,0,NA
"2025-08-20","Wednesday","mini",FALSE,0,0,NA
"2025-08-20","Wednesday","wordle",FALSE,NA,NA,"LLAMA"
"2025-08-21","Thursday","daily",FALSE,0,0,NA
"2025-08-21","Thursday","mini",FALSE,0,0,NA
"2025-08-21","Thursday","wordle",FALSE,NA,NA,"EXTOL"
"2025-08-22","Friday","daily",FALSE,0,0,NA
"2025-08-22","Friday","mini",FALSE,0,0,NA
"2025-08-22","Friday","wordle",FALSE,NA,NA,"RATTY"
"2025-08-23","Saturday","daily",FALSE,0,0,NA
"2025-08-23","Saturday","mini",FALSE,0,0,NA
"2025-08-23","Saturday","wordle",FALSE,NA,NA,"UNION"
"2025-08-24","Sunday","daily",FALSE,0,0,NA
"2025-08-24","Sunday","mini",FALSE,0,0,NA
"2025-08-24","Sunday","wordle",FALSE,NA,NA,"SPORE"
"2025-08-25","Monday","daily",FALSE,0,0,NA
"2025-08-25","Monday","mini",FALSE,0,0,NA
"2025-08-25","Monday","wordle",FALSE,NA,NA,"MIRTH"
"2025-08-26","Tuesday","daily",FALSE,0,0,NA
"2025-08-26","Tuesday","mini",FALSE,0,0,NA
"2025-08-26","Tuesday","wordle",FALSE,NA,NA,"ANNEX"
"2025-08-27","Wednesday","daily",TRUE,4,0,NA
"2025-08-27","Wednesday","mini",FALSE,0,0,NA
"2025-08-27","Wednesday","wordle",FALSE,NA,NA,"TOWER"
"2025-08-28","Thursday","daily",FALSE,0,0,NA
"2025-08-28","Thursday","mini",FALSE,0,0,NA
"2025-08-28","Thursday","wordle",FALSE,NA,NA,"SPLIT"
"2025-08-29","Friday","daily",FALSE,0,0,NA
"2025-08-29","Friday","mini",FALSE,0,0,NA
"2025-08-29","Friday","wordle",FALSE,NA,NA,"GRAFT"
"2025-08-30","Saturday","daily",FALSE,0,0,NA
"2025-08-30","Saturday","mini",FALSE,0,0,NA
"2025-08-30","Saturday","wordle",TRUE,NA,NA,"ELATE"
"2025-08-31","Sunday","daily",FALSE,0,0,NA
"2025-08-31","Sunday","mini",FALSE,0,0,NA
"2025-08-31","Sunday","wordle",FALSE,NA,NA,"PETAL"
"2025-09-01","Monday","daily",FALSE,0,0,NA
"2025-09-01","Monday","mini",FALSE,0,0,NA
"2025-09-01","Monday","wordle",FALSE,NA,NA,"LEAST"
"2025-09-02","Tuesday","daily",FALSE,0,0,NA
"2025-09-02","Tuesday","mini",FALSE,0,0,NA
"2025-09-02","Tuesday","wordle",FALSE,NA,NA,"MIGHT"
"2025-09-03","Wednesday","daily",FALSE,0,0,NA
"2025-09-03","Wednesday","mini",FALSE,0,0,NA
"2025-09-03","Wednesday","wordle",FALSE,NA,NA,"FETCH"
"2025-09-04","Thursday","daily",FALSE,0,0,NA
"2025-09-04","Thursday","mini",FALSE,0,0,NA
"2025-09-04","Thursday","wordle",FALSE,NA,NA,"BLEND"
"2025-09-05","Friday","daily",FALSE,0,0,NA
"2025-09-05","Friday","mini",FALSE,0,0,NA
"2025-09-05","Friday","wordle",FALSE,NA,NA,"DRIFT"
"2025-09-06","Saturday","daily",FALSE,0,0,NA
"2025-09-06","Saturday","mini",FALSE,0,0,NA
"2025-09-06","Saturday","wordle",FALSE,NA,NA,"BULGE"
"2025-09-07","Sunday","daily",FALSE,0,0,NA
"2025-09-07","Sunday","mini",FALSE,0,0,NA
"2025-09-07","Sunday","wordle",FALSE,NA,NA,"TENOR"
"2025-09-08","Monday","daily",FALSE,0,0,NA
"2025-09-08","Monday","mini",FALSE,0,0,NA
"2025-09-08","Monday","wordle",FALSE,NA,NA,"CHIRP"
"2025-09-09","Tuesday","daily",FALSE,0,0,NA
"2025-09-09","Tuesday","mini",FALSE,0,0,NA
"2025-09-09","Tuesday","wordle",FALSE,NA,NA,"TRICK"
"2025-09-10","Wednesday","daily",FALSE,0,0,NA
"2025-09-10","Wednesday","mini",FALSE,0,0,NA
"2025-09-10","Wednesday","wordle",FALSE,NA,NA,"POUTY"
"2025-09-11","Thursday","daily",TRUE,4,0,NA
"2025-09-11","Thursday","mini",FALSE,0,0,NA
"2025-09-11","Thursday","wordle",FALSE,NA,NA,"CHAIR"
"2025-09-12","Friday","daily",FALSE,0,0,NA
"2025-09-12","Friday","mini",FALSE,0,0,NA
"2025-09-12","Friday","wordle",FALSE,NA,NA,"THROB"
"2025-09-13","Saturday","daily",FALSE,0,0,NA
"2025-09-13","Saturday","mini",FALSE,0,0,NA
"2025-09-13","Saturday","wordle",FALSE,NA,NA,"NADIR"
"2025-09-14","Sunday","daily",FALSE,0,0,NA
"2025-09-14","Sunday","mini",FALSE,0,0,NA
"2025-09-14","Sunday","wordle",FALSE,NA,NA,"NOISY"
"2025-09-15","Monday","daily",FALSE,0,0,NA
"2025-09-15","Monday","mini",FALSE,0,0,NA
"2025-09-15","Monday","wordle",FALSE,NA,NA,"ALONG"
"2025-09-16","Tuesday","daily",FALSE,0,0,NA
"2025-09-16","Tuesday","mini",FALSE,0,0,NA
"2025-09-16","Tuesday","wordle",FALSE,NA,NA,"LEFTY"
"2025-09-17","Wednesday","daily",FALSE,0,2,NA
"2025-09-17","Wednesday","mini",FALSE,0,0,NA
"2025-09-17","Wednesday","wordle",FALSE,NA,NA,"TEETH"
"2025-09-18","Thursday","daily",FALSE,0,0,NA
"2025-09-18","Thursday","mini",FALSE,0,0,NA
"2025-09-18","Thursday","wordle",FALSE,NA,NA,"KNIFE"
"2025-09-19","Friday","daily",FALSE,0,0,NA
"2025-09-19","Friday","mini",FALSE,0,0,NA
"2025-09-19","Friday","wordle",TRUE,NA,NA,"LATER"
"2025-09-20","Saturday","daily",FALSE,0,0,NA
"2025-09-20","Saturday","mini",FALSE,0,0,NA
"2025-09-20","Saturday","wordle",FALSE,NA,NA,"DEFER"
"2025-09-21","Sunday","daily",TRUE,5,0,NA
"2025-09-21","Sunday","mini",FALSE,0,0,NA
"2025-09-21","Sunday","wordle",FALSE,NA,NA,"COVEN"
"2025-09-22","Monday","daily",FALSE,0,0,NA
"2025-09-22","Monday","mini",FALSE,0,0,NA
"2025-09-22","Monday","wordle",FALSE,NA,NA,"QUILL"
"2025-09-23","Tuesday","daily",FALSE,0,0,NA
"2025-09-23","Tuesday","mini",FALSE,0,0,NA
"2025-09-23","Tuesday","wordle",FALSE,NA,NA,"MOUTH"
"2025-09-24","Wednesday","daily",FALSE,0,0,NA
"2025-09-24","Wednesday","mini",FALSE,0,0,NA
"2025-09-24","Wednesday","wordle",FALSE,NA,NA,"BLUNT"
"2025-09-25","Thursday","daily",FALSE,0,0,NA
"2025-09-25","Thursday","mini",FALSE,0,0,NA
"2025-09-25","Thursday","wordle",TRUE,NA,NA,"DRAPE"
"2025-09-26","Friday","daily",FALSE,0,0,NA
"2025-09-26","Friday","mini",FALSE,0,0,NA
"2025-09-26","Friday","wordle",FALSE,NA,NA,"DALLY"
"2025-09-27","Saturday","daily",FALSE,0,0,NA
"2025-09-27","Saturday","mini",FALSE,0,0,NA
"2025-09-27","Saturday","wordle",FALSE,NA,NA,"FRITZ"
"2025-09-28","Sunday","daily",FALSE,0,0,NA
"2025-09-28","Sunday","mini",FALSE,0,0,NA
"2025-09-28","Sunday","wordle",FALSE,NA,NA,"GOOEY"
"2025-09-29","Monday","daily",FALSE,0,0,NA
"2025-09-29","Monday","mini",FALSE,0,0,NA
"2025-09-29","Monday","wordle",FALSE,NA,NA,"CIVIL"
"2025-09-30","Tuesday","daily",FALSE,0,0,NA
"2025-09-30","Tuesday","mini",FALSE,0,0,NA
"2025-09-30","Tuesday","wordle",FALSE,NA,NA,"GEESE"
"2025-10-01","Wednesday","daily",FALSE,0,0,NA
"2025-10-01","Wednesday","mini",FALSE,0,0,NA
"2025-10-01","Wednesday","wordle",FALSE,NA,NA,"SPOIL"
"2025-10-02","Thursday","daily",TRUE,6,0,NA
"2025-10-02","Thursday","mini",FALSE,0,0,NA
"2025-10-02","Thursday","wordle",FALSE,NA,NA,"WIDTH"
"2025-10-03","Friday","daily",FALSE,0,0,NA
"2025-10-03","Friday","mini",FALSE,0,0,NA
"2025-10-03","Friday","wordle",FALSE,NA,NA,"SPASM"
"2025-10-04","Saturday","daily",FALSE,0,0,NA
"2025-10-04","Saturday","mini",FALSE,0,0,NA
"2025-10-04","Saturday","wordle",FALSE,NA,NA,"RELAY"
"2025-10-05","Sunday","daily",FALSE,0,0,NA
"2025-10-05","Sunday","mini",FALSE,0,0,NA
"2025-10-05","Sunday","wordle",TRUE,NA,NA,"PLANE"
"2025-10-06","Monday","daily",FALSE,0,0,NA
"2025-10-06","Monday","mini",FALSE,0,0,NA
"2025-10-06","Monday","wordle",FALSE,NA,NA,"AMUSE"
"2025-10-07","Tuesday","daily",FALSE,0,0,NA
"2025-10-07","Tuesday","mini",FALSE,0,0,NA
"2025-10-07","Tuesday","wordle",FALSE,NA,NA,"NYLON"
"2025-10-08","Wednesday","daily",FALSE,0,0,NA
"2025-10-08","Wednesday","mini",FALSE,0,0,NA
"2025-10-08","Wednesday","wordle",FALSE,NA,NA,"ANNOY"
"2025-10-09","Thursday","daily",FALSE,0,0,NA
"2025-10-09","Thursday","mini",FALSE,0,0,NA
"2025-10-09","Thursday","wordle",FALSE,NA,NA,"HARDY"
"2025-10-10","Friday","daily",FALSE,0,0,NA
"2025-10-10","Friday","mini",FALSE,0,0,NA
"2025-10-10","Friday","wordle",FALSE,NA,NA,"LEVER"
"2025-10-11","Saturday","daily",FALSE,0,0,NA
"2025-10-11","Saturday","mini",FALSE,0,0,NA
"2025-10-11","Saturday","wordle",FALSE,NA,NA,"STACK"
"2025-10-12","Sunday","daily",FALSE,0,0,NA
"2025-10-12","Sunday","mini",FALSE,0,0,NA
"2025-10-12","Sunday","wordle",FALSE,NA,NA,"WOUND"
"2025-10-13","Monday","daily",FALSE,0,0,NA
"2025-10-13","Monday","mini",FALSE,0,0,NA
"2025-10-13","Monday","wordle",FALSE,NA,NA,"BEARD"
"2025-10-14","Tuesday","daily",FALSE,0,0,NA
"2025-10-14","Tuesday","mini",FALSE,0,0,NA
"2025-10-14","Tuesday","wordle",FALSE,NA,NA,"FORUM"
"2025-10-15","Wednesday","daily",FALSE,0,0,NA
"2025-10-15","Wednesday","mini",FALSE,0,0,NA
"2025-10-15","Wednesday","wordle",FALSE,NA,NA,"SPOOF"
"2025-10-16","Thursday","daily",FALSE,0,0,NA
"2025-10-16","Thursday","mini",FALSE,0,0,NA
"2025-10-16","Thursday","wordle",FALSE,NA,NA,"CATTY"
"2025-10-17","Friday","daily",FALSE,0,0,NA
"2025-10-17","Friday","mini",FALSE,0,0,NA
"2025-10-17","Friday","wordle",FALSE,NA,NA,"GROSS"
"2025-10-18","Saturday","daily",FALSE,0,0,NA
"2025-10-18","Saturday","mini",FALSE,0,0,NA
"2025-10-18","Saturday","wordle",TRUE,NA,NA,"HAVEN"
"2025-10-19","Sunday","daily",FALSE,0,0,NA
"2025-10-19","Sunday","mini",FALSE,0,0,NA
"2025-10-19","Sunday","wordle",FALSE,NA,NA,"IDEAL"
"2025-10-20","Monday","daily",FALSE,0,0,NA
"2025-10-20","Monday","mini",FALSE,0,0,NA
"2025-10-20","Monday","wordle",FALSE,NA,NA,"LIMBO"
"2025-10-21","Tuesday","daily",FALSE,0,0,NA
"2025-10-21","Tuesday","mini",FALSE,0,0,NA
"2025-10-21","Tuesday","wordle",FALSE,NA,NA,"DETOX"
"2025-10-22","Wednesday","daily",FALSE,0,0,NA
"2025-10-22","Wednesday","mini",FALSE,0,0,NA
"2025-10-22","Wednesday","wordle",FALSE,NA,NA,"STUNT"
"2025-10-23","Thursday","daily",TRUE,3,0,NA
"2025-10-23","Thursday","mini",FALSE,0,0,NA
"2025-10-23","Thursday","wordle",FALSE,NA,NA,"DRILL"
"2025-10-24","Friday","daily",FALSE,0,0,NA
"2025-10-24","Friday","mini",FALSE,0,0,NA
"2025-10-24","Friday","wordle",FALSE,NA,NA,"TUBER"
"2025-10-25","Saturday","daily",FALSE,0,0,NA
"2025-10-25","Saturday","mini",FALSE,0,0,NA
"2025-10-25","Saturday","wordle",FALSE,NA,NA,"GAUGE"
"2025-10-26","Sunday","daily",FALSE,0,0,NA
"2025-10-26","Sunday","mini",FALSE,0,0,NA
"2025-10-26","Sunday","wordle",FALSE,NA,NA,"PLUMP"
"2025-10-27","Monday","daily",FALSE,0,0,NA
"2025-10-27","Monday","mini",FALSE,0,0,NA
"2025-10-27","Monday","wordle",FALSE,NA,NA,"FETID"
"2025-10-28","Tuesday","daily",FALSE,0,0,NA
"2025-10-28","Tuesday","mini",FALSE,0,0,NA
"2025-10-28","Tuesday","wordle",FALSE,NA,NA,"HOLLY"
"2025-10-29","Wednesday","daily",FALSE,0,0,NA
"2025-10-29","Wednesday","mini",FALSE,0,0,NA
"2025-10-29","Wednesday","wordle",TRUE,NA,NA,"GLARE"
"2025-10-30","Thursday","daily",FALSE,0,0,NA
"2025-10-30","Thursday","mini",FALSE,0,0,NA
"2025-10-30","Thursday","wordle",FALSE,NA,NA,"LATHE"
"2025-10-31","Friday","daily",FALSE,0,0,NA
"2025-10-31","Friday","mini",FALSE,0,0,NA
"2025-10-31","Friday","wordle",FALSE,NA,NA,"ABHOR"
"2025-11-01","Saturday","daily",FALSE,0,0,NA
"2025-11-01","Saturday","mini",FALSE,0,0,NA
"2025-11-01","Saturday","wordle",FALSE,NA,NA,"MOTEL"
"2025-11-02","Sunday","daily",FALSE,0,0,NA
"2025-11-02","Sunday","mini",FALSE,0,0,NA
"2025-11-02","Sunday","wordle",FALSE,NA,NA,"RABID"
"2025-11-03","Monday","daily",FALSE,0,0,NA
"2025-11-03","Monday","mini",FALSE,0,0,NA
"2025-11-03","Monday","wordle",FALSE,NA,NA,"AWOKE"
"2025-11-04","Tuesday","daily",FALSE,0,0,NA
"2025-11-04","Tuesday","mini",FALSE,0,0,NA
"2025-11-04","Tuesday","wordle",FALSE,NA,NA,"VENUE"
"2025-11-05","Wednesday","daily",FALSE,0,0,NA
"2025-11-05","Wednesday","mini",FALSE,0,0,NA
"2025-11-05","Wednesday","wordle",FALSE,NA,NA,"SHORT"
"2025-11-06","Thursday","daily",FALSE,0,0,NA
"2025-11-06","Thursday","mini",FALSE,0,0,NA
"2025-11-06","Thursday","wordle",FALSE,NA,NA,"GUISE"
"2025-11-07","Friday","daily",FALSE,0,0,NA
"2025-11-07","Friday","mini",FALSE,0,0,NA
"2025-11-07","Friday","wordle",FALSE,NA,NA,"PERIL"
"2025-11-08","Saturday","daily",FALSE,0,0,NA
"2025-11-08","Saturday","mini",FALSE,0,0,NA
"2025-11-08","Saturday","wordle",FALSE,NA,NA,"ARISE"
"2025-11-09","Sunday","daily",TRUE,4,0,NA
"2025-11-09","Sunday","mini",FALSE,0,0,NA
"2025-11-09","Sunday","wordle",FALSE,NA,NA,"FUGUE"
"2025-11-10","Monday","daily",FALSE,0,0,NA
"2025-11-10","Monday","mini",FALSE,0,0,NA
"2025-11-10","Monday","wordle",FALSE,NA,NA,"TABBY"
"2025-11-11","Tuesday","daily",FALSE,0,0,NA
"2025-11-11","Tuesday","mini",FALSE,0,0,NA
"2025-11-11","Tuesday","wordle",FALSE,NA,NA,"GIZMO"
"2025-11-12","Wednesday","daily",TRUE,1,0,NA
"2025-11-12","Wednesday","mini",FALSE,0,0,NA
"2025-11-12","Wednesday","wordle",FALSE,NA,NA,"DEUCE"
"2025-11-13","Thursday","daily",FALSE,0,0,NA
"2025-11-13","Thursday","mini",FALSE,0,0,NA
"2025-11-13","Thursday","wordle",FALSE,NA,NA,"TINGE"
"2025-11-14","Friday","daily",FALSE,0,0,NA
"2025-11-14","Friday","mini",FALSE,0,0,NA
"2025-11-14","Friday","wordle",FALSE,NA,NA,"LURID"
"2025-11-15","Saturday","daily",FALSE,0,0,NA
"2025-11-15","Saturday","mini",FALSE,0,0,NA
"2025-11-15","Saturday","wordle",FALSE,NA,NA,"CLUNG"
"2025-11-16","Sunday","daily",FALSE,0,0,NA
"2025-11-16","Sunday","mini",FALSE,0,0,NA
"2025-11-16","Sunday","wordle",FALSE,NA,NA,"WIELD"
"2025-11-17","Monday","daily",FALSE,0,0,NA
"2025-11-17","Monday","mini",FALSE,0,0,NA
"2025-11-17","Monday","wordle",FALSE,NA,NA,"CLAMP"
"2025-11-18","Tuesday","daily",FALSE,0,0,NA
"2025-11-18","Tuesday","mini",FALSE,0,0,NA
"2025-11-18","Tuesday","wordle",FALSE,NA,NA,"OPINE"
"2025-11-19","Wednesday","daily",FALSE,0,0,NA
"2025-11-19","Wednesday","mini",FALSE,0,0,NA
"2025-11-19","Wednesday","wordle",TRUE,NA,NA,"MAKER"
"2025-11-20","Thursday","daily",FALSE,0,0,NA
"2025-11-20","Thursday","mini",FALSE,0,0,NA
"2025-11-20","Thursday","wordle",TRUE,NA,NA,"GRAVE"
"2025-11-21","Friday","daily",FALSE,0,0,NA
"2025-11-21","Friday","mini",FALSE,0,0,NA
"2025-11-21","Friday","wordle",FALSE,NA,NA,"VOWEL"
"2025-11-22","Saturday","daily",FALSE,0,0,NA
"2025-11-22","Saturday","mini",FALSE,0,0,NA
"2025-11-22","Saturday","wordle",FALSE,NA,NA,"THICK"
"2025-11-23","Sunday","daily",FALSE,0,0,NA
"2025-11-23","Sunday","mini",FALSE,0,0,NA
"2025-11-23","Sunday","wordle",FALSE,NA,NA,"BUNNY"
"2025-11-24","Monday","daily",FALSE,0,0,NA
"2025-11-24","Monday","mini",FALSE,0,0,NA
"2025-11-24","Monday","wordle",FALSE,NA,NA,"DOUGH"
"2025-11-25","Tuesday","daily",FALSE,0,0,NA
"2025-11-25","Tuesday","mini",FALSE,0,0,NA
"2025-11-25","Tuesday","wordle",FALSE,NA,NA,"PLEAD"
"2025-11-26","Wednesday","daily",FALSE,0,0,NA
"2025-11-26","Wednesday","mini",FALSE,0,0,NA
"2025-11-26","Wednesday","wordle",FALSE,NA,NA,"HOVEL"
"2025-11-27","Thursday","daily",TRUE,3,0,NA
"2025-11-27","Thursday","mini",FALSE,0,0,NA
"2025-11-27","Thursday","wordle",FALSE,NA,NA,"REMIT"
"2025-11-28","Friday","daily",FALSE,0,0,NA
"2025-11-28","Friday","mini",FALSE,0,0,NA
"2025-11-28","Friday","wordle",FALSE,NA,NA,"COLIC"
"2025-11-29","Saturday","daily",FALSE,0,0,NA
"2025-11-29","Saturday","mini",FALSE,0,0,NA
"2025-11-29","Saturday","wordle",FALSE,NA,NA,"GRUFF"
"2025-11-30","Sunday","daily",FALSE,0,0,NA
"2025-11-30","Sunday","mini",FALSE,0,0,NA
"2025-11-30","Sunday","wordle",FALSE,NA,NA,"MUGGY"
"2025-12-01","Monday","daily",FALSE,0,0,NA
"2025-12-01","Monday","mini",FALSE,0,0,NA
"2025-12-01","Monday","wordle",FALSE,NA,NA,"LEACH"
"2025-12-02","Tuesday","daily",FALSE,0,0,NA
"2025-12-02","Tuesday","mini",FALSE,0,0,NA
"2025-12-02","Tuesday","wordle",FALSE,NA,NA,"CACTI"
"2025-12-03","Wednesday","daily",FALSE,0,0,NA
"2025-12-03","Wednesday","mini",FALSE,0,0,NA
"2025-12-03","Wednesday","wordle",FALSE,NA,NA,"HASTE"
"2025-12-04","Thursday","daily",FALSE,0,0,NA
"2025-12-04","Thursday","mini",FALSE,0,0,NA
"2025-12-04","Thursday","wordle",FALSE,NA,NA,"TULIP"
"2025-12-05","Friday","daily",FALSE,0,0,NA
"2025-12-05","Friday","mini",FALSE,0,0,NA
"2025-12-05","Friday","wordle",FALSE,NA,NA,"AMONG"
"2025-12-06","Saturday","daily",FALSE,0,0,NA
"2025-12-06","Saturday","mini",FALSE,0,0,NA
"2025-12-06","Saturday","wordle",FALSE,NA,NA,"WAIST"
"2025-12-07","Sunday","daily",FALSE,0,0,NA
"2025-12-07","Sunday","mini",FALSE,0,0,NA
"2025-12-07","Sunday","wordle",FALSE,NA,NA,"FLUTE"
"2025-12-08","Monday","daily",FALSE,0,0,NA
"2025-12-08","Monday","mini",FALSE,0,0,NA
"2025-12-08","Monday","wordle",FALSE,NA,NA,"GRAVY"
"2025-12-09","Tuesday","daily",FALSE,0,0,NA
"2025-12-09","Tuesday","mini",FALSE,0,0,NA
"2025-12-09","Tuesday","wordle",FALSE,NA,NA,"SNIDE"
"2025-12-10","Wednesday","daily",FALSE,0,0,NA
"2025-12-10","Wednesday","mini",FALSE,0,0,NA
"2025-12-10","Wednesday","wordle",TRUE,NA,NA,"ERASE"
"2025-12-11","Thursday","daily",FALSE,0,0,NA
"2025-12-11","Thursday","mini",FALSE,0,0,NA
"2025-12-11","Thursday","wordle",FALSE,NA,NA,"GUESS"
"2025-12-12","Friday","daily",FALSE,0,0,NA
"2025-12-12","Friday","mini",FALSE,0,0,NA
"2025-12-12","Friday","wordle",FALSE,NA,NA,"TRUCK"
"2025-12-13","Saturday","daily",FALSE,0,0,NA
"2025-12-13","Saturday","mini",FALSE,0,0,NA
"2025-12-13","Saturday","wordle",FALSE,NA,NA,"MISER"
"2025-12-14","Sunday","daily",FALSE,0,0,NA
"2025-12-14","Sunday","mini",FALSE,0,0,NA
"2025-12-14","Sunday","wordle",FALSE,NA,NA,"SWING"
"2025-12-15","Monday","daily",FALSE,0,0,NA
"2025-12-15","Monday","mini",FALSE,0,0,NA
"2025-12-15","Monday","wordle",FALSE,NA,NA,"DODGY"
"2025-12-16","Tuesday","daily",FALSE,0,0,NA
"2025-12-16","Tuesday","mini",FALSE,0,0,NA
"2025-12-16","Tuesday","wordle",FALSE,NA,NA,"SEGUE"
"2025-12-17","Wednesday","daily",FALSE,0,0,NA
"2025-12-17","Wednesday","mini",FALSE,0,0,NA
"2025-12-17","Wednesday","wordle",FALSE,NA,NA,"GRASS"
"2025-12-18","Thursday","daily",FALSE,0,0,NA
"2025-12-18","Thursday","mini",FALSE,0,0,NA
"2025-12-18","Thursday","wordle",FALSE,NA,NA,"RUGBY"
"2025-12-19","Friday","daily",FALSE,0,0,NA
"2025-12-19","Friday","mini",FALSE,0,0,NA
"2025-12-19","Friday","wordle",FALSE,NA,NA,"MYRRH"
"2025-12-20","Saturday","daily",FALSE,0,0,NA
"2025-12-20","Saturday","mini",FALSE,0,0,NA
"2025-12-20","Saturday","wordle",FALSE,NA,NA,"WHITE"
"2025-12-21","Sunday","daily",TRUE,6,0,NA
"2025-12-21","Sunday","mini",FALSE,0,0,NA
"2025-12-21","Sunday","wordle",FALSE,NA,NA,"QUILT"
"2025-12-22","Monday","daily",FALSE,0,0,NA
"2025-12-22","Monday","mini",FALSE,0,0,NA
"2025-12-22","Monday","wordle",FALSE,NA,NA,"CONCH"
"2025-12-23","Tuesday","daily",FALSE,0,0,NA
"2025-12-23","Tuesday","mini",FALSE,0,0,NA
"2025-12-23","Tuesday","wordle",FALSE,NA,NA,"GLINT"
"2025-12-24","Wednesday","daily",FALSE,0,0,NA
"2025-12-24","Wednesday","mini",FALSE,0,0,NA
"2025-12-24","Wednesday","wordle",FALSE,NA,NA,"SPOOL"
"2025-12-25","Thursday","daily",FALSE,0,0,NA
"2025-12-25","Thursday","mini",FALSE,0,0,NA
"2025-12-25","Thursday","wordle",FALSE,NA,NA,"PRISM"
"2025-12-26","Friday","daily",FALSE,0,0,NA
"2025-12-26","Friday","mini",FALSE,0,0,NA
"2025-12-26","Friday","wordle",FALSE,NA,NA,"SPEED"
"2025-12-27","Saturday","daily",FALSE,0,0,NA
"2025-12-27","Saturday","mini",FALSE,0,0,NA
"2025-12-27","Saturday","wordle",FALSE,NA,NA,"BATCH"
"2025-12-28","Sunday","daily",FALSE,0,0,NA
"2025-12-28","Sunday","mini",FALSE,0,0,NA
"2025-12-28","Sunday","wordle",FALSE,NA,NA,"ABBOT"
"2025-12-29","Monday","daily",FALSE,0,0,NA
"2025-12-29","Monday","mini",FALSE,0,0,NA
"2025-12-29","Monday","wordle",FALSE,NA,NA,"FRUIT"
"2025-12-30","Tuesday","daily",FALSE,0,0,NA
"2025-12-30","Tuesday","mini",FALSE,0,0,NA
"2025-12-30","Tuesday","wordle",FALSE,NA,NA,"DECOR"
"2025-12-31","Wednesday","daily",FALSE,0,0,NA
"2025-12-31","Wednesday","mini",FALSE,0,0,NA
"2025-12-31","Wednesday","wordle",FALSE,NA,NA,"SIREN"
"2026-01-01","Thursday","daily",TRUE,3,0,NA
"2026-01-01","Thursday","mini",FALSE,0,0,NA
"2026-01-01","Thursday","wordle",FALSE,NA,NA,"FABLE"
"2026-01-02","Friday","daily",FALSE,0,0,NA
"2026-01-02","Friday","mini",FALSE,0,0,NA
"2026-01-02","Friday","wordle",FALSE,NA,NA,"PROOF"
"2026-01-03","Saturday","daily",FALSE,0,0,NA
"2026-01-03","Saturday","mini",FALSE,0,0,NA
"2026-01-03","Saturday","wordle",FALSE,NA,NA,"SITAR"
"2026-01-04","Sunday","daily",FALSE,0,0,NA
"2026-01-04","Sunday","mini",FALSE,0,0,NA
"2026-01-04","Sunday","wordle",FALSE,NA,NA,"POSSE"
"2026-01-05","Monday","daily",FALSE,0,0,NA
"2026-01-05","Monday","mini",FALSE,0,0,NA
"2026-01-05","Monday","wordle",FALSE,NA,NA,"FILLY"
"2026-01-06","Tuesday","daily",FALSE,0,0,NA
"2026-01-06","Tuesday","mini",FALSE,0,0,NA
"2026-01-06","Tuesday","wordle",FALSE,NA,NA,"OOMPH"
"2026-01-07","Wednesday","daily",FALSE,0,0,NA
"2026-01-07","Wednesday","mini",FALSE,0,0,NA
"2026-01-07","Wednesday","wordle",FALSE,NA,NA,"PECAN"
"2026-01-08","Thursday","daily",FALSE,0,0,NA
"2026-01-08","Thursday","mini",FALSE,0,0,NA
"2026-01-08","Thursday","wordle",FALSE,NA,NA,"BLAST"
"2026-01-09","Friday","daily",FALSE,0,0,NA
"2026-01-09","Friday","mini",FALSE,0,0,NA
"2026-01-09","Friday","wordle",FALSE,NA,NA,"EIGHT"
"2026-01-10","Saturday","daily",FALSE,0,0,NA
"2026-01-10","Saturday","mini",FALSE,0,0,NA
"2026-01-10","Saturday","wordle",FALSE,NA,NA,"MANIC"
"2026-01-11","Sunday","daily",FALSE,0,8,NA
"2026-01-11","Sunday","mini",FALSE,0,0,NA
"2026-01-11","Sunday","wordle",FALSE,NA,NA,"QUARK"
"2026-01-12","Monday","daily",FALSE,0,0,NA
"2026-01-12","Monday","mini",FALSE,0,0,NA
"2026-01-12","Monday","wordle",FALSE,NA,NA,"TRIAL"
"2026-01-13","Tuesday","daily",FALSE,0,0,NA
"2026-01-13","Tuesday","mini",FALSE,0,0,NA
"2026-01-13","Tuesday","wordle",FALSE,NA,NA,"GUMBO"
"2026-01-14","Wednesday","daily",FALSE,0,0,NA
"2026-01-14","Wednesday","mini",FALSE,0,0,NA
"2026-01-14","Wednesday","wordle",FALSE,NA,NA,"AVOID"
"2026-01-15","Thursday","daily",FALSE,0,0,NA
"2026-01-15","Thursday","mini",FALSE,0,0,NA
"2026-01-15","Thursday","wordle",FALSE,NA,NA,"CHASM"
"2026-01-16","Friday","daily",FALSE,0,0,NA
"2026-01-16","Friday","mini",FALSE,0,0,NA
"2026-01-16","Friday","wordle",TRUE,NA,NA,"RACER"
"2026-01-17","Saturday","daily",FALSE,0,0,NA
"2026-01-17","Saturday","mini",FALSE,0,0,NA
"2026-01-17","Saturday","wordle",FALSE,NA,NA,"FIERY"
"2026-01-18","Sunday","daily",FALSE,0,0,NA
"2026-01-18","Sunday","mini",FALSE,0,0,NA
"2026-01-18","Sunday","wordle",FALSE,NA,NA,"SUMAC"
"2026-01-19","Monday","daily",FALSE,0,0,NA
"2026-01-19","Monday","mini",FALSE,0,0,NA
"2026-01-19","Monday","wordle",TRUE,NA,NA,"WAXEN"
"2026-01-20","Tuesday","daily",FALSE,0,0,NA
"2026-01-20","Tuesday","mini",FALSE,0,0,NA
"2026-01-20","Tuesday","wordle",FALSE,NA,NA,"SULLY"
"2026-01-21","Wednesday","daily",FALSE,0,0,NA
"2026-01-21","Wednesday","mini",FALSE,0,0,NA
"2026-01-21","Wednesday","wordle",FALSE,NA,NA,"CUBIC"
"2026-01-22","Thursday","daily",FALSE,0,0,NA
"2026-01-22","Thursday","mini",FALSE,0,0,NA
"2026-01-22","Thursday","wordle",FALSE,NA,NA,"CLINK"
"2026-01-23","Friday","daily",FALSE,0,0,NA
"2026-01-23","Friday","mini",FALSE,0,0,NA
"2026-01-23","Friday","wordle",FALSE,NA,NA,"BARON"
"2026-01-24","Saturday","daily",FALSE,0,0,NA
"2026-01-24","Saturday","mini",FALSE,0,0,NA
"2026-01-24","Saturday","wordle",FALSE,NA,NA,"CLIFF"
"2026-01-25","Sunday","daily",FALSE,0,0,NA
"2026-01-25","Sunday","mini",FALSE,0,0,NA
"2026-01-25","Sunday","wordle",FALSE,NA,NA,"STRUT"
"2026-01-26","Monday","daily",FALSE,0,0,NA
"2026-01-26","Monday","mini",FALSE,0,0,NA
"2026-01-26","Monday","wordle",FALSE,NA,NA,"FREAK"
"2026-01-27","Tuesday","daily",FALSE,0,0,NA
"2026-01-27","Tuesday","mini",FALSE,0,0,NA
"2026-01-27","Tuesday","wordle",FALSE,NA,NA,"DUSKY"
"2026-01-28","Wednesday","daily",FALSE,0,0,NA
"2026-01-28","Wednesday","mini",FALSE,0,0,NA
"2026-01-28","Wednesday","wordle",FALSE,NA,NA,"CRUEL"
"2026-01-29","Thursday","daily",FALSE,0,0,NA
"2026-01-29","Thursday","mini",FALSE,0,0,NA
"2026-01-29","Thursday","wordle",FALSE,NA,NA,"FLAKY"
"2026-01-30","Friday","daily",FALSE,0,0,NA
"2026-01-30","Friday","mini",FALSE,0,0,NA
"2026-01-30","Friday","wordle",FALSE,NA,NA,"JUMBO"
"2026-01-31","Saturday","daily",FALSE,0,0,NA
"2026-01-31","Saturday","mini",FALSE,0,0,NA
"2026-01-31","Saturday","wordle",FALSE,NA,NA,"ALLOT"
"2026-02-01","Sunday","daily",FALSE,0,0,NA
"2026-02-01","Sunday","mini",FALSE,0,0,NA
"2026-02-01","Sunday","wordle",FALSE,NA,NA,"SPINY"
"2026-02-02","Monday","daily",FALSE,0,0,NA
"2026-02-02","Monday","mini",FALSE,0,0,NA
"2026-02-02","Monday","wordle",FALSE,NA,NA,"CIGAR"
"2026-02-03","Tuesday","daily",FALSE,0,0,NA
"2026-02-03","Tuesday","mini",FALSE,0,0,NA
"2026-02-03","Tuesday","wordle",FALSE,NA,NA,"WEIGH"
"2026-02-04","Wednesday","daily",FALSE,0,0,NA
"2026-02-04","Wednesday","mini",FALSE,0,0,NA
"2026-02-04","Wednesday","wordle",FALSE,NA,NA,"CHIDE"
"2026-02-05","Thursday","daily",FALSE,0,0,NA
"2026-02-05","Thursday","mini",FALSE,0,0,NA
"2026-02-05","Thursday","wordle",FALSE,NA,NA,"SWOOP"
"2026-02-06","Friday","daily",FALSE,0,0,NA
"2026-02-06","Friday","mini",FALSE,0,0,NA
"2026-02-06","Friday","wordle",TRUE,NA,NA,"GAVEL"
"2026-02-07","Saturday","daily",FALSE,0,0,NA
"2026-02-07","Saturday","mini",FALSE,0,0,NA
"2026-02-07","Saturday","wordle",FALSE,NA,NA,"BLEAT"
"2026-02-08","Sunday","daily",FALSE,0,0,NA
"2026-02-08","Sunday","mini",FALSE,0,0,NA
"2026-02-08","Sunday","wordle",FALSE,NA,NA,"EMBED"
"2026-02-09","Monday","daily",FALSE,0,0,NA
"2026-02-09","Monday","mini",FALSE,0,0,NA
"2026-02-09","Monday","wordle",FALSE,NA,NA,"CELLO"
"2026-02-10","Tuesday","daily",FALSE,0,0,NA
"2026-02-10","Tuesday","mini",FALSE,0,0,NA
"2026-02-10","Tuesday","wordle",FALSE,NA,NA,"SCENE"
"2026-02-11","Wednesday","daily",FALSE,0,0,NA
"2026-02-11","Wednesday","mini",FALSE,0,0,NA
"2026-02-11","Wednesday","wordle",FALSE,NA,NA,"VEGAN"
"2026-02-12","Thursday","daily",FALSE,0,0,NA
"2026-02-12","Thursday","mini",FALSE,0,0,NA
"2026-02-12","Thursday","wordle",FALSE,NA,NA,"SURGE"
"2026-02-13","Friday","daily",FALSE,0,0,NA
"2026-02-13","Friday","mini",FALSE,0,0,NA
"2026-02-13","Friday","wordle",FALSE,NA,NA,"MOOCH"
"2026-02-14","Saturday","daily",FALSE,0,0,NA
"2026-02-14","Saturday","mini",FALSE,0,0,NA
"2026-02-14","Saturday","wordle",FALSE,NA,NA,"BLOOM"
"2026-02-15","Sunday","daily",FALSE,0,0,NA
"2026-02-15","Sunday","mini",FALSE,0,0,NA
"2026-02-15","Sunday","wordle",FALSE,NA,NA,"SKULL"
"2026-02-16","Monday","daily",FALSE,0,0,NA
"2026-02-16","Monday","mini",FALSE,0,0,NA
"2026-02-16","Monday","wordle",FALSE,NA,NA,"ROOST"
"2026-02-17","Tuesday","daily",FALSE,0,0,NA
"2026-02-17","Tuesday","mini",FALSE,0,0,NA
"2026-02-17","Tuesday","wordle",FALSE,NA,NA,"SQUAD"
"2026-02-18","Wednesday","daily",FALSE,0,0,NA
"2026-02-18","Wednesday","mini",FALSE,0,0,NA
"2026-02-18","Wednesday","wordle",FALSE,NA,NA,"MOGUL"
"2026-02-19","Thursday","daily",TRUE,3,0,NA
"2026-02-19","Thursday","mini",FALSE,0,0,NA
"2026-02-19","Thursday","wordle",FALSE,NA,NA,"HOIST"
"2026-02-20","Friday","daily",FALSE,0,0,NA
"2026-02-20","Friday","mini",FALSE,0,0,NA
"2026-02-20","Friday","wordle",FALSE,NA,NA,"STANK"
"2026-02-21","Saturday","daily",FALSE,0,0,NA
"2026-02-21","Saturday","mini",FALSE,0,0,NA
"2026-02-21","Saturday","wordle",TRUE,NA,NA,"AWAKE"
"2026-02-22","Sunday","daily",FALSE,0,0,NA
"2026-02-22","Sunday","mini",FALSE,0,0,NA
"2026-02-22","Sunday","wordle",FALSE,NA,NA,"GUAVA"
"2026-02-23","Monday","daily",FALSE,0,0,NA
"2026-02-23","Monday","mini",FALSE,0,0,NA
"2026-02-23","Monday","wordle",FALSE,NA,NA,"ATTIC"
"2026-02-24","Tuesday","daily",FALSE,0,0,NA
"2026-02-24","Tuesday","mini",FALSE,0,0,NA
"2026-02-24","Tuesday","wordle",FALSE,NA,NA,"BUYER"
"2026-02-25","Wednesday","daily",FALSE,0,3,NA
"2026-02-25","Wednesday","midi",FALSE,0,0,NA
"2026-02-25","Wednesday","mini",FALSE,0,0,NA
"2026-02-25","Wednesday","wordle",FALSE,NA,NA,"SHRED"
"2026-02-26","Thursday","daily",FALSE,0,0,NA
"2026-02-26","Thursday","midi",FALSE,0,0,NA
"2026-02-26","Thursday","mini",FALSE,0,0,NA
"2026-02-26","Thursday","wordle",FALSE,NA,NA,"LANCE"
"2026-02-27","Friday","daily",FALSE,0,0,NA
"2026-02-27","Friday","midi",FALSE,0,0,NA
"2026-02-27","Friday","mini",FALSE,0,0,NA
"2026-02-27","Friday","wordle",FALSE,NA,NA,"DIZZY"
"2026-02-28","Saturday","daily",FALSE,0,0,NA
"2026-02-28","Saturday","midi",FALSE,0,0,NA
"2026-02-28","Saturday","mini",FALSE,0,0,NA
"2026-02-28","Saturday","wordle",FALSE,NA,NA,"HYDRA"
"2026-03-01","Sunday","daily",FALSE,0,0,NA
"2026-03-01","Sunday","midi",FALSE,0,0,NA
"2026-03-01","Sunday","mini",FALSE,0,0,NA
"2026-03-01","Sunday","wordle",FALSE,NA,NA,"FLUKE"
"2026-03-02","Monday","daily",FALSE,0,0,NA
"2026-03-02","Monday","midi",FALSE,0,0,NA
"2026-03-02","Monday","mini",FALSE,0,0,NA
"2026-03-02","Monday","wordle",FALSE,NA,NA,"SLIME"
"2026-03-03","Tuesday","daily",FALSE,0,0,NA
"2026-03-03","Tuesday","midi",FALSE,0,0,NA
"2026-03-03","Tuesday","mini",FALSE,0,0,NA
"2026-03-03","Tuesday","wordle",FALSE,NA,NA,"LINEN"
"2026-03-04","Wednesday","daily",FALSE,0,0,NA
"2026-03-04","Wednesday","midi",FALSE,0,0,NA
"2026-03-04","Wednesday","mini",FALSE,0,0,NA
"2026-03-04","Wednesday","wordle",FALSE,NA,NA,"THEFT"
"2026-03-05","Thursday","daily",FALSE,0,0,NA
"2026-03-05","Thursday","midi",FALSE,0,0,NA
"2026-03-05","Thursday","mini",FALSE,0,0,NA
"2026-03-05","Thursday","wordle",FALSE,NA,NA,"SHEEP"
"2026-03-06","Friday","daily",FALSE,0,0,NA
"2026-03-06","Friday","midi",FALSE,0,0,NA
"2026-03-06","Friday","mini",FALSE,0,0,NA
"2026-03-06","Friday","wordle",FALSE,NA,NA,"GUNKY"
"2026-03-07","Saturday","daily",FALSE,0,0,NA
"2026-03-07","Saturday","midi",FALSE,0,0,NA
"2026-03-07","Saturday","mini",FALSE,0,0,NA
"2026-03-07","Saturday","wordle",FALSE,NA,NA,"VOGUE"
"2026-03-08","Sunday","daily",FALSE,0,0,NA
"2026-03-08","Sunday","midi",FALSE,0,0,NA
"2026-03-08","Sunday","mini",FALSE,0,0,NA
"2026-03-08","Sunday","wordle",FALSE,NA,NA,"LOBBY"
"2026-03-09","Monday","daily",FALSE,0,0,NA
"2026-03-09","Monday","midi",FALSE,0,0,NA
"2026-03-09","Monday","mini",FALSE,0,0,NA
"2026-03-09","Monday","wordle",FALSE,NA,NA,"HASTY"
"2026-03-10","Tuesday","daily",FALSE,0,0,NA
"2026-03-10","Tuesday","midi",FALSE,0,0,NA
"2026-03-10","Tuesday","mini",FALSE,0,0,NA
"2026-03-10","Tuesday","wordle",FALSE,NA,NA,"SHOAL"
"2026-03-11","Wednesday","daily",FALSE,0,0,NA
"2026-03-11","Wednesday","midi",FALSE,0,0,NA
"2026-03-11","Wednesday","mini",FALSE,0,0,NA
"2026-03-11","Wednesday","wordle",FALSE,NA,NA,"TEDDY"
"2026-03-12","Thursday","daily",FALSE,0,0,NA
"2026-03-12","Thursday","midi",FALSE,0,0,NA
"2026-03-12","Thursday","mini",FALSE,0,0,NA
"2026-03-12","Thursday","wordle",FALSE,NA,NA,"SMELL"
"2026-03-13","Friday","daily",FALSE,0,0,NA
"2026-03-13","Friday","midi",FALSE,0,0,NA
"2026-03-13","Friday","mini",FALSE,0,0,NA
"2026-03-13","Friday","wordle",TRUE,NA,NA,"EATEN"
"2026-03-14","Saturday","daily",FALSE,0,0,NA
"2026-03-14","Saturday","midi",FALSE,0,0,NA
"2026-03-14","Saturday","mini",FALSE,0,0,NA
"2026-03-14","Saturday","wordle",FALSE,NA,NA,"ANKLE"
"2026-03-15","Sunday","daily",TRUE,7,0,NA
"2026-03-15","Sunday","midi",FALSE,0,0,NA
"2026-03-15","Sunday","mini",FALSE,0,0,NA
"2026-03-15","Sunday","wordle",TRUE,NA,NA,"GRADE"
"2026-03-16","Monday","daily",FALSE,0,0,NA
"2026-03-16","Monday","midi",FALSE,0,0,NA
"2026-03-16","Monday","mini",FALSE,0,0,NA
"2026-03-16","Monday","wordle",FALSE,NA,NA,"DRAMA"
"2026-03-17","Tuesday","daily",FALSE,0,0,NA
"2026-03-17","Tuesday","midi",FALSE,0,0,NA
"2026-03-17","Tuesday","mini",FALSE,0,0,NA
"2026-03-17","Tuesday","wordle",FALSE,NA,NA,"CLASP"
"2026-03-18","Wednesday","daily",FALSE,0,0,NA
"2026-03-18","Wednesday","midi",FALSE,0,0,NA
"2026-03-18","Wednesday","mini",FALSE,0,0,NA
"2026-03-18","Wednesday","wordle",FALSE,NA,NA,"AMPLY"
"2026-03-19","Thursday","daily",FALSE,0,0,NA
"2026-03-19","Thursday","midi",FALSE,0,0,NA
"2026-03-19","Thursday","mini",FALSE,0,0,NA
"2026-03-19","Thursday","wordle",FALSE,NA,NA,"REHAB"
"2026-03-20","Friday","daily",FALSE,0,0,NA
"2026-03-20","Friday","midi",FALSE,0,0,NA
"2026-03-20","Friday","mini",FALSE,0,0,NA
"2026-03-20","Friday","wordle",FALSE,NA,NA,"OASIS"
"2026-03-21","Saturday","daily",FALSE,0,0,NA
"2026-03-21","Saturday","midi",FALSE,0,0,NA
"2026-03-21","Saturday","mini",FALSE,0,0,NA
"2026-03-21","Saturday","wordle",FALSE,NA,NA,"SLICK"
"2026-03-22","Sunday","daily",FALSE,0,0,NA
"2026-03-22","Sunday","midi",FALSE,0,0,NA
"2026-03-22","Sunday","mini",FALSE,0,0,NA
"2026-03-22","Sunday","wordle",FALSE,NA,NA,"BASIL"
"2026-03-23","Monday","daily",FALSE,0,0,NA
"2026-03-23","Monday","midi",FALSE,0,0,NA
"2026-03-23","Monday","mini",FALSE,0,0,NA
"2026-03-23","Monday","wordle",FALSE,NA,NA,"SERIF"
"2026-03-24","Tuesday","daily",FALSE,0,0,NA
"2026-03-24","Tuesday","midi",FALSE,0,0,NA
"2026-03-24","Tuesday","mini",FALSE,0,0,NA
"2026-03-24","Tuesday","wordle",FALSE,NA,NA,"BROOD"
"2026-03-25","Wednesday","daily",FALSE,0,0,NA
"2026-03-25","Wednesday","midi",FALSE,0,0,NA
"2026-03-25","Wednesday","mini",FALSE,0,0,NA
"2026-03-25","Wednesday","wordle",FALSE,NA,NA,"WISER"
"2026-03-26","Thursday","daily",FALSE,0,0,NA
"2026-03-26","Thursday","midi",FALSE,0,0,NA
"2026-03-26","Thursday","mini",FALSE,0,0,NA
"2026-03-26","Thursday","wordle",FALSE,NA,NA,"BEFIT"
"2026-03-27","Friday","daily",FALSE,0,0,NA
"2026-03-27","Friday","midi",FALSE,0,0,NA
"2026-03-27","Friday","mini",FALSE,0,0,NA
"2026-03-27","Friday","wordle",FALSE,NA,NA,"IVORY"
"2026-03-28","Saturday","daily",FALSE,0,0,NA
"2026-03-28","Saturday","midi",FALSE,0,0,NA
"2026-03-28","Saturday","mini",FALSE,0,0,NA
"2026-03-28","Saturday","wordle",FALSE,NA,NA,"AFOOT"
"2026-03-29","Sunday","daily",FALSE,0,0,NA
"2026-03-29","Sunday","midi",FALSE,0,0,NA
"2026-03-29","Sunday","mini",FALSE,0,0,NA
"2026-03-29","Sunday","wordle",FALSE,NA,NA,"CHUMP"
"2026-03-30","Monday","daily",FALSE,0,0,NA
"2026-03-30","Monday","midi",FALSE,0,0,NA
"2026-03-30","Monday","mini",FALSE,0,0,NA
"2026-03-30","Monday","wordle",FALSE,NA,NA,"COMET"
"2026-03-31","Tuesday","daily",FALSE,0,0,NA
"2026-03-31","Tuesday","midi",FALSE,0,0,NA
"2026-03-31","Tuesday","mini",FALSE,0,0,NA
"2026-03-31","Tuesday","wordle",FALSE,NA,NA,"SWAMP"
"2026-04-01","Wednesday","daily",FALSE,0,0,NA
"2026-04-01","Wednesday","midi",FALSE,0,0,NA
"2026-04-01","Wednesday","mini",FALSE,0,0,NA
"2026-04-01","Wednesday","wordle",FALSE,NA,NA,"FIZZY"
"2026-04-02","Thursday","daily",FALSE,0,0,NA
"2026-04-02","Thursday","midi",FALSE,0,0,NA
"2026-04-02","Thursday","mini",FALSE,0,0,NA
"2026-04-02","Thursday","wordle",FALSE,NA,NA,"SOBER"
"2026-04-03","Friday","daily",FALSE,0,0,NA
"2026-04-03","Friday","midi",FALSE,0,0,NA
"2026-04-03","Friday","mini",FALSE,0,0,NA
"2026-04-03","Friday","wordle",FALSE,NA,NA,"SINGE"
"2026-04-04","Saturday","daily",FALSE,0,0,NA
"2026-04-04","Saturday","midi",FALSE,0,0,NA
"2026-04-04","Saturday","mini",FALSE,0,0,NA
"2026-04-04","Saturday","wordle",FALSE,NA,NA,"SANDY"
"2026-04-05","Sunday","daily",FALSE,0,0,NA
"2026-04-05","Sunday","midi",FALSE,0,0,NA
"2026-04-05","Sunday","mini",FALSE,0,0,NA
"2026-04-05","Sunday","wordle",FALSE,NA,NA,"ENVOY"
"2026-04-06","Monday","daily",FALSE,0,0,NA
"2026-04-06","Monday","midi",FALSE,0,0,NA
"2026-04-06","Monday","mini",FALSE,0,0,NA
"2026-04-06","Monday","wordle",FALSE,NA,NA,"SWORN"
"2026-04-07","Tuesday","daily",FALSE,0,0,NA
"2026-04-07","Tuesday","midi",FALSE,0,0,NA
"2026-04-07","Tuesday","mini",FALSE,0,0,NA
"2026-04-07","Tuesday","wordle",FALSE,NA,NA,"DENSE"
"2026-04-08","Wednesday","daily",FALSE,0,0,NA
"2026-04-08","Wednesday","midi",FALSE,0,0,NA
"2026-04-08","Wednesday","mini",FALSE,0,0,NA
"2026-04-08","Wednesday","wordle",FALSE,NA,NA,"INLET"
"2026-04-09","Thursday","daily",FALSE,0,0,NA
"2026-04-09","Thursday","midi",FALSE,0,0,NA
"2026-04-09","Thursday","mini",FALSE,0,0,NA
"2026-04-09","Thursday","wordle",TRUE,NA,NA,"LADEN"
"2026-04-10","Friday","daily",FALSE,0,0,NA
"2026-04-10","Friday","midi",FALSE,0,0,NA
"2026-04-10","Friday","mini",FALSE,0,0,NA
"2026-04-10","Friday","wordle",FALSE,NA,NA,"CAROM"
"2026-04-11","Saturday","daily",FALSE,0,0,NA
"2026-04-11","Saturday","midi",FALSE,0,0,NA
"2026-04-11","Saturday","mini",FALSE,0,0,NA
"2026-04-11","Saturday","wordle",FALSE,NA,NA,"PRUDE"
"2026-04-12","Sunday","daily",FALSE,0,0,NA
"2026-04-12","Sunday","midi",FALSE,0,0,NA
"2026-04-12","Sunday","mini",FALSE,0,0,NA
"2026-04-12","Sunday","wordle",FALSE,NA,NA,"ALLEY"
"2026-04-13","Monday","daily",FALSE,0,0,NA
"2026-04-13","Monday","midi",FALSE,0,0,NA
"2026-04-13","Monday","mini",FALSE,0,0,NA
"2026-04-13","Monday","wordle",FALSE,NA,NA,"ELFIN"
"2026-04-14","Tuesday","daily",FALSE,0,0,NA
"2026-04-14","Tuesday","midi",FALSE,0,0,NA
"2026-04-14","Tuesday","mini",FALSE,0,0,NA
"2026-04-14","Tuesday","wordle",FALSE,NA,NA,"CYCLE"
"2026-04-15","Wednesday","daily",FALSE,0,0,NA
"2026-04-15","Wednesday","midi",FALSE,0,0,NA
"2026-04-15","Wednesday","mini",FALSE,0,0,NA
"2026-04-15","Wednesday","wordle",FALSE,NA,NA,"BEGUN"
"2026-04-16","Thursday","daily",FALSE,0,0,NA
"2026-04-16","Thursday","midi",FALSE,0,0,NA
"2026-04-16","Thursday","mini",FALSE,0,0,NA
"2026-04-16","Thursday","wordle",FALSE,NA,NA,"CUBIT"
"2026-04-17","Friday","daily",FALSE,0,0,NA
"2026-04-17","Friday","midi",FALSE,0,0,NA
"2026-04-17","Friday","mini",FALSE,0,0,NA
"2026-04-17","Friday","wordle",FALSE,NA,NA,"BELLE"
"2026-04-18","Saturday","daily",FALSE,0,0,NA
"2026-04-18","Saturday","midi",FALSE,0,0,NA
"2026-04-18","Saturday","mini",FALSE,0,0,NA
"2026-04-18","Saturday","wordle",FALSE,NA,NA,"TOADY"
"2026-04-19","Sunday","daily",TRUE,12,0,NA
"2026-04-19","Sunday","midi",FALSE,0,0,NA
"2026-04-19","Sunday","mini",FALSE,0,0,NA
"2026-04-19","Sunday","wordle",FALSE,NA,NA,"STAND"
"2026-04-20","Monday","daily",FALSE,0,0,NA
"2026-04-20","Monday","midi",FALSE,0,0,NA
"2026-04-20","Monday","mini",FALSE,0,0,NA
"2026-04-20","Monday","wordle",TRUE,NA,NA,"WEAVE"
"2026-04-21","Tuesday","daily",FALSE,0,0,NA
"2026-04-21","Tuesday","midi",FALSE,0,0,NA
"2026-04-21","Tuesday","mini",FALSE,0,0,NA
"2026-04-21","Tuesday","wordle",FALSE,NA,NA,"CLUMP"
"2026-04-22","Wednesday","daily",FALSE,0,0,NA
"2026-04-22","Wednesday","midi",FALSE,0,0,NA
"2026-04-22","Wednesday","mini",FALSE,0,0,NA
"2026-04-22","Wednesday","wordle",FALSE,NA,NA,"SNORE"
"2026-04-23","Thursday","daily",FALSE,0,0,NA
"2026-04-23","Thursday","midi",FALSE,0,0,NA
"2026-04-23","Thursday","mini",FALSE,0,0,NA
"2026-04-23","Thursday","wordle",FALSE,NA,NA,"TWEET"
"2026-04-24","Friday","daily",FALSE,0,0,NA
"2026-04-24","Friday","midi",FALSE,0,0,NA
"2026-04-24","Friday","mini",FALSE,0,0,NA
"2026-04-24","Friday","wordle",FALSE,NA,NA,"DRUNK"
"2026-04-25","Saturday","daily",FALSE,0,0,NA
"2026-04-25","Saturday","midi",FALSE,0,0,NA
"2026-04-25","Saturday","mini",FALSE,0,0,NA
"2026-04-25","Saturday","wordle",FALSE,NA,NA,"WOMEN"
"2026-04-26","Sunday","daily",FALSE,0,0,NA
"2026-04-26","Sunday","midi",FALSE,0,0,NA
"2026-04-26","Sunday","mini",FALSE,0,0,NA
"2026-04-26","Sunday","wordle",FALSE,NA,NA,"GLOSS"
"2026-04-27","Monday","daily",FALSE,0,0,NA
"2026-04-27","Monday","midi",FALSE,0,0,NA
"2026-04-27","Monday","mini",FALSE,0,0,NA
"2026-04-27","Monday","wordle",FALSE,NA,NA,"EERIE"
"2026-04-28","Tuesday","daily",FALSE,0,0,NA
"2026-04-28","Tuesday","midi",FALSE,0,0,NA
"2026-04-28","Tuesday","mini",FALSE,0,0,NA
"2026-04-28","Tuesday","wordle",FALSE,NA,NA,"QUACK"
"2026-04-29","Wednesday","daily",FALSE,0,0,NA
"2026-04-29","Wednesday","midi",FALSE,0,0,NA
"2026-04-29","Wednesday","mini",FALSE,0,0,NA
"2026-04-29","Wednesday","wordle",FALSE,NA,NA,"RURAL"
"2026-04-30","Thursday","daily",FALSE,0,0,NA
"2026-04-30","Thursday","midi",FALSE,0,0,NA
"2026-04-30","Thursday","mini",FALSE,0,0,NA
"2026-04-30","Thursday","wordle",FALSE,NA,NA,"CROCK"
"2026-05-01","Friday","daily",FALSE,0,0,NA
"2026-05-01","Friday","midi",FALSE,0,0,NA
"2026-05-01","Friday","mini",FALSE,0,0,NA
"2026-05-01","Friday","wordle",FALSE,NA,NA,"PLUME"
"2026-05-02","Saturday","daily",FALSE,0,0,NA
"2026-05-02","Saturday","midi",FALSE,0,0,NA
"2026-05-02","Saturday","mini",FALSE,0,0,NA
"2026-05-02","Saturday","wordle",FALSE,NA,NA,"BRING"
"2026-05-03","Sunday","daily",FALSE,0,0,NA
"2026-05-03","Sunday","midi",FALSE,0,0,NA
"2026-05-03","Sunday","mini",FALSE,0,0,NA
"2026-05-03","Sunday","wordle",FALSE,NA,NA,"PUFFY"
"2026-05-04","Monday","daily",FALSE,0,0,NA
"2026-05-04","Monday","midi",FALSE,0,0,NA
"2026-05-04","Monday","mini",FALSE,0,0,NA
"2026-05-04","Monday","wordle",FALSE,NA,NA,"RISER"
"2026-05-05","Tuesday","daily",FALSE,0,0,NA
"2026-05-05","Tuesday","midi",FALSE,0,0,NA
"2026-05-05","Tuesday","mini",FALSE,0,0,NA
"2026-05-05","Tuesday","wordle",FALSE,NA,NA,"LATCH"
"2026-05-06","Wednesday","daily",FALSE,0,0,NA
"2026-05-06","Wednesday","midi",FALSE,0,0,NA
"2026-05-06","Wednesday","mini",FALSE,0,0,NA
"2026-05-06","Wednesday","wordle",FALSE,NA,NA,"LIKEN"
"2026-05-07","Thursday","daily",FALSE,0,0,NA
"2026-05-07","Thursday","midi",FALSE,0,0,NA
"2026-05-07","Thursday","mini",FALSE,0,0,NA
"2026-05-07","Thursday","wordle",FALSE,NA,NA,"BUDGE"
"2026-05-08","Friday","daily",FALSE,0,0,NA
"2026-05-08","Friday","midi",FALSE,0,0,NA
"2026-05-08","Friday","mini",FALSE,0,0,NA
"2026-05-08","Friday","wordle",FALSE,NA,NA,"UMBRA"
"2026-05-09","Saturday","daily",FALSE,0,0,NA
"2026-05-09","Saturday","midi",FALSE,0,0,NA
"2026-05-09","Saturday","mini",FALSE,0,0,NA
"2026-05-09","Saturday","wordle",FALSE,NA,NA,"SATIN"
"2026-05-10","Sunday","daily",TRUE,3,0,NA
"2026-05-10","Sunday","midi",FALSE,0,0,NA
"2026-05-10","Sunday","mini",FALSE,0,0,NA
"2026-05-10","Sunday","wordle",FALSE,NA,NA,"PARKA"
"2026-05-11","Monday","daily",FALSE,0,0,NA
"2026-05-11","Monday","midi",FALSE,0,0,NA
"2026-05-11","Monday","mini",FALSE,0,0,NA
"2026-05-11","Monday","wordle",FALSE,NA,NA,"NEWLY"
"2026-05-12","Tuesday","daily",FALSE,0,0,NA
"2026-05-12","Tuesday","midi",FALSE,0,0,NA
"2026-05-12","Tuesday","mini",FALSE,0,0,NA
"2026-05-12","Tuesday","wordle",FALSE,NA,NA,"CLOCK"
"2026-05-13","Wednesday","daily",FALSE,0,0,NA
"2026-05-13","Wednesday","midi",FALSE,0,0,NA
"2026-05-13","Wednesday","mini",FALSE,0,0,NA
"2026-05-13","Wednesday","wordle",FALSE,NA,NA,"DOWDY"
"2026-05-14","Thursday","daily",FALSE,0,0,NA
"2026-05-14","Thursday","midi",FALSE,0,0,NA
"2026-05-14","Thursday","mini",FALSE,0,0,NA
"2026-05-14","Thursday","wordle",TRUE,NA,NA,"WAVER"
"2026-05-15","Friday","daily",FALSE,0,0,NA
"2026-05-15","Friday","midi",FALSE,0,0,NA
"2026-05-15","Friday","mini",FALSE,0,0,NA
"2026-05-15","Friday","wordle",FALSE,NA,NA,"CREED"
"2026-05-16","Saturday","daily",FALSE,0,0,NA
"2026-05-16","Saturday","midi",FALSE,0,0,NA
"2026-05-16","Saturday","mini",FALSE,0,0,NA
"2026-05-16","Saturday","wordle",FALSE,NA,NA,"MOVER"
"2026-05-17","Sunday","daily",FALSE,0,0,NA
"2026-05-17","Sunday","midi",FALSE,0,0,NA
"2026-05-17","Sunday","mini",FALSE,0,0,NA
"2026-05-17","Sunday","wordle",FALSE,NA,NA,"BYLAW"
"2026-05-18","Monday","daily",FALSE,0,0,NA
"2026-05-18","Monday","midi",FALSE,0,0,NA
"2026-05-18","Monday","mini",FALSE,0,0,NA
"2026-05-18","Monday","wordle",FALSE,NA,NA,"LOATH"
"2026-05-19","Tuesday","daily",FALSE,0,0,NA
"2026-05-19","Tuesday","midi",FALSE,0,0,NA
"2026-05-19","Tuesday","mini",FALSE,0,0,NA
"2026-05-19","Tuesday","wordle",FALSE,NA,NA,"DUSTY"
"2026-05-20","Wednesday","daily",FALSE,0,0,NA
"2026-05-20","Wednesday","midi",FALSE,0,0,NA
"2026-05-20","Wednesday","mini",FALSE,0,0,NA
"2026-05-20","Wednesday","wordle",FALSE,NA,NA,"WRECK"
"2026-05-21","Thursday","daily",FALSE,0,0,NA
"2026-05-21","Thursday","midi",FALSE,0,0,NA
"2026-05-21","Thursday","mini",FALSE,0,0,NA
"2026-05-21","Thursday","wordle",FALSE,NA,NA,"AGREE"
"2026-05-22","Friday","daily",FALSE,0,0,NA
"2026-05-22","Friday","midi",FALSE,0,0,NA
"2026-05-22","Friday","mini",FALSE,0,0,NA
"2026-05-22","Friday","wordle",FALSE,NA,NA,"VOCAL"
"2026-05-23","Saturday","daily",FALSE,0,0,NA
"2026-05-23","Saturday","midi",FALSE,0,0,NA
"2026-05-23","Saturday","mini",FALSE,0,0,NA
"2026-05-23","Saturday","wordle",FALSE,NA,NA,"CHUCK"
"2026-05-24","Sunday","daily",FALSE,0,0,NA
"2026-05-24","Sunday","midi",FALSE,0,0,NA
"2026-05-24","Sunday","mini",FALSE,0,0,NA
"2026-05-24","Sunday","wordle",FALSE,NA,NA,"NIECE"
"2026-05-25","Monday","daily",FALSE,0,0,NA
"2026-05-25","Monday","midi",FALSE,0,0,NA
"2026-05-25","Monday","mini",FALSE,0,0,NA
"2026-05-25","Monday","wordle",FALSE,NA,NA,"VISIT"
"2026-05-26","Tuesday","daily",FALSE,0,0,NA
"2026-05-26","Tuesday","midi",FALSE,0,0,NA
"2026-05-26","Tuesday","mini",FALSE,0,0,NA
"2026-05-26","Tuesday","wordle",FALSE,NA,NA,"COUCH"
"2026-05-27","Wednesday","daily",FALSE,0,0,NA
"2026-05-27","Wednesday","midi",FALSE,0,0,NA
"2026-05-27","Wednesday","mini",FALSE,0,0,NA
"2026-05-27","Wednesday","wordle",FALSE,NA,NA,"STUFF"
"2026-05-28","Thursday","daily",FALSE,0,0,NA
"2026-05-28","Thursday","midi",FALSE,0,0,NA
"2026-05-28","Thursday","mini",FALSE,0,0,NA
"2026-05-28","Thursday","wordle",FALSE,NA,NA,"DIVOT"
"2026-05-29","Friday","daily",FALSE,0,0,NA
"2026-05-29","Friday","midi",FALSE,0,0,NA
"2026-05-29","Friday","mini",FALSE,0,0,NA
"2026-05-29","Friday","wordle",FALSE,NA,NA,"CLANG"
"2026-05-30","Saturday","daily",FALSE,0,0,NA
"2026-05-30","Saturday","midi",FALSE,0,0,NA
"2026-05-30","Saturday","mini",FALSE,0,0,NA
"2026-05-30","Saturday","wordle",FALSE,NA,NA,"SMILE"
"2026-05-31","Sunday","daily",TRUE,1,0,NA
"2026-05-31","Sunday","midi",FALSE,0,0,NA
"2026-05-31","Sunday","mini",FALSE,0,0,NA
"2026-05-31","Sunday","wordle",FALSE,NA,NA,"ETUDE"
"2026-06-01","Monday","daily",FALSE,0,0,NA
"2026-06-01","Monday","midi",FALSE,0,0,NA
"2026-06-01","Monday","mini",FALSE,0,0,NA
"2026-06-01","Monday","wordle",FALSE,NA,NA,"CHILI"
"2026-06-02","Tuesday","daily",FALSE,0,0,NA
"2026-06-02","Tuesday","midi",FALSE,0,0,NA
"2026-06-02","Tuesday","mini",FALSE,0,0,NA
"2026-06-02","Tuesday","wordle",FALSE,NA,NA,"BASIS"
"2026-06-03","Wednesday","daily",FALSE,0,0,NA
"2026-06-03","Wednesday","midi",FALSE,0,0,NA
"2026-06-03","Wednesday","mini",FALSE,0,0,NA
"2026-06-03","Wednesday","wordle",FALSE,NA,NA,"NOTCH"
"2026-06-04","Thursday","daily",TRUE,4,0,NA
"2026-06-04","Thursday","midi",FALSE,0,0,NA
"2026-06-04","Thursday","mini",FALSE,0,0,NA
"2026-06-04","Thursday","wordle",FALSE,NA,NA,"ALLOY"
"2026-06-05","Friday","daily",FALSE,0,0,NA
"2026-06-05","Friday","midi",FALSE,0,0,NA
"2026-06-05","Friday","mini",FALSE,0,0,NA
"2026-06-05","Friday","wordle",FALSE,NA,NA,"NOBLY"
"2026-06-06","Saturday","daily",FALSE,0,0,NA
"2026-06-06","Saturday","midi",FALSE,0,0,NA
"2026-06-06","Saturday","mini",FALSE,0,0,NA
"2026-06-06","Saturday","wordle",FALSE,NA,NA,"MORPH"
"2026-06-07","Sunday","daily",FALSE,0,0,NA
"2026-06-07","Sunday","midi",FALSE,0,0,NA
"2026-06-07","Sunday","mini",FALSE,0,0,NA
"2026-06-07","Sunday","wordle",FALSE,NA,NA,"THUMB"
"2026-06-08","Monday","daily",FALSE,0,0,NA
"2026-06-08","Monday","midi",FALSE,0,0,NA
"2026-06-08","Monday","mini",FALSE,0,0,NA
"2026-06-08","Monday","wordle",FALSE,NA,NA,"MAFIA"
"2026-06-09","Tuesday","daily",FALSE,0,0,NA
"2026-06-09","Tuesday","midi",FALSE,0,0,NA
"2026-06-09","Tuesday","mini",FALSE,0,0,NA
"2026-06-09","Tuesday","wordle",FALSE,NA,NA,"WHARF"
"2026-06-10","Wednesday","daily",FALSE,0,0,NA
"2026-06-10","Wednesday","midi",FALSE,0,1,NA
"2026-06-10","Wednesday","mini",FALSE,0,0,NA
"2026-06-10","Wednesday","wordle",FALSE,NA,NA,"ALIGN"
"2026-06-11","Thursday","daily",FALSE,0,0,NA
"2026-06-11","Thursday","midi",FALSE,0,0,NA
"2026-06-11","Thursday","mini",FALSE,0,0,NA
"2026-06-11","Thursday","wordle",FALSE,NA,NA,"TESTY"
"2026-06-12","Friday","daily",FALSE,0,0,NA
"2026-06-12","Friday","midi",FALSE,0,0,NA
"2026-06-12","Friday","mini",FALSE,0,0,NA
"2026-06-12","Friday","wordle",FALSE,NA,NA,"BREAK"
"2026-06-13","Saturday","daily",FALSE,0,0,NA
"2026-06-13","Saturday","midi",FALSE,0,0,NA
"2026-06-13","Saturday","mini",FALSE,0,0,NA
"2026-06-13","Saturday","wordle",FALSE,NA,NA,"QUELL"
"2026-06-14","Sunday","daily",FALSE,0,0,NA
"2026-06-14","Sunday","midi",FALSE,0,0,NA
"2026-06-14","Sunday","mini",FALSE,0,0,NA
"2026-06-14","Sunday","wordle",FALSE,NA,NA,"SEPIA"
"2026-06-15","Monday","daily",FALSE,0,0,NA
"2026-06-15","Monday","midi",FALSE,0,0,NA
"2026-06-15","Monday","mini",FALSE,0,0,NA
"2026-06-15","Monday","wordle",FALSE,NA,NA,"BROIL"
"2026-06-16","Tuesday","daily",FALSE,0,0,NA
"2026-06-16","Tuesday","midi",FALSE,0,0,NA
"2026-06-16","Tuesday","mini",FALSE,0,0,NA
"2026-06-16","Tuesday","wordle",TRUE,NA,NA,"AMAZE"
"2026-06-17","Wednesday","daily",FALSE,0,0,NA
"2026-06-17","Wednesday","midi",FALSE,0,0,NA
"2026-06-17","Wednesday","mini",FALSE,0,0,NA
"2026-06-17","Wednesday","wordle",FALSE,NA,NA,"TOKEN"
"2026-06-18","Thursday","daily",FALSE,0,0,NA
"2026-06-18","Thursday","midi",FALSE,0,0,NA
"2026-06-18","Thursday","mini",FALSE,0,0,NA
"2026-06-18","Thursday","wordle",FALSE,NA,NA,"ENTRY"
"2026-06-19","Friday","daily",FALSE,0,0,NA
"2026-06-19","Friday","midi",FALSE,0,0,NA
"2026-06-19","Friday","mini",FALSE,0,0,NA
"2026-06-19","Friday","wordle",FALSE,NA,NA,"EMOJI"
"2026-06-20","Saturday","daily",FALSE,0,0,NA
"2026-06-20","Saturday","midi",FALSE,0,0,NA
"2026-06-20","Saturday","mini",FALSE,0,0,NA
"2026-06-20","Saturday","wordle",TRUE,NA,NA,"DRAKE"
"2026-06-21","Sunday","daily",FALSE,0,0,NA
"2026-06-21","Sunday","midi",FALSE,0,0,NA
"2026-06-21","Sunday","mini",FALSE,0,0,NA
"2026-06-21","Sunday","wordle",FALSE,NA,NA,"ALIBI"
"2026-06-22","Monday","daily",FALSE,0,0,NA
"2026-06-22","Monday","midi",FALSE,0,0,NA
"2026-06-22","Monday","mini",FALSE,0,0,NA
"2026-06-22","Monday","wordle",TRUE,NA,NA,"OVATE"
"2026-06-23","Tuesday","daily",FALSE,0,0,NA
"2026-06-23","Tuesday","midi",FALSE,0,0,NA
"2026-06-23","Tuesday","mini",FALSE,0,0,NA
"2026-06-23","Tuesday","wordle",FALSE,NA,NA,"CURRY"
"2026-06-24","Wednesday","daily",FALSE,0,0,NA
"2026-06-24","Wednesday","midi",FALSE,0,0,NA
"2026-06-24","Wednesday","mini",FALSE,0,0,NA
"2026-06-24","Wednesday","wordle",FALSE,NA,NA,"QUEER"
"2026-06-25","Thursday","daily",FALSE,0,0,NA
"2026-06-25","Thursday","midi",FALSE,0,0,NA
"2026-06-25","Thursday","mini",FALSE,0,0,NA
"2026-06-25","Thursday","wordle",FALSE,NA,NA,"UNITY"
"2026-06-26","Friday","daily",FALSE,0,0,NA
"2026-06-26","Friday","midi",FALSE,0,0,NA
"2026-06-26","Friday","mini",FALSE,0,0,NA
"2026-06-26","Friday","wordle",FALSE,NA,NA,"ACUTE"
"2026-06-27","Saturday","daily",FALSE,0,0,NA
"2026-06-27","Saturday","midi",FALSE,0,0,NA
"2026-06-27","Saturday","mini",FALSE,0,0,NA
"2026-06-27","Saturday","wordle",FALSE,NA,NA,"SCOOP"
"2026-06-28","Sunday","daily",FALSE,0,0,NA
"2026-06-28","Sunday","midi",FALSE,0,0,NA
"2026-06-28","Sunday","mini",FALSE,0,0,NA
"2026-06-28","Sunday","wordle",FALSE,NA,NA,"EMCEE"
"2026-06-29","Monday","daily",FALSE,0,0,NA
"2026-06-29","Monday","midi",FALSE,0,0,NA
"2026-06-29","Monday","mini",FALSE,0,0,NA
"2026-06-29","Monday","wordle",FALSE,NA,NA,"CRUDE"
"2026-06-30","Tuesday","daily",FALSE,0,0,NA
"2026-06-30","Tuesday","midi",FALSE,0,0,NA
"2026-06-30","Tuesday","mini",FALSE,0,0,NA
"2026-06-30","Tuesday","wordle",FALSE,NA,NA,"PUPPY"
"2026-07-01","Wednesday","daily",FALSE,0,0,NA
"2026-07-01","Wednesday","midi",FALSE,0,0,NA
"2026-07-01","Wednesday","mini",FALSE,0,0,NA
"2026-07-01","Wednesday","wordle",FALSE,NA,NA,"DEMUR"
"2026-07-02","Thursday","daily",TRUE,13,0,NA
"2026-07-02","Thursday","midi",FALSE,0,0,NA
"2026-07-02","Thursday","mini",FALSE,0,0,NA
"2026-07-02","Thursday","wordle",TRUE,NA,NA,"MAVEN"
"2026-07-03","Friday","daily",FALSE,0,0,NA
"2026-07-03","Friday","midi",FALSE,0,0,NA
"2026-07-03","Friday","mini",FALSE,0,0,NA
"2026-07-03","Friday","wordle",FALSE,NA,NA,"BATON"
"2026-07-04","Saturday","daily",FALSE,0,0,NA
"2026-07-04","Saturday","midi",FALSE,0,0,NA
"2026-07-04","Saturday","mini",FALSE,0,0,NA
"2026-07-04","Saturday","wordle",FALSE,NA,NA,"PIZZA"
"2026-07-05","Sunday","daily",FALSE,0,0,NA
"2026-07-05","Sunday","midi",FALSE,0,0,NA
"2026-07-05","Sunday","mini",FALSE,0,0,NA
"2026-07-05","Sunday","wordle",FALSE,NA,NA,"SWAMI"
"2026-07-06","Monday","daily",FALSE,0,0,NA
"2026-07-06","Monday","midi",FALSE,0,0,NA
"2026-07-06","Monday","mini",FALSE,0,0,NA
"2026-07-06","Monday","wordle",FALSE,NA,NA,"TODDY"
"2026-07-07","Tuesday","daily",FALSE,0,0,NA
"2026-07-07","Tuesday","midi",FALSE,0,0,NA
"2026-07-07","Tuesday","mini",FALSE,0,0,NA
"2026-07-07","Tuesday","wordle",FALSE,NA,NA,"SLING"
"2026-07-08","Wednesday","daily",FALSE,0,0,NA
"2026-07-08","Wednesday","midi",FALSE,0,0,NA
"2026-07-08","Wednesday","mini",FALSE,0,0,NA
"2026-07-08","Wednesday","wordle",FALSE,NA,NA,"DEMON"
"2026-07-09","Thursday","daily",FALSE,0,0,NA
"2026-07-09","Thursday","midi",FALSE,0,0,NA
"2026-07-09","Thursday","mini",FALSE,0,0,NA
"2026-07-09","Thursday","wordle",FALSE,NA,NA,"AMEND"
"2026-07-10","Friday","daily",FALSE,0,0,NA
"2026-07-10","Friday","midi",FALSE,0,0,NA
"2026-07-10","Friday","mini",FALSE,0,0,NA
"2026-07-10","Friday","wordle",FALSE,NA,NA,"CANAL"
"2026-07-11","Saturday","daily",FALSE,0,0,NA
"2026-07-11","Saturday","midi",FALSE,0,0,NA
"2026-07-11","Saturday","mini",FALSE,0,0,NA
"2026-07-11","Saturday","wordle",FALSE,NA,NA,"AVIAN"
"2026-07-12","Sunday","daily",FALSE,0,0,NA
"2026-07-12","Sunday","midi",FALSE,0,0,NA
"2026-07-12","Sunday","mini",FALSE,0,0,NA
"2026-07-12","Sunday","wordle",FALSE,NA,NA,"CLACK"
"2026-07-13","Monday","daily",FALSE,0,0,NA
"2026-07-13","Monday","midi",FALSE,0,0,NA
"2026-07-13","Monday","mini",FALSE,0,0,NA
"2026-07-13","Monday","wordle",FALSE,NA,NA,"STOUT"
"2026-07-14","Tuesday","daily",FALSE,0,0,NA
"2026-07-14","Tuesday","midi",FALSE,0,0,NA
"2026-07-14","Tuesday","mini",FALSE,0,0,NA
"2026-07-14","Tuesday","wordle",FALSE,NA,NA,"STEAK"
"2026-07-15","Wednesday","daily",FALSE,0,0,NA
"2026-07-15","Wednesday","midi",FALSE,0,0,NA
"2026-07-15","Wednesday","mini",FALSE,0,0,NA
"2026-07-15","Wednesday","wordle",FALSE,NA,NA,"PSHAW"
"2026-07-16","Thursday","daily",FALSE,0,0,NA
"2026-07-16","Thursday","midi",FALSE,0,0,NA
"2026-07-16","Thursday","mini",FALSE,0,0,NA
"2026-07-16","Thursday","wordle",FALSE,NA,NA,"BUTTE"
"2026-07-17","Friday","daily",FALSE,0,0,NA
"2026-07-17","Friday","midi",FALSE,0,0,NA
"2026-07-17","Friday","mini",FALSE,0,0,NA
"2026-07-17","Friday","wordle",FALSE,NA,NA,"LEGAL"
"2026-07-18","Saturday","daily",FALSE,0,0,NA
"2026-07-18","Saturday","midi",FALSE,0,0,NA
"2026-07-18","Saturday","mini",FALSE,0,0,NA
"2026-07-18","Saturday","wordle",FALSE,NA,NA,"BOOTH"
"2026-07-19","Sunday","daily",FALSE,0,0,NA
"2026-07-19","Sunday","midi",FALSE,0,0,NA
"2026-07-19","Sunday","mini",FALSE,0,0,NA
"2026-07-19","Sunday","wordle",FALSE,NA,NA,"CHURN"
"2026-07-20","Monday","daily",FALSE,0,0,NA
"2026-07-20","Monday","midi",FALSE,0,0,NA
"2026-07-20","Monday","mini",FALSE,0,0,NA
"2026-07-20","Monday","wordle",FALSE,NA,NA,"DIVER"
"2026-07-21","Tuesday","daily",FALSE,0,0,NA
"2026-07-21","Tuesday","midi",FALSE,0,0,NA
"2026-07-21","Tuesday","mini",FALSE,0,0,NA
"2026-07-21","Tuesday","wordle",FALSE,NA,NA,"SHILL"
"2026-07-22","Wednesday","daily",TRUE,1,0,NA
"2026-07-22","Wednesday","midi",FALSE,0,0,NA
"2026-07-22","Wednesday","mini",FALSE,0,0,NA
"2026-07-22","Wednesday","wordle",FALSE,NA,NA,"LORRY"
"2026-07-23","Thursday","daily",FALSE,0,0,NA
"2026-07-23","Thursday","midi",FALSE,0,0,NA
"2026-07-23","Thursday","mini",FALSE,0,0,NA
"2026-07-23","Thursday","wordle",FALSE,NA,NA,"ORBIT"
"2026-07-24","Friday","daily",FALSE,0,0,NA
"2026-07-24","Friday","midi",FALSE,0,0,NA
"2026-07-24","Friday","mini",FALSE,0,0,NA
"2026-07-24","Friday","wordle",FALSE,NA,NA,"PUTTY"
"2026-07-25","Saturday","daily",FALSE,0,0,NA
"2026-07-25","Saturday","midi",FALSE,0,0,NA
"2026-07-25","Saturday","mini",FALSE,0,0,NA
"2026-07-25","Saturday","wordle",FALSE,NA,NA,"ALOHA"
"2026-07-26","Sunday","daily",FALSE,0,0,NA
"2026-07-26","Sunday","midi",FALSE,0,0,NA
"2026-07-26","Sunday","mini",FALSE,0,0,NA
"2026-07-26","Sunday","wordle",TRUE,NA,NA,"GRAPE"
"2026-07-27","Monday","daily",FALSE,0,0,NA
"2026-07-27","Monday","midi",FALSE,0,0,NA
"2026-07-27","Monday","mini",FALSE,0,0,NA
"2026-07-27","Monday","wordle",FALSE,NA,NA,"POSER"
"2026-07-28","Tuesday","daily",FALSE,0,0,NA
"2026-07-28","Tuesday","midi",FALSE,0,0,NA
"2026-07-28","Tuesday","mini",FALSE,0,0,NA
"2026-07-28","Tuesday","wordle",FALSE,NA,NA,"SONAR"
"2026-07-29","Wednesday","daily",FALSE,0,0,NA
"2026-07-29","Wednesday","midi",FALSE,0,0,NA
"2026-07-29","Wednesday","mini",FALSE,0,0,NA
"2026-07-29","Wednesday","wordle",FALSE,NA,NA,"VALVE"
"2026-07-30","Thursday","daily",FALSE,0,0,NA
"2026-07-30","Thursday","midi",FALSE,0,0,NA
"2026-07-30","Thursday","mini",FALSE,0,0,NA
"2026-07-30","Thursday","wordle",FALSE,NA,NA,"FLUME"
"2026-07-31","Friday","daily",FALSE,0,0,NA
"2026-07-31","Friday","midi",FALSE,0,0,NA
"2026-07-31","Friday","mini",FALSE,0,0,NA
"2026-07-31","Friday","wordle",FALSE,NA,NA,"PURSE"
"2026-08-01","Saturday","daily",FALSE,0,0,NA
"2026-08-01","Saturday","midi",FALSE,0,0,NA
"2026-08-01","Saturday","mini",FALSE,0,0,NA
"2026-08-01","Saturday","wordle",FALSE,NA,NA,"SLUSH"
"2026-08-02","Sunday","daily",FALSE,0,0,NA
"2026-08-02","Sunday","midi",FALSE,0,0,NA
"2026-08-02","Sunday","mini",FALSE,0,0,NA
"2026-08-02","Sunday","wordle",FALSE,NA,NA,"PENAL"
"2026-08-03","Monday","daily",FALSE,0,0,NA
"2026-08-03","Monday","midi",FALSE,0,0,NA
"2026-08-03","Monday","mini",FALSE,0,0,NA
"2026-08-03","Monday","wordle",FALSE,NA,NA,"REPLY"
"2026-08-04","Tuesday","daily",FALSE,0,0,NA
"2026-08-04","Tuesday","midi",FALSE,0,0,NA
"2026-08-04","Tuesday","mini",FALSE,0,0,NA
"2026-08-04","Tuesday","wordle",FALSE,NA,NA,"MOTIF"
"2026-08-05","Wednesday","daily",FALSE,0,0,NA
"2026-08-05","Wednesday","midi",FALSE,0,0,NA
"2026-08-05","Wednesday","mini",FALSE,0,0,NA
"2026-08-05","Wednesday","wordle",FALSE,NA,NA,"POSIT"
"2026-08-06","Thursday","daily",TRUE,3,0,NA
"2026-08-06","Thursday","midi",FALSE,0,0,NA
"2026-08-06","Thursday","mini",FALSE,0,0,NA
"2026-08-06","Thursday","wordle",FALSE,NA,NA,"GRIPE"
"2026-08-07","Friday","daily",FALSE,0,0,NA
"2026-08-07","Friday","midi",FALSE,0,0,NA
"2026-08-07","Friday","mini",FALSE,0,0,NA
"2026-08-07","Friday","wordle",FALSE,NA,NA,"FEIGN"
"2026-08-08","Saturday","daily",FALSE,0,0,NA
"2026-08-08","Saturday","midi",FALSE,0,0,NA
"2026-08-08","Saturday","mini",FALSE,0,0,NA
"2026-08-08","Saturday","wordle",FALSE,NA,NA,"PRIVY"
"2026-08-09","Sunday","daily",FALSE,0,0,NA
"2026-08-09","Sunday","midi",FALSE,0,0,NA
"2026-08-09","Sunday","mini",FALSE,0,0,NA
"2026-08-09","Sunday","wordle",FALSE,NA,NA,"CLUNK"
"2026-08-10","Monday","daily",FALSE,0,0,NA
"2026-08-10","Monday","midi",FALSE,0,0,NA
"2026-08-10","Monday","mini",FALSE,0,0,NA
"2026-08-10","Monday","wordle",FALSE,NA,NA,"SNIPE"
"2026-08-11","Tuesday","daily",FALSE,0,0,NA
"2026-08-11","Tuesday","midi",FALSE,0,0,NA
"2026-08-11","Tuesday","mini",FALSE,0,0,NA
"2026-08-11","Tuesday","wordle",FALSE,NA,NA,"FENCE"
"2026-08-12","Wednesday","daily",FALSE,0,0,NA
"2026-08-12","Wednesday","midi",FALSE,0,0,NA
"2026-08-12","Wednesday","mini",FALSE,0,0,NA
"2026-08-12","Wednesday","wordle",FALSE,NA,NA,"WIMPY"
"2026-08-13","Thursday","daily",FALSE,0,0,NA
"2026-08-13","Thursday","midi",FALSE,0,0,NA
"2026-08-13","Thursday","mini",FALSE,0,0,NA
"2026-08-13","Thursday","wordle",FALSE,NA,NA,"CRASH"
"2026-08-14","Friday","daily",FALSE,0,0,NA
"2026-08-14","Friday","midi",FALSE,0,0,NA
"2026-08-14","Friday","mini",FALSE,0,0,NA
"2026-08-14","Friday","wordle",FALSE,NA,NA,"GEODE"
"2026-08-15","Saturday","daily",FALSE,0,0,NA
"2026-08-15","Saturday","midi",FALSE,0,0,NA
"2026-08-15","Saturday","mini",FALSE,0,0,NA
"2026-08-15","Saturday","wordle",FALSE,NA,NA,"LOOSE"
"2026-08-16","Sunday","daily",FALSE,0,0,NA
"2026-08-16","Sunday","midi",FALSE,0,0,NA
"2026-08-16","Sunday","mini",FALSE,0,0,NA
"2026-08-16","Sunday","wordle",FALSE,NA,NA,"ASPIC"
"2026-08-17","Monday","daily",FALSE,0,0,NA
"2026-08-17","Monday","midi",FALSE,0,0,NA
"2026-08-17","Monday","mini",FALSE,0,0,NA
"2026-08-17","Monday","wordle",FALSE,NA,NA,"TRIBE"
"2026-08-18","Tuesday","daily",FALSE,0,0,NA
"2026-08-18","Tuesday","midi",FALSE,0,0,NA
"2026-08-18","Tuesday","mini",FALSE,0,0,NA
"2026-08-18","Tuesday","wordle",FALSE,NA,NA,"STRIP"
"2026-08-19","Wednesday","daily",FALSE,0,0,NA
"2026-08-19","Wednesday","midi",FALSE,0,0,NA
"2026-08-19","Wednesday","mini",FALSE,0,0,NA
"2026-08-19","Wednesday","wordle",FALSE,NA,NA,"GRILL"
"2026-08-20","Thursday","daily",FALSE,0,0,NA
"2026-08-20","Thursday","midi",FALSE,0,0,NA
"2026-08-20","Thursday","mini",FALSE,0,0,NA
"2026-08-20","Thursday","wordle",FALSE,NA,NA,"MURKY"
"2026-08-21","Friday","daily",FALSE,0,0,NA
"2026-08-21","Friday","midi",FALSE,0,0,NA
"2026-08-21","Friday","mini",FALSE,0,0,NA
"2026-08-21","Friday","wordle",TRUE,NA,NA,"TRACE"
"2026-08-22","Saturday","daily",FALSE,0,0,NA
"2026-08-22","Saturday","midi",FALSE,0,7,NA
"2026-08-22","Saturday","mini",FALSE,0,0,NA
"2026-08-22","Saturday","wordle",FALSE,NA,NA,"PRAWN"
"2026-08-23","Sunday","daily",TRUE,4,0,NA
"2026-08-23","Sunday","midi",FALSE,0,0,NA
"2026-08-23","Sunday","mini",FALSE,0,0,NA
"2026-08-23","Sunday","wordle",FALSE,NA,NA,"OLDEN"
"2026-08-24","Monday","daily",FALSE,0,0,NA
"2026-08-24","Monday","midi",FALSE,0,0,NA
"2026-08-24","Monday","mini",FALSE,0,0,NA
"2026-08-24","Monday","wordle",FALSE,NA,NA,"RUNNY"
"2026-08-25","Tuesday","daily",FALSE,0,0,NA
"2026-08-25","Tuesday","midi",FALSE,0,0,NA
"2026-08-25","Tuesday","mini",FALSE,0,0,NA
"2026-08-25","Tuesday","wordle",FALSE,NA,NA,"CLICK"
"2026-08-26","Wednesday","daily",FALSE,0,0,NA
"2026-08-26","Wednesday","midi",FALSE,0,0,NA
"2026-08-26","Wednesday","mini",FALSE,0,0,NA
"2026-08-26","Wednesday","wordle",FALSE,NA,NA,"CAPON"
"2026-08-27","Thursday","daily",FALSE,0,0,NA
"2026-08-27","Thursday","midi",FALSE,0,0,NA
"2026-08-27","Thursday","mini",FALSE,0,0,NA
"2026-08-27","Thursday","wordle",FALSE,NA,NA,"UNCUT"
"2026-08-28","Friday","daily",FALSE,0,0,NA
"2026-08-28","Friday","midi",FALSE,0,0,NA
"2026-08-28","Friday","mini",FALSE,0,0,NA
"2026-08-28","Friday","wordle",FALSE,NA,NA,"TWEEN"
"2026-08-29","Saturday","daily",FALSE,0,0,NA
"2026-08-29","Saturday","midi",FALSE,0,0,NA
"2026-08-29","Saturday","mini",FALSE,0,0,NA
"2026-08-29","Saturday","wordle",FALSE,NA,NA,"BLOOD"
"2026-08-30","Sunday","daily",FALSE,0,0,NA
"2026-08-30","Sunday","midi",FALSE,0,0,NA
"2026-08-30","Sunday","mini",FALSE,0,0,NA
"2026-08-30","Sunday","wordle",FALSE,NA,NA,"INTEL"
"2026-08-31","Monday","daily",FALSE,0,0,NA
"2026-08-31","Monday","midi",FALSE,0,0,NA
"2026-08-31","Monday","mini",FALSE,0,0,NA
"2026-08-31","Monday","wordle",FALSE,NA,NA,"MOUND"
"2026-09-01","Tuesday","daily",FALSE,0,0,NA
"2026-09-01","Tuesday","midi",FALSE,0,0,NA
"2026-09-01","Tuesday","mini",FALSE,0,0,NA
"2026-09-01","Tuesday","wordle",FALSE,NA,NA,"REMIX"
"2026-09-02","Wednesday","daily",FALSE,0,0,NA
"2026-09-02","Wednesday","midi",FALSE,0,0,NA
"2026-09-02","Wednesday","mini",FALSE,0,0,NA
"2026-09-02","Wednesday","wordle",FALSE,NA,NA,"RULER"
"2026-09-03","Thursday","daily",FALSE,0,0,NA
"2026-09-03","Thursday","midi",FALSE,0,0,NA
"2026-09-03","Thursday","mini",FALSE,0,0,NA
"2026-09-03","Thursday","wordle",FALSE,NA,NA,"JOIST"
"2026-09-04","Friday","daily",FALSE,0,0,NA
"2026-09-04","Friday","midi",FALSE,0,0,NA
"2026-09-04","Friday","mini",FALSE,0,0,NA
"2026-09-04","Friday","wordle",TRUE,NA,NA,"WAGER"
"2026-09-05","Saturday","daily",FALSE,0,0,NA
"2026-09-05","Saturday","midi",FALSE,0,0,NA
"2026-09-05","Saturday","mini",FALSE,0,0,NA
"2026-09-05","Saturday","wordle",FALSE,NA,NA,"SOUPY"
"2026-09-06","Sunday","daily",FALSE,0,0,NA
"2026-09-06","Sunday","midi",FALSE,0,0,NA
"2026-09-06","Sunday","mini",FALSE,0,0,NA
"2026-09-06","Sunday","wordle",FALSE,NA,NA,"BEIGE"
"2026-09-07","Monday","daily",FALSE,0,0,NA
"2026-09-07","Monday","midi",FALSE,0,0,NA
"2026-09-07","Monday","mini",FALSE,0,0,NA
"2026-09-07","Monday","wordle",FALSE,NA,NA,"BLIND"
"2026-09-08","Tuesday","daily",FALSE,0,0,NA
"2026-09-08","Tuesday","midi",FALSE,0,0,NA
"2026-09-08","Tuesday","mini",FALSE,0,0,NA
"2026-09-08","Tuesday","wordle",FALSE,NA,NA,"LIVEN"
"2026-09-09","Wednesday","daily",FALSE,0,0,NA
"2026-09-09","Wednesday","midi",FALSE,0,0,NA
"2026-09-09","Wednesday","mini",FALSE,0,0,NA
"2026-09-09","Wednesday","wordle",FALSE,NA,NA,"BURST"
"2026-09-10","Thursday","daily",FALSE,0,0,NA
"2026-09-10","Thursday","midi",FALSE,0,0,NA
"2026-09-10","Thursday","mini",FALSE,0,0,NA
"2026-09-10","Thursday","wordle",FALSE,NA,NA,"DRYLY"
"2026-09-11","Friday","daily",FALSE,0,0,NA
"2026-09-11","Friday","midi",FALSE,0,0,NA
"2026-09-11","Friday","mini",FALSE,0,0,NA
"2026-09-11","Friday","wordle",FALSE,NA,NA,"ASTER"
"2026-09-12","Saturday","daily",FALSE,0,0,NA
"2026-09-12","Saturday","midi",FALSE,0,0,NA
"2026-09-12","Saturday","mini",FALSE,0,0,NA
"2026-09-12","Saturday","wordle",FALSE,NA,NA,"NIFTY"
"2026-09-13","Sunday","daily",FALSE,0,0,NA
"2026-09-13","Sunday","midi",FALSE,0,0,NA
"2026-09-13","Sunday","mini",FALSE,0,0,NA
"2026-09-13","Sunday","wordle",FALSE,NA,NA,"FOCUS"
"2026-09-14","Monday","daily",FALSE,0,0,NA
"2026-09-14","Monday","midi",FALSE,0,0,NA
"2026-09-14","Monday","mini",FALSE,0,0,NA
"2026-09-14","Monday","wordle",FALSE,NA,NA,"RINSE"
"2026-09-15","Tuesday","daily",FALSE,0,0,NA
"2026-09-15","Tuesday","midi",FALSE,0,0,NA
"2026-09-15","Tuesday","mini",FALSE,0,0,NA
"2026-09-15","Tuesday","wordle",FALSE,NA,NA,"DEALT"
"2026-09-16","Wednesday","daily",TRUE,7,0,NA
"2026-09-16","Wednesday","midi",FALSE,0,0,NA
"2026-09-16","Wednesday","mini",FALSE,0,0,NA
"2026-09-16","Wednesday","wordle",FALSE,NA,NA,"WISPY"
"2026-09-17","Thursday","daily",FALSE,0,0,NA
"2026-09-17","Thursday","midi",FALSE,0,0,NA
"2026-09-17","Thursday","mini",FALSE,0,0,NA
"2026-09-17","Thursday","wordle",FALSE,NA,NA,"THETA"
"2026-09-18","Friday","daily",FALSE,0,0,NA
"2026-09-18","Friday","midi",FALSE,0,0,NA
"2026-09-18","Friday","mini",FALSE,0,0,NA
"2026-09-18","Friday","wordle",FALSE,NA,NA,"SNOWY"
"2026-09-19","Saturday","daily",FALSE,0,0,NA
"2026-09-19","Saturday","midi",FALSE,0,0,NA
"2026-09-19","Saturday","mini",FALSE,0,0,NA
"2026-09-19","Saturday","wordle",FALSE,NA,NA,NA
